timestamp,Above 45,Above 50,Above 55,Above 60,Above 65,Above 70,Above 72,Above 75,Above 77,Above 80,Above 82,Above 85,Above 90,Above 95
2026-03-03T15:05:00Z,,,,,,,,,,,,,51.00,
2026-03-03T15:20:00Z,,,,,,,,,,,,,33.17,
2026-03-03T15:44:00Z,93.00,93.00,93.00,,,,,,,,,,33.17,
2026-03-03T16:01:00Z,93.00,93.00,93.00,,,,,,,,,,33.17,10.00
2026-03-03T16:58:00Z,93.00,93.00,93.00,,,,,,,,,,43.00,10.00
2026-03-03T17:08:00Z,93.00,93.00,93.00,,,,,86.84,,,,,43.00,10.00
2026-03-03T18:27:00Z,96.00,96.00,93.00,,,,,86.84,,,,,43.00,8.00
2026-03-03T19:23:00Z,96.00,96.00,93.00,,,,,80.83,,,,,43.00,8.00
2026-03-03T20:46:00Z,96.00,96.00,93.00,,,,,80.16,,,,,43.00,8.00
2026-03-03T20:48:00Z,96.00,96.00,93.00,91.00,,,,80.16,,,,,43.00,8.00
2026-03-04T02:29:00Z,96.00,96.00,93.00,91.00,,,,80.16,,,,,36.00,8.00
2026-03-04T03:07:00Z,96.00,96.00,93.00,93.00,,,,80.16,,,,,36.00,8.00
2026-03-04T04:41:00Z,96.00,96.00,93.00,93.00,,,,80.16,,69.00,,,36.00,8.00
2026-03-04T13:04:00Z,96.00,96.00,93.00,93.00,,,,80.16,,69.00,,,44.71,8.00
2026-03-04T16:10:00Z,96.00,96.00,93.00,93.00,,,,80.16,,69.00,,,44.71,11.00
2026-03-05T04:03:00Z,96.00,96.00,93.00,93.00,,,,80.16,,69.00,,,38.00,11.00
2026-03-05T04:34:00Z,96.00,96.00,93.00,93.00,,,,80.16,,69.00,,,36.75,11.00
2026-03-05T07:49:00Z,96.00,96.00,93.00,93.00,,,,80.16,,69.00,,,35.00,11.00
2026-03-05T12:01:00Z,96.00,96.00,93.00,93.00,,,,80.16,,69.00,,,34.00,11.00
2026-03-05T19:36:00Z,96.00,96.00,93.00,93.00,,,,80.16,,69.00,,,34.00,10.00
2026-03-05T21:42:00Z,96.00,96.00,93.00,93.00,,,,80.16,,69.00,,,42.50,10.00
2026-03-06T06:11:00Z,96.00,96.00,93.00,93.00,,,,80.16,,70.00,,,42.50,10.00
2026-03-06T06:46:00Z,96.00,96.00,93.00,93.00,,,,80.16,,70.00,,,42.50,10.00
2026-03-06T06:47:00Z,96.00,96.00,93.00,93.00,,,,80.16,,70.00,,62.00,42.50,10.00
2026-03-06T18:03:00Z,96.00,96.00,93.00,93.00,,,,80.16,,70.00,,53.02,42.50,10.00
2026-03-07T13:50:00Z,96.00,96.00,93.00,93.00,,,,80.16,,70.00,,52.00,42.50,10.00
2026-03-07T15:58:00Z,96.00,96.00,93.00,93.00,,,,84.41,,70.00,,52.00,42.50,10.00
2026-03-07T19:28:00Z,96.00,96.00,93.00,93.00,,,,84.41,,70.00,,52.00,33.00,10.00
2026-03-08T00:24:00Z,96.00,96.00,93.00,93.00,,,,84.41,,65.00,,52.00,33.00,10.00
2026-03-08T03:36:00Z,96.00,96.00,93.00,93.30,,,,84.41,,65.00,,52.00,33.00,10.00
2026-03-08T17:39:00Z,96.00,96.00,93.00,93.30,,,,84.41,,65.00,,52.00,38.24,10.00
2026-03-08T20:54:00Z,96.00,96.00,93.00,93.30,,,,85.00,,65.00,,52.00,38.24,10.00
2026-03-09T02:00:00Z,96.00,96.00,93.00,93.30,,,,83.00,,65.00,,52.00,38.24,10.00
2026-03-09T03:14:00Z,96.00,96.00,93.00,93.30,,,,83.00,,65.00,,59.00,38.24,10.00
2026-03-09T16:37:00Z,96.00,96.00,93.00,93.30,,,,83.00,,65.00,,50.01,38.24,10.00
2026-03-09T17:35:00Z,96.00,96.00,93.00,93.30,,,,83.00,,65.00,,55.00,38.24,10.00
2026-03-09T22:35:00Z,97.00,96.00,93.00,93.30,,,,83.00,,65.00,,55.00,38.24,10.00
2026-03-09T22:51:00Z,97.00,96.00,93.00,93.30,,,,83.00,,70.00,,55.00,38.24,10.00
2026-03-09T23:45:00Z,97.00,96.00,93.00,93.30,,,,83.00,,70.00,,55.00,38.24,10.00
2026-03-10T02:59:00Z,97.00,96.00,93.00,93.30,,,,83.00,,70.00,,48.21,38.24,10.00
2026-03-10T03:00:00Z,97.00,96.00,93.00,93.30,,,,83.00,,70.00,,48.00,38.24,10.00
2026-03-10T06:03:00Z,97.00,96.00,93.00,93.30,,,,83.00,,70.00,,48.00,32.00,10.00
2026-03-10T16:10:00Z,97.00,97.00,93.00,93.30,,,,83.00,,70.00,,48.00,32.00,10.00
2026-03-10T16:11:00Z,97.00,97.00,97.00,93.30,,,,83.00,,70.00,,48.00,32.00,10.00
2026-03-10T19:51:00Z,97.00,97.00,97.00,93.30,,,,78.06,,70.00,,48.00,32.00,10.00
2026-03-10T21:11:00Z,97.00,97.00,97.00,93.30,,,,78.06,,70.00,,48.00,32.00,10.00
2026-03-10T23:12:00Z,97.00,97.00,97.00,93.30,,,,76.00,,70.00,,48.00,32.00,10.00
2026-03-11T01:42:00Z,97.00,97.00,97.00,93.30,,,,76.00,,70.00,,48.00,32.00,10.00
2026-03-11T03:07:00Z,97.00,97.00,97.00,93.30,,,,76.00,,70.00,,55.00,32.00,10.00
2026-03-12T00:53:00Z,97.00,97.00,97.00,93.30,,,,76.00,,70.00,,55.00,29.00,10.00
2026-03-12T00:54:00Z,97.00,97.00,97.00,93.30,,,,76.00,,70.00,,46.61,29.00,10.00
2026-03-12T00:58:00Z,97.00,97.00,97.00,93.30,,,,76.00,,70.00,,44.00,29.00,10.00
2026-03-12T01:08:00Z,97.00,97.00,97.00,93.30,,,,76.00,,59.90,,44.00,29.00,10.00
2026-03-12T14:27:00Z,97.00,97.00,97.00,93.30,,,,76.00,,59.90,,55.00,29.00,10.00
2026-03-12T19:44:00Z,97.00,94.00,97.00,93.30,,,,76.00,,59.90,,55.00,29.00,10.00
2026-03-12T23:37:00Z,97.00,94.00,97.00,93.30,,,,57.32,,59.90,,55.00,29.00,10.00
2026-03-13T00:47:00Z,97.00,94.00,97.00,93.30,,,,57.32,,46.00,,55.00,29.00,10.00
2026-03-13T04:20:00Z,97.00,94.00,97.00,93.30,,67.00,,57.32,,46.00,,55.00,29.00,10.00
2026-03-13T05:16:00Z,97.00,94.00,97.00,93.30,76.00,67.00,,57.32,,46.00,,55.00,29.00,10.00
2026-03-13T12:15:00Z,97.00,94.00,97.00,93.30,76.00,67.00,,57.32,,46.00,,55.00,18.00,10.00
2026-03-13T15:45:00Z,97.00,94.00,97.00,93.30,76.00,67.00,,56.00,,46.00,,55.00,18.00,10.00
2026-03-13T17:21:00Z,97.00,94.00,97.00,93.30,76.00,67.00,,56.00,,46.00,,55.00,18.00,10.00
2026-03-13T17:31:00Z,97.00,94.00,97.00,93.30,76.00,67.00,,56.00,,46.00,,55.00,18.00,10.00
2026-03-13T17:32:00Z,97.00,94.00,97.00,93.30,76.00,67.00,,56.00,,46.00,,55.00,15.00,10.00
2026-03-13T18:49:00Z,97.00,94.00,97.00,93.30,76.00,67.00,,56.00,,46.00,,55.00,15.00,10.00
2026-03-13T22:41:00Z,97.00,94.00,97.00,93.30,76.00,67.00,,56.00,,46.00,,55.00,15.00,10.00
2026-03-14T00:21:00Z,97.00,94.00,97.00,93.30,76.00,67.00,,55.00,,46.00,,55.00,15.00,10.00
2026-03-14T01:23:00Z,97.00,94.00,97.00,93.30,76.00,67.00,,55.00,,46.00,,55.00,15.00,10.00
2026-03-14T02:23:00Z,97.00,94.00,97.00,93.30,76.00,67.00,,55.00,,46.00,,55.00,15.00,7.00
2026-03-14T02:39:00Z,97.00,94.00,97.00,93.30,76.00,67.00,,55.00,,45.00,,55.00,15.00,7.00
2026-03-14T04:02:00Z,97.00,94.00,97.00,93.30,76.00,67.00,,55.00,,45.00,,32.00,15.00,7.00
2026-03-14T04:13:00Z,97.00,94.00,97.00,93.30,76.00,67.00,,56.00,,45.00,,23.00,15.00,7.00
2026-03-14T04:14:00Z,97.00,94.00,97.00,93.30,76.00,67.00,,56.00,,45.00,,23.00,17.00,7.00
2026-03-14T06:39:00Z,97.00,94.00,97.00,93.30,76.00,67.00,,57.18,,45.60,,32.44,17.00,7.00
2026-03-14T06:40:00Z,97.00,94.00,97.00,93.30,76.00,67.00,,57.18,,45.60,,32.44,16.00,7.00
2026-03-14T07:04:00Z,97.00,94.00,97.00,93.30,76.00,67.00,,57.18,,45.60,,24.05,16.00,7.00
2026-03-14T15:38:00Z,97.00,94.00,97.00,93.30,76.00,67.00,,57.18,,46.00,,24.05,16.00,7.00
2026-03-14T16:10:00Z,97.00,94.00,97.00,93.30,76.00,67.00,,56.00,,46.00,,24.05,16.00,7.00
2026-03-14T17:06:00Z,97.00,94.00,97.00,93.30,76.00,67.00,,56.00,,46.00,,24.05,19.73,7.00
2026-03-14T20:52:00Z,97.00,94.00,97.00,93.30,76.00,67.00,,55.00,,46.00,,24.05,19.73,7.00
2026-03-15T02:55:00Z,97.00,94.00,97.00,93.30,76.00,67.00,,55.00,,46.00,,24.05,19.73,3.00
2026-03-15T04:57:00Z,97.00,94.00,97.00,93.30,76.00,67.00,,55.00,,46.00,,24.05,19.73,3.00
2026-03-15T05:03:00Z,97.00,94.00,97.00,93.30,76.00,67.00,,55.00,,46.00,,24.05,18.00,3.00
2026-03-15T07:39:00Z,97.00,93.00,90.00,83.00,76.00,67.00,,55.00,,46.00,,24.05,18.00,3.00
2026-03-15T07:40:00Z,97.00,93.00,90.00,83.00,76.00,67.00,,55.00,,46.00,,24.05,18.00,3.00
2026-03-15T18:09:00Z,96.00,93.00,90.00,83.00,76.00,67.00,,55.00,,46.00,,24.05,18.00,3.00
2026-03-16T03:16:00Z,96.00,93.00,90.00,83.00,76.00,67.00,,55.00,,46.00,,27.38,18.00,3.00
2026-03-16T03:55:00Z,96.00,93.00,90.00,83.00,76.00,67.00,,55.00,,46.00,,27.38,18.00,3.00
2026-03-16T04:11:00Z,96.00,93.00,90.00,83.00,76.00,67.00,,55.00,,46.00,,27.38,18.00,3.00
2026-03-16T04:31:00Z,96.00,93.00,90.00,83.00,76.00,67.00,,55.00,,46.00,,27.38,18.00,3.00
2026-03-16T04:55:00Z,96.00,93.00,90.00,83.00,76.00,67.00,,55.00,,46.00,,27.38,18.00,3.00
2026-03-16T06:15:00Z,96.00,93.00,90.00,83.00,76.00,67.00,,57.00,,46.00,,27.38,18.00,3.00
2026-03-16T06:32:00Z,96.00,93.00,90.00,83.00,76.00,67.00,,57.00,,46.00,,27.38,16.00,3.00
2026-03-16T08:05:00Z,96.00,93.00,90.00,83.00,76.00,67.00,,57.00,,46.00,,27.38,16.00,3.00
2026-03-16T12:38:00Z,96.00,93.00,90.00,83.00,76.00,67.00,,57.00,,45.56,,27.38,16.00,3.00
2026-03-16T15:34:00Z,96.00,93.00,90.00,83.00,76.00,67.00,,57.00,,45.52,,27.38,16.00,3.00
2026-03-16T15:56:00Z,96.00,93.00,90.00,83.00,76.00,67.00,,57.00,,46.00,,27.38,16.00,3.00
2026-03-16T16:23:00Z,96.00,93.00,90.00,83.00,76.00,67.00,,57.00,,46.00,,29.00,16.00,3.00
2026-03-16T17:57:00Z,96.00,93.00,90.00,83.00,76.00,67.00,,57.00,,46.00,,29.00,16.00,3.00
2026-03-16T18:12:00Z,96.00,93.00,90.00,83.00,76.00,67.00,,57.00,,47.00,,29.00,16.00,3.00
2026-03-16T19:26:00Z,96.00,93.00,90.00,83.00,76.00,67.00,,57.00,,47.00,,29.00,16.00,3.00
2026-03-16T19:57:00Z,96.00,93.00,90.00,83.00,76.00,67.00,,57.00,,47.00,,29.00,16.00,3.00
2026-03-16T20:55:00Z,96.00,93.00,90.00,83.00,76.00,67.18,,57.00,,47.00,,29.00,16.00,3.00
2026-03-16T20:56:00Z,96.00,93.00,90.00,83.00,76.00,67.18,,59.00,,46.97,,29.00,16.00,3.00
2026-03-16T21:22:00Z,96.00,93.00,90.00,85.00,76.00,67.18,,59.00,,46.97,,29.00,16.00,3.00
2026-03-16T21:28:00Z,96.00,93.00,90.00,85.00,76.00,67.18,,59.00,,48.00,,29.00,16.00,3.00
2026-03-16T21:35:00Z,96.00,93.00,90.00,77.00,76.00,67.18,,59.00,,48.00,,29.00,16.00,3.00
2026-03-16T22:13:00Z,96.00,93.00,90.00,85.00,76.00,69.00,,59.00,,48.00,,29.00,16.00,3.00
2026-03-16T23:25:00Z,96.00,93.00,90.00,85.00,76.00,69.00,,60.00,,48.00,,29.00,16.00,3.00
2026-03-17T00:43:00Z,96.00,93.00,90.00,85.00,76.00,69.00,,60.00,,50.00,,29.00,17.00,3.00
2026-03-17T00:44:00Z,96.00,93.00,90.00,85.00,76.00,69.00,,60.00,,50.00,,32.59,17.00,3.00
2026-03-17T02:13:00Z,96.00,93.00,90.00,85.00,76.00,69.37,,60.00,,50.00,,32.59,17.00,3.00
2026-03-17T03:01:00Z,96.00,93.00,90.00,85.00,76.00,69.37,,60.00,,49.70,,32.59,17.00,3.00
2026-03-17T04:12:00Z,96.00,93.00,90.00,85.00,76.00,69.37,,60.00,,49.00,,32.59,17.00,3.00
2026-03-17T05:23:00Z,96.00,93.00,90.00,85.00,76.00,69.37,,56.00,,49.00,,32.59,17.00,3.00
2026-03-17T07:47:00Z,96.00,93.00,90.00,85.00,76.00,61.91,,56.00,,49.00,,32.59,17.00,3.00
2026-03-17T14:47:00Z,96.00,93.00,90.00,85.00,76.00,61.91,,56.00,,43.00,,32.59,17.00,3.00
2026-03-17T15:25:00Z,96.00,93.00,90.00,85.00,76.00,61.91,,56.00,,43.00,,32.59,17.00,3.00
2026-03-17T15:50:00Z,96.00,93.00,90.00,85.00,76.00,65.00,,56.00,,43.00,,32.59,17.00,3.00
2026-03-17T16:10:00Z,96.00,93.00,91.38,85.00,76.00,65.00,,56.00,,43.00,,32.59,17.00,3.00
2026-03-17T18:55:00Z,96.00,93.00,91.38,85.00,72.00,65.00,,56.00,,43.00,,32.59,17.00,3.00
2026-03-17T20:45:00Z,96.00,93.00,91.38,85.00,72.00,65.00,,56.00,,46.80,,32.59,17.00,3.00
2026-03-17T21:29:00Z,96.00,93.00,91.38,85.00,72.00,65.00,,56.00,,50.00,,32.59,17.00,3.00
2026-03-17T22:00:00Z,96.00,93.00,91.38,85.00,72.00,65.00,,56.00,,49.00,,32.59,17.00,3.00
2026-03-17T23:20:00Z,96.00,93.00,91.38,85.00,72.00,65.00,,56.00,,49.00,,32.90,17.00,3.00
2026-03-18T01:47:00Z,96.00,93.00,91.38,85.00,72.00,65.00,,56.00,,49.00,,34.85,17.00,3.00
2026-03-18T02:04:00Z,96.00,93.00,91.38,85.00,72.00,65.00,,56.00,,50.45,,34.85,17.00,3.00
2026-03-18T02:43:00Z,96.00,93.00,91.38,85.00,72.00,65.00,,56.00,,42.00,,34.85,17.00,3.00
2026-03-18T06:38:00Z,96.00,93.00,91.38,85.00,72.00,65.00,,54.89,,42.00,,34.85,17.00,3.00
2026-03-18T11:30:00Z,96.00,93.00,91.38,85.00,72.00,65.00,,54.89,,52.00,,34.85,17.00,3.00
2026-03-18T11:45:00Z,96.00,93.00,91.38,85.00,72.00,65.00,,60.62,,52.00,,34.85,17.00,3.00
2026-03-18T14:01:00Z,96.00,93.00,91.38,85.00,72.00,65.00,,64.52,,52.00,,34.85,17.00,3.00
2026-03-18T14:59:00Z,96.00,93.00,91.38,85.00,72.00,65.00,,69.52,,52.00,,34.85,17.00,3.00
2026-03-18T15:45:00Z,96.00,93.00,91.38,85.00,72.00,68.09,,69.52,,52.00,,34.85,17.00,3.00
2026-03-18T17:40:00Z,96.00,93.00,91.38,85.00,72.00,69.00,,69.52,,67.00,,34.85,25.79,3.00
2026-03-18T18:10:00Z,96.00,94.00,91.38,85.00,72.00,69.00,,69.52,,67.00,,34.85,25.79,3.00
2026-03-18T19:06:00Z,96.00,94.00,91.38,85.00,72.00,69.00,,69.52,,67.00,,34.85,28.00,3.00
2026-03-18T23:17:00Z,96.00,94.00,91.38,85.00,72.00,69.00,,69.52,,67.00,,34.85,26.09,3.00
2026-03-18T23:31:00Z,96.00,94.00,91.38,85.00,72.00,69.00,,69.52,,64.93,,34.85,26.09,3.00
2026-03-19T00:17:00Z,96.00,94.00,91.38,85.00,72.00,69.00,,69.52,,64.93,,43.00,26.09,3.00
2026-03-19T00:59:00Z,96.00,94.00,91.38,85.00,72.00,69.00,,69.52,,64.85,,43.00,26.09,3.00
2026-03-19T05:20:00Z,96.00,94.00,91.38,85.00,72.00,69.00,,69.52,,64.85,,50.00,26.09,3.00
2026-03-19T12:38:00Z,96.00,94.00,91.38,85.00,72.00,69.00,,69.52,,64.85,,50.00,26.09,3.00
2026-03-19T14:19:00Z,96.00,94.00,91.38,85.00,72.00,69.00,,78.00,,64.85,,50.00,26.09,3.00
2026-03-19T15:59:00Z,96.00,94.00,91.38,85.00,72.00,69.00,,78.00,,64.85,,50.00,26.09,7.00
2026-03-19T16:55:00Z,96.00,94.00,91.38,85.00,72.00,69.00,,78.00,,66.00,,50.00,26.09,7.00
2026-03-19T18:54:00Z,96.00,94.00,91.38,85.00,72.00,69.00,,78.00,,66.00,,50.00,29.80,7.00
2026-03-19T21:38:00Z,96.00,94.00,91.38,85.00,72.00,69.00,,76.00,,66.00,,50.00,29.80,7.00
2026-03-20T02:42:00Z,96.00,94.00,91.38,85.00,72.00,84.65,,76.00,,66.00,,50.00,29.80,7.00
2026-03-20T09:18:00Z,96.00,97.00,91.38,85.00,72.00,84.65,,76.00,,66.00,,50.00,29.80,7.00
2026-03-20T09:19:00Z,96.00,97.00,98.00,85.00,72.00,84.65,,76.00,,66.00,,50.00,29.80,7.00
2026-03-20T14:31:00Z,96.00,97.00,98.00,85.00,72.00,84.65,,76.00,,66.00,,45.00,29.80,7.00
2026-03-20T14:45:00Z,96.00,97.00,98.00,85.00,72.00,84.65,,76.00,,61.43,,45.00,29.80,7.00
2026-03-20T15:21:00Z,96.00,97.00,98.00,85.00,72.00,84.65,,77.68,,67.63,,45.00,29.80,7.00
2026-03-20T15:22:00Z,96.00,97.00,98.00,85.00,72.00,84.65,,77.68,,67.63,,48.00,29.80,7.00
2026-03-20T15:37:00Z,96.00,97.00,98.00,85.00,72.00,84.65,,77.68,,67.63,,48.00,29.80,7.00
2026-03-20T16:57:00Z,96.00,97.00,98.00,85.00,72.00,84.65,,77.68,,67.63,,48.84,29.80,7.00
2026-03-20T19:28:00Z,96.00,97.00,98.00,85.00,72.00,84.65,,77.68,,61.90,,48.84,29.80,7.00
2026-03-20T19:55:00Z,96.00,97.00,98.00,85.00,72.00,84.65,,77.68,,66.66,,48.84,29.80,7.00
2026-03-20T19:56:00Z,96.00,97.00,98.00,85.00,72.00,84.65,,77.68,,66.66,,49.00,27.82,7.00
2026-03-20T21:08:00Z,96.00,97.00,98.00,85.00,72.00,84.65,,77.68,,66.66,,48.00,27.82,7.00
2026-03-20T23:52:00Z,96.00,97.00,98.00,85.00,72.00,84.65,,77.68,,67.98,,48.00,27.82,7.00
2026-03-21T01:35:00Z,96.00,97.00,98.00,85.00,72.00,84.65,,77.68,,67.98,,46.00,27.82,7.00
2026-03-21T01:57:00Z,96.00,97.00,98.00,85.00,72.00,84.65,,77.68,,63.00,,46.00,27.82,7.00
2026-03-21T03:15:00Z,96.00,97.00,98.00,85.00,72.00,84.65,,77.68,,63.00,,46.00,25.00,7.00
2026-03-21T04:54:00Z,96.00,97.00,98.00,85.00,72.00,84.65,,77.68,,63.00,,46.00,26.00,7.00
2026-03-21T14:28:00Z,96.00,97.00,98.00,85.00,72.00,84.65,,77.68,,63.00,,49.00,26.00,7.00
2026-03-21T16:01:00Z,96.00,97.00,98.00,85.00,72.00,84.65,,77.68,,61.00,,49.00,26.00,7.00
2026-03-21T17:05:00Z,96.00,97.00,98.00,85.00,72.00,84.65,,77.68,,69.00,,49.00,26.00,7.00
2026-03-21T17:43:00Z,96.00,97.00,98.00,85.00,72.00,84.65,,77.68,,69.00,,49.00,26.00,7.00
2026-03-21T20:53:00Z,96.00,97.00,98.00,85.00,72.00,84.65,,77.15,,69.00,,49.00,26.00,7.00
2026-03-21T22:30:00Z,96.00,97.00,98.00,85.00,72.00,84.65,,77.15,,69.00,,49.00,27.00,7.00
2026-03-21T22:41:00Z,96.00,97.00,98.00,85.00,72.00,84.65,,77.15,,68.73,,49.00,27.00,7.00
2026-03-22T03:31:00Z,96.00,97.00,98.00,85.00,72.00,84.65,,77.15,,69.00,,49.00,27.00,7.00
2026-03-22T05:00:00Z,96.00,97.00,98.00,85.00,72.00,84.65,,77.15,,69.00,,52.00,27.00,7.00
2026-03-22T15:53:00Z,96.00,97.00,98.00,85.00,72.00,84.65,,77.15,,69.00,,52.00,27.00,7.00
2026-03-22T16:29:00Z,96.00,97.00,98.00,85.00,72.00,84.65,,77.15,,69.00,,52.00,27.00,7.00
2026-03-22T16:57:00Z,96.00,97.00,98.00,85.00,72.00,84.65,,77.15,,69.00,,53.00,27.00,7.00
2026-03-22T17:34:00Z,96.00,97.00,98.00,85.00,72.00,84.65,,77.15,,68.00,,53.00,27.00,7.00
2026-03-22T19:31:00Z,96.00,97.00,98.00,85.00,72.00,84.65,,77.15,,68.00,,48.45,27.00,7.00
2026-03-22T20:11:00Z,96.00,97.00,98.00,85.00,72.00,84.65,,77.15,,69.00,,48.45,27.00,7.00
2026-03-22T21:10:00Z,96.00,97.00,98.00,85.00,72.00,84.65,,77.15,,70.61,,53.76,27.00,7.00
2026-03-22T23:08:00Z,96.00,97.00,98.00,85.00,72.00,84.65,,77.15,,70.61,,53.76,27.00,11.00
2026-03-23T02:14:00Z,96.00,97.00,98.00,85.00,72.00,84.65,,77.15,,73.00,,53.76,27.00,11.00
2026-03-23T02:30:00Z,96.00,97.00,98.00,85.00,72.00,84.65,,77.15,,73.00,,53.76,27.00,11.00
2026-03-23T02:42:00Z,96.00,97.00,98.00,85.00,72.00,84.65,,77.15,,73.00,,53.76,27.00,11.00
2026-03-23T04:03:00Z,96.00,97.00,98.00,85.00,72.00,84.65,,77.15,,69.00,,53.76,27.00,11.00
2026-03-23T04:30:00Z,96.00,97.00,98.00,85.00,72.00,84.65,,77.15,,68.00,,53.76,24.98,11.00
2026-03-23T05:27:00Z,96.00,97.00,98.00,85.00,72.00,84.65,,77.15,,68.00,,53.76,24.00,11.00
2026-03-23T07:48:00Z,96.00,97.00,98.00,85.00,72.00,84.65,,77.15,,68.00,,53.76,25.00,11.00
2026-03-23T14:23:00Z,96.00,97.00,98.00,85.00,72.00,84.65,,77.15,,68.00,,53.76,27.00,11.00
2026-03-23T14:27:00Z,96.00,97.00,98.00,85.00,72.00,84.65,,77.15,,68.00,,53.76,27.00,10.00
2026-03-23T14:48:00Z,96.00,97.00,98.00,85.00,72.00,84.65,,77.15,,68.00,,53.76,27.00,10.00
2026-03-23T16:07:00Z,96.00,97.00,98.00,85.00,72.00,84.65,,77.15,,68.00,,54.25,27.00,10.00
2026-03-23T16:46:00Z,96.00,97.00,98.00,85.00,72.00,84.65,,77.15,,71.00,,54.25,27.00,10.00
2026-03-23T16:55:00Z,96.00,97.00,98.00,85.00,72.00,84.65,,77.15,,72.00,,54.25,27.00,10.00
2026-03-23T17:29:00Z,96.00,97.00,98.00,85.00,91.24,84.65,,77.15,,72.00,,54.25,27.00,10.00
2026-03-23T18:32:00Z,96.00,97.00,98.00,85.00,91.24,84.65,,79.00,,72.00,,54.25,27.00,10.00
2026-03-23T21:20:00Z,96.00,97.00,98.00,85.00,91.24,84.65,,79.00,,70.00,,54.25,27.00,10.00
2026-03-23T21:46:00Z,96.00,97.00,98.00,85.00,91.24,84.65,,79.00,,70.00,,54.25,28.00,10.00
2026-03-23T22:20:00Z,96.00,97.00,98.00,85.00,87.00,84.65,,79.00,,70.00,,54.25,28.00,10.00
2026-03-23T22:43:00Z,96.00,97.00,98.00,85.00,87.00,84.65,,79.00,,70.00,,54.25,31.00,10.00
2026-03-23T23:21:00Z,96.00,97.00,98.00,85.00,87.00,84.65,,79.00,,70.00,,55.00,31.00,10.00
2026-03-24T01:00:00Z,96.00,97.00,98.00,85.00,87.00,84.65,,79.00,,72.00,,55.00,26.10,10.00
2026-03-24T01:01:00Z,96.00,97.00,98.00,85.00,87.00,84.65,,79.00,,70.00,,55.00,26.10,10.00
2026-03-24T01:15:00Z,96.00,97.00,98.00,85.00,87.00,84.65,,79.00,,70.00,,55.00,29.00,10.00
2026-03-24T02:16:00Z,96.00,97.00,98.00,85.00,87.00,84.65,,79.00,,70.00,,54.70,29.00,10.00
2026-03-24T02:41:00Z,96.00,97.00,98.00,85.00,87.00,84.65,,79.00,,70.00,,54.70,24.23,10.00
2026-03-24T03:29:00Z,96.00,97.00,98.00,85.00,87.00,84.65,,79.00,,70.00,,52.00,24.23,10.00
2026-03-24T03:34:00Z,96.00,97.00,98.00,85.00,87.00,84.65,,79.00,,71.00,,52.00,24.23,10.00
2026-03-24T03:36:00Z,96.00,97.00,98.00,85.00,87.00,84.65,,79.00,,71.00,,52.00,24.23,10.00
2026-03-24T04:30:00Z,96.00,97.00,98.00,85.00,87.00,84.65,,79.00,,71.00,,52.00,24.23,10.00
2026-03-24T05:02:00Z,96.00,97.00,98.00,85.00,87.00,86.85,,79.00,,71.00,,52.00,24.23,10.00
2026-03-24T05:07:00Z,96.00,97.00,98.00,85.00,87.00,86.85,,79.00,,71.00,,52.00,24.23,10.00
2026-03-24T07:15:00Z,96.00,97.00,98.00,85.00,87.00,86.85,,79.00,,71.00,,52.00,24.23,10.00
2026-03-24T12:51:00Z,96.00,97.00,98.00,85.00,87.00,86.85,,79.00,,71.00,,52.00,24.23,6.00
2026-03-24T14:38:00Z,96.00,97.00,98.00,85.00,87.00,86.85,,79.00,,71.00,,55.00,24.23,6.00
2026-03-24T15:26:00Z,96.00,97.00,98.00,85.00,87.00,86.85,,79.00,,71.00,,55.00,24.23,6.00
2026-03-24T16:36:00Z,96.00,97.00,98.00,85.00,87.00,86.85,,79.00,,71.00,,55.00,24.23,6.00
2026-03-24T16:38:00Z,96.00,97.00,98.00,85.00,87.00,86.85,,79.00,,72.00,,55.00,24.23,6.00
2026-03-24T17:40:00Z,96.00,97.00,98.00,85.00,87.00,86.85,,79.00,,72.00,,55.00,24.23,6.00
2026-03-24T19:18:00Z,96.00,97.00,98.00,85.00,87.00,86.85,,79.00,,72.00,,55.00,28.90,6.00
2026-03-24T19:19:00Z,96.00,97.00,98.00,85.00,87.00,86.85,,79.00,,72.00,,55.00,28.90,9.92
2026-03-24T19:34:00Z,96.00,97.00,98.00,85.00,87.00,86.85,,79.00,,72.00,,55.00,28.71,9.92
2026-03-24T19:54:00Z,96.00,97.00,98.00,85.00,87.00,86.85,,79.00,,72.00,,56.00,29.75,9.92
2026-03-24T19:56:00Z,96.00,97.00,98.00,85.00,87.00,87.00,,79.00,,72.00,,56.00,29.75,9.92
2026-03-24T20:14:00Z,96.00,97.00,98.00,85.00,87.00,87.00,,79.00,,72.00,,56.00,29.75,9.92
2026-03-24T21:25:00Z,96.00,97.00,98.00,85.00,87.00,87.00,,79.00,,72.00,,57.00,29.75,9.92
2026-03-24T21:33:00Z,96.00,97.00,98.00,85.00,87.00,87.00,,79.00,,70.00,,57.00,29.75,9.92
2026-03-24T22:50:00Z,96.00,97.00,98.00,85.00,87.00,87.00,,79.00,,70.00,,57.00,29.75,9.92
2026-03-24T23:06:00Z,96.00,97.00,98.00,85.00,87.00,87.00,,79.00,,70.00,,51.93,29.75,9.92
2026-03-24T23:37:00Z,96.00,97.00,98.00,85.00,87.00,87.00,,79.00,,70.00,,48.51,29.75,9.92
2026-03-25T00:43:00Z,96.00,97.00,98.00,85.00,87.00,87.00,,76.47,,70.00,,48.51,29.75,9.92
2026-03-25T00:47:00Z,96.00,97.00,98.00,85.00,87.00,82.59,,76.47,,70.00,,48.51,29.75,9.92
2026-03-25T00:59:00Z,96.00,97.00,98.00,85.00,87.00,82.59,,76.47,,70.00,,47.51,29.75,9.92
2026-03-25T01:35:00Z,96.00,97.00,98.00,85.00,87.00,82.59,,76.47,,70.00,,47.51,25.63,9.92
2026-03-25T01:48:00Z,96.00,97.00,98.00,85.00,87.00,82.59,,76.47,,70.00,,46.07,25.63,9.92
2026-03-25T02:00:00Z,96.00,97.00,98.00,85.00,87.00,82.59,,76.47,,70.00,,46.07,29.80,9.92
2026-03-25T02:15:00Z,96.00,97.00,98.00,85.00,87.00,82.59,,76.47,,70.00,,52.05,29.80,9.92
2026-03-25T02:20:00Z,96.00,97.00,98.00,85.00,87.00,82.59,,76.47,,71.55,,52.05,29.80,9.92
2026-03-25T02:38:00Z,96.00,97.00,98.00,85.00,87.00,82.59,,76.47,,71.55,,51.45,29.80,9.92
2026-03-25T03:24:00Z,96.00,97.00,98.00,85.00,87.00,82.59,,76.47,,71.55,,52.03,29.80,9.92
2026-03-25T04:06:00Z,96.00,97.00,98.00,85.00,87.00,82.59,,76.47,,70.00,,45.68,29.80,9.92
2026-03-25T04:15:00Z,96.00,97.00,98.00,85.00,87.00,82.59,,76.47,,70.00,,44.27,29.80,9.92
2026-03-25T04:46:00Z,96.00,97.00,98.00,85.00,87.00,82.59,,76.47,,66.82,,44.27,29.80,9.92
2026-03-25T05:00:00Z,96.00,97.00,98.00,85.00,87.00,82.59,,76.47,,66.82,,44.27,26.00,9.92
2026-03-25T05:56:00Z,96.00,97.00,98.00,85.00,87.00,82.59,,76.47,,66.82,,51.00,26.00,9.92
2026-03-25T06:08:00Z,96.00,97.00,98.00,85.00,87.00,82.59,,76.47,,63.00,,51.00,26.00,9.92
2026-03-25T06:34:00Z,96.00,97.00,98.00,85.00,87.00,82.59,,76.47,,63.00,,51.00,26.00,9.92
2026-03-25T06:36:00Z,96.00,97.00,98.00,85.00,87.00,82.59,,75.00,,63.00,,51.00,26.00,9.92
2026-03-25T07:00:00Z,96.00,97.00,98.00,92.00,87.00,82.59,,75.00,,63.00,,51.00,26.00,9.92
2026-03-25T07:01:00Z,96.00,97.00,98.00,92.00,87.00,82.59,,75.00,,63.00,,44.00,26.00,9.92
2026-03-25T07:29:00Z,96.00,97.00,98.00,92.00,87.00,82.59,,75.00,,62.00,,48.97,21.73,9.92
2026-03-25T09:52:00Z,96.00,95.20,98.00,92.00,87.00,82.59,,75.00,,62.00,,48.97,21.73,9.92
2026-03-25T11:14:00Z,96.00,95.20,98.00,92.00,87.00,82.59,,75.00,,62.00,,48.97,20.00,9.92
2026-03-25T11:41:00Z,96.00,95.20,98.00,92.00,87.00,82.59,,75.00,,62.00,,48.97,20.00,9.92
2026-03-25T13:33:00Z,96.00,95.20,98.00,92.00,87.00,82.59,,75.00,,62.00,,37.85,20.00,9.92
2026-03-25T13:56:00Z,96.00,95.20,98.00,92.00,91.00,82.59,,75.00,,62.00,,37.85,20.00,9.92
2026-03-25T14:06:00Z,96.00,95.20,98.00,92.00,91.00,82.59,,75.00,,61.00,,37.85,20.00,9.92
2026-03-25T15:13:00Z,96.00,95.20,98.00,96.00,91.95,87.00,,80.86,,65.26,,44.69,20.00,9.92
2026-03-25T16:00:00Z,96.00,95.20,98.00,96.00,91.95,87.00,,80.86,,60.27,,44.69,20.00,9.92
2026-03-25T16:18:00Z,96.00,95.20,98.00,96.00,91.95,87.00,,80.86,,65.50,,44.69,20.00,9.92
2026-03-25T17:24:00Z,96.00,95.20,98.00,96.00,91.95,87.00,,80.86,,65.50,,40.00,20.00,9.92
2026-03-25T17:39:00Z,96.00,95.20,98.00,96.00,91.95,87.00,,78.16,,65.50,,40.00,20.00,9.92
2026-03-25T17:40:00Z,96.00,95.20,98.00,96.00,91.95,87.00,,78.16,,66.58,,40.00,20.00,9.92
2026-03-25T17:55:00Z,96.00,95.20,98.00,96.00,91.95,87.00,,78.16,,66.58,,40.00,20.00,7.00
2026-03-25T19:09:00Z,96.00,95.20,98.00,96.00,91.95,87.00,,78.16,,63.03,,40.00,20.00,7.00
2026-03-25T19:12:00Z,96.00,95.20,98.00,96.00,91.95,87.00,,78.16,,63.03,,42.00,20.00,7.00
2026-03-25T19:19:00Z,96.00,95.20,98.00,96.00,91.95,87.00,,78.16,,63.03,,40.00,20.00,7.00
2026-03-25T19:31:00Z,96.00,95.20,98.00,96.00,91.95,87.00,,78.16,,65.85,,40.00,20.00,7.00
2026-03-25T19:33:00Z,96.00,95.20,98.00,96.00,86.00,87.00,,78.16,,65.85,,39.21,20.00,7.00
2026-03-25T19:54:00Z,96.00,95.20,98.00,96.00,86.00,87.00,,78.16,,65.85,,39.00,20.00,7.00
2026-03-25T20:37:00Z,96.00,95.20,98.00,96.00,86.00,87.00,,78.16,,65.85,,41.98,20.00,7.00
2026-03-25T22:12:00Z,96.00,95.20,98.00,96.00,86.00,88.00,,78.16,,65.85,,41.98,20.00,7.00
2026-03-25T22:25:00Z,96.00,95.20,98.00,96.00,86.00,88.00,,78.16,,65.85,,41.98,23.64,7.00
2026-03-25T22:48:00Z,96.00,95.20,98.00,96.00,86.00,88.00,,78.16,,64.33,,41.98,23.64,7.00
2026-03-25T23:03:00Z,96.00,95.20,98.00,96.00,86.00,88.00,,78.16,,64.60,,41.98,23.64,7.00
2026-03-25T23:14:00Z,96.00,95.20,98.00,96.00,86.00,88.00,,78.16,,64.60,,39.04,23.64,7.00
2026-03-25T23:16:00Z,96.00,95.20,98.00,96.00,86.00,88.00,,78.16,,64.60,,41.58,23.64,7.00
2026-03-25T23:36:00Z,96.00,95.20,98.00,96.00,86.00,88.00,,78.16,,64.60,,37.66,23.64,7.00
2026-03-26T00:03:00Z,96.00,95.20,98.00,96.00,86.00,88.00,,78.16,,64.60,,37.66,23.87,7.00
2026-03-26T00:23:00Z,96.00,95.20,98.00,96.00,86.00,88.00,,78.16,,64.00,,37.66,23.87,7.00
2026-03-26T01:28:00Z,96.00,95.20,98.00,96.00,86.00,88.00,,78.16,,64.00,,37.66,23.00,7.00
2026-03-26T02:56:00Z,96.00,95.20,98.00,96.00,86.00,88.00,,78.16,,64.00,,42.00,23.00,7.00
2026-03-26T03:01:00Z,96.00,95.20,98.00,96.00,86.00,88.00,,78.16,,64.00,,42.00,23.00,7.00
2026-03-26T03:05:00Z,96.00,95.20,98.00,96.00,86.00,88.00,,78.16,,64.00,,42.00,19.00,7.00
2026-03-26T03:30:00Z,96.00,95.20,98.00,96.00,86.00,88.00,,78.16,,63.00,,42.00,19.00,7.00
2026-03-26T03:52:00Z,96.00,95.20,98.00,96.00,86.00,88.00,,78.16,,63.00,,42.00,19.00,7.00
2026-03-26T04:37:00Z,96.00,95.20,98.00,96.00,86.00,88.00,,78.16,,63.00,,37.03,19.00,7.00
2026-03-26T06:07:00Z,96.00,95.20,98.00,96.00,86.00,88.00,,78.16,,63.00,,41.99,19.00,7.00
2026-03-26T09:06:00Z,96.00,95.20,98.00,96.00,86.00,88.00,,78.16,,63.00,,41.99,19.00,7.00
2026-03-26T09:10:00Z,96.00,95.20,98.00,96.00,86.00,88.00,,78.16,,63.00,,41.99,20.00,7.00
2026-03-26T10:26:00Z,96.00,95.20,98.00,96.00,86.00,88.00,,78.16,,63.00,,41.99,20.00,7.00
2026-03-26T10:32:00Z,96.00,95.20,98.00,96.00,86.00,88.00,,78.16,,63.00,,43.00,20.00,7.00
2026-03-26T14:27:00Z,96.00,95.20,98.00,96.00,86.00,87.00,,80.00,,64.97,,43.00,20.00,7.00
2026-03-26T14:28:00Z,96.00,95.20,98.00,96.00,92.95,90.00,,80.00,,64.97,,43.00,20.00,7.00
2026-03-26T14:29:00Z,96.00,95.20,98.00,95.00,92.95,90.00,,80.00,,64.97,,43.00,20.00,7.00
2026-03-26T14:39:00Z,96.00,95.20,98.00,95.00,92.95,90.00,,80.00,,64.97,,46.75,20.00,7.00
2026-03-26T14:47:00Z,96.00,95.20,98.00,95.00,92.95,90.00,,80.00,,69.00,,46.75,20.00,7.00
2026-03-26T14:57:00Z,96.00,95.20,98.00,95.00,92.95,90.00,,80.00,,69.00,,43.66,20.00,7.00
2026-03-26T15:34:00Z,96.00,95.20,98.00,96.00,92.95,90.00,,80.00,,69.00,,43.66,20.00,7.00
2026-03-26T15:56:00Z,96.00,95.20,98.00,96.00,92.95,90.00,,80.00,,69.00,,43.17,20.00,7.00
2026-03-26T16:40:00Z,96.00,95.20,98.00,96.00,92.95,89.00,,80.00,,69.00,,43.17,20.00,7.00
2026-03-26T16:42:00Z,96.00,95.20,98.00,96.00,92.95,89.00,,80.00,,69.00,,47.00,20.00,7.00
2026-03-26T16:50:00Z,96.00,95.20,98.00,96.00,95.00,89.00,,80.00,,69.00,,47.00,20.00,7.00
2026-03-26T16:51:00Z,96.00,95.20,98.00,96.00,95.00,89.00,,80.00,,69.00,,47.00,20.00,7.00
2026-03-26T17:48:00Z,96.00,95.20,98.00,96.00,95.00,89.00,,80.00,,69.00,,47.00,20.00,7.00
2026-03-26T17:52:00Z,96.00,95.20,98.00,96.00,95.00,89.00,,80.00,,69.00,,47.00,20.00,6.61
2026-03-26T18:09:00Z,96.00,95.20,98.00,96.00,95.00,89.00,,80.00,,68.00,,47.00,20.00,6.61
2026-03-26T18:56:00Z,96.00,95.20,98.00,96.00,95.00,89.00,,80.00,,66.66,,47.00,20.00,6.61
2026-03-26T19:39:00Z,96.00,95.20,98.00,96.00,95.00,89.00,,80.00,,66.66,,47.00,20.00,6.61
2026-03-26T20:29:00Z,96.00,95.20,98.00,96.00,95.00,89.00,,80.00,,66.00,,47.00,20.00,6.61
2026-03-26T21:34:00Z,96.00,95.20,98.00,96.00,95.00,89.00,,80.00,,66.00,,47.00,24.76,6.61
2026-03-26T22:19:00Z,96.00,95.20,98.00,96.00,95.00,89.00,,80.00,,66.00,,47.00,25.00,6.61
2026-03-26T22:28:00Z,96.00,95.20,98.00,96.00,95.00,89.00,,80.00,,66.00,,48.00,25.00,6.61
2026-03-26T22:51:00Z,96.00,95.20,98.00,96.00,95.00,89.00,,80.00,,66.00,,48.00,25.00,6.61
2026-03-26T23:03:00Z,96.00,95.20,98.00,96.00,95.00,89.00,,80.00,,66.00,,48.00,25.00,6.61
2026-03-26T23:25:00Z,96.00,95.20,98.00,96.00,95.00,89.00,,80.00,,66.00,,48.00,25.00,6.61
2026-03-27T00:06:00Z,96.00,95.20,98.00,96.00,95.00,89.00,,80.00,,66.00,,48.00,25.00,6.61
2026-03-27T02:25:00Z,96.00,95.20,98.00,96.00,95.00,89.00,,83.00,,66.00,,48.00,25.00,6.61
2026-03-27T02:50:00Z,96.00,99.00,98.00,96.00,93.00,89.00,,83.00,,66.00,,48.00,25.00,6.61
2026-03-27T03:42:00Z,96.00,99.00,98.00,96.00,93.00,89.00,,83.00,,66.00,,44.00,25.00,6.61
2026-03-27T04:44:00Z,96.00,99.00,98.00,96.00,93.00,89.00,,83.00,,69.00,,44.00,25.00,6.61
2026-03-27T05:01:00Z,96.00,99.00,98.00,96.00,93.00,89.00,,83.00,,69.00,,47.00,25.00,6.61
2026-03-27T06:13:00Z,96.00,99.00,98.00,96.00,93.00,89.00,,83.00,,69.00,,44.00,25.00,6.61
2026-03-27T08:21:00Z,96.00,99.00,98.00,96.00,93.00,89.00,,83.00,,69.00,,48.00,25.00,6.61
2026-03-27T12:10:00Z,96.00,99.00,98.00,96.00,93.00,89.00,,83.00,,69.00,,48.00,25.00,6.61
2026-03-27T12:53:00Z,96.00,99.00,98.00,96.00,93.00,89.00,,83.00,,69.00,,48.00,25.00,6.61
2026-03-27T14:01:00Z,96.00,99.00,98.00,96.00,93.00,89.00,,83.00,,69.00,,48.00,25.00,6.61
2026-03-27T14:06:00Z,96.00,99.00,98.00,96.00,93.00,89.00,,83.00,,69.00,,47.96,25.00,6.61
2026-03-27T14:52:00Z,96.00,99.00,98.00,96.00,93.00,89.00,,83.00,,69.00,,47.96,25.32,6.61
2026-03-27T15:25:00Z,96.00,99.00,98.00,96.00,93.00,89.00,,83.00,,69.00,,47.96,25.32,9.00
2026-03-27T16:25:00Z,96.00,99.00,98.00,96.00,93.00,89.00,,83.00,,69.00,,45.00,25.32,9.00
2026-03-27T16:49:00Z,96.00,99.00,98.00,96.00,93.00,89.00,,83.00,,69.00,,45.00,25.32,6.00
2026-03-27T17:44:00Z,96.00,99.00,98.00,96.00,93.00,89.00,,83.00,,69.00,,45.00,25.32,6.00
2026-03-27T18:46:00Z,96.00,99.00,98.00,96.00,93.00,89.00,,83.00,,69.00,,45.00,25.32,6.00
2026-03-27T18:57:00Z,96.00,99.00,98.00,96.00,93.00,89.00,,83.00,,69.00,,45.00,25.32,6.00
2026-03-27T19:37:00Z,96.00,99.00,98.00,96.00,93.00,89.00,,83.00,,67.00,,45.00,25.32,6.00
2026-03-27T20:31:00Z,96.00,99.00,98.00,96.00,93.00,89.00,,83.00,,67.00,,49.78,25.32,6.00
2026-03-27T20:45:00Z,96.00,99.00,98.00,96.00,93.00,89.00,,83.00,,67.00,,44.00,23.00,6.00
2026-03-27T20:46:00Z,96.00,99.00,98.00,96.00,93.00,89.00,,80.00,,67.00,,44.00,23.00,6.00
2026-03-27T20:47:00Z,96.00,99.00,98.00,96.00,93.00,88.00,,80.00,,67.00,,44.00,23.00,6.00
2026-03-27T21:19:00Z,96.00,99.00,98.00,96.00,93.00,88.00,,80.00,,67.00,,44.00,23.00,6.00
2026-03-27T22:28:00Z,96.00,99.00,98.00,96.00,93.00,88.00,,80.00,,69.00,,44.00,23.00,6.00
2026-03-27T22:31:00Z,96.00,99.00,98.00,96.00,93.00,88.00,,80.00,,69.00,,50.00,23.00,6.00
2026-03-27T23:17:00Z,96.00,99.00,98.00,96.00,93.00,88.00,,80.00,,69.00,,50.00,23.00,6.00
2026-03-27T23:18:00Z,96.00,99.00,98.00,96.00,93.00,88.00,,80.00,,69.00,,44.00,23.00,6.00
2026-03-28T01:39:00Z,96.00,99.00,98.00,96.00,93.00,88.00,,80.00,,69.00,,43.00,23.00,6.00
2026-03-28T01:41:00Z,96.00,99.00,98.00,96.00,93.00,88.00,,79.38,,67.00,,43.00,23.00,6.00
2026-03-28T01:42:00Z,96.00,99.00,98.00,96.00,93.00,88.00,,79.38,,67.00,,43.00,23.00,6.00
2026-03-28T01:45:00Z,96.00,99.00,98.00,96.00,93.00,88.00,,79.38,,67.00,,43.00,25.00,6.00
2026-03-28T03:07:00Z,96.00,99.00,98.00,96.00,93.00,88.00,,79.38,,67.00,,43.00,25.00,6.00
2026-03-28T03:21:00Z,96.00,99.00,98.00,96.00,93.00,88.00,,79.38,,67.00,,43.00,25.00,6.00
2026-03-28T03:27:00Z,96.00,99.00,98.00,96.00,93.00,88.00,,79.38,,67.00,,43.00,23.00,6.00
2026-03-28T03:28:00Z,96.00,99.00,98.00,96.00,93.00,88.00,,79.38,,67.00,,43.00,23.00,6.00
2026-03-28T03:58:00Z,96.00,99.00,98.00,96.00,93.00,88.00,,79.38,,69.00,,43.00,23.00,6.00
2026-03-28T04:43:00Z,96.00,99.00,98.00,96.00,93.00,88.00,,79.38,,67.00,,43.00,23.00,6.00
2026-03-28T04:52:00Z,96.00,99.00,98.00,96.00,93.00,88.00,,79.38,,69.00,,43.00,23.00,6.00
2026-03-28T04:53:00Z,96.00,99.00,98.00,96.00,93.00,88.00,,79.38,,69.00,,47.00,23.00,6.00
2026-03-28T06:40:00Z,96.00,99.00,98.00,96.00,93.00,88.00,,79.00,,69.00,,47.00,23.00,6.00
2026-03-28T06:57:00Z,96.00,99.00,98.00,96.00,93.00,88.00,,79.00,,69.00,,47.00,24.85,6.00
2026-03-28T14:12:00Z,96.00,99.00,98.00,96.00,93.00,88.00,,79.00,,69.00,,47.00,24.85,6.00
2026-03-28T14:18:00Z,96.00,99.00,98.00,96.00,93.00,87.22,,79.00,,69.00,,47.00,24.85,6.00
2026-03-28T16:38:00Z,96.00,99.00,98.00,96.00,93.00,89.00,,79.00,,69.00,,47.00,24.85,6.00
2026-03-28T16:42:00Z,96.00,99.00,98.00,96.00,93.00,89.00,,79.00,,69.00,,47.00,22.00,6.00
2026-03-28T16:43:00Z,96.00,99.00,98.00,96.00,93.00,89.00,,79.00,,69.00,,44.00,22.00,6.00
2026-03-28T16:49:00Z,96.00,99.00,98.00,96.00,93.00,89.00,,79.00,,69.00,,43.00,22.00,6.00
2026-03-28T16:52:00Z,96.00,99.00,98.00,96.00,93.00,89.00,,79.00,,69.00,,43.00,22.00,6.00
2026-03-28T17:11:00Z,96.00,99.00,98.00,96.00,93.00,89.00,,79.00,,69.00,,47.00,22.00,6.00
2026-03-28T18:15:00Z,96.00,99.00,98.00,96.00,93.00,89.00,,79.00,,69.00,,44.00,22.00,6.00
2026-03-28T18:48:00Z,96.00,99.00,98.00,96.00,93.00,89.00,,79.00,,69.00,,44.00,24.00,6.00
2026-03-28T19:16:00Z,96.00,99.00,98.00,96.00,93.00,89.00,,79.00,,69.00,,44.00,24.00,6.00
2026-03-28T21:30:00Z,96.00,99.00,98.00,96.00,93.00,89.00,,79.00,,69.00,,44.00,19.50,6.00
2026-03-28T23:01:00Z,96.00,99.00,98.00,96.00,93.00,89.00,,79.00,,69.00,,46.00,19.50,6.00
2026-03-29T02:20:00Z,96.00,99.00,98.00,96.00,93.00,89.00,,79.00,,69.00,,47.00,19.50,6.00
2026-03-29T02:34:00Z,96.00,99.00,98.00,96.00,93.00,86.23,,79.00,,69.00,,47.00,19.50,6.00
2026-03-29T02:57:00Z,96.00,99.00,98.00,96.00,93.00,86.23,,79.00,,69.00,,47.00,19.50,6.00
2026-03-29T03:08:00Z,96.00,99.00,98.00,96.00,93.00,86.23,,79.00,,69.00,,47.00,19.50,6.00
2026-03-29T03:23:00Z,96.00,99.00,98.00,96.00,93.00,86.23,,79.00,,69.00,,43.12,19.50,6.00
2026-03-29T03:42:00Z,96.00,99.00,98.00,96.00,93.00,86.23,,79.00,,69.00,,44.00,19.50,6.00
2026-03-29T05:20:00Z,96.00,99.00,98.00,96.00,93.00,88.14,,79.00,,69.00,,44.00,19.50,6.00
2026-03-29T05:27:00Z,96.00,99.00,98.00,96.00,93.00,94.56,,79.00,,69.00,,44.00,19.50,6.00
2026-03-29T06:39:00Z,96.00,99.00,98.00,96.00,93.00,94.56,,79.00,,69.00,,43.00,19.50,6.00
2026-03-29T13:45:00Z,96.00,99.00,98.00,96.00,93.00,94.56,,79.00,,67.00,,43.00,19.50,6.00
2026-03-29T14:13:00Z,96.00,99.00,98.00,96.00,93.00,94.56,,79.00,,67.00,,41.94,19.50,6.00
2026-03-29T14:32:00Z,96.00,99.00,98.00,96.00,93.00,94.56,,79.00,,67.00,,42.00,19.50,6.00
2026-03-29T15:45:00Z,96.00,99.00,98.00,96.00,93.00,94.56,,79.00,,67.00,,42.00,18.18,6.00
2026-03-29T16:34:00Z,96.00,99.00,98.00,96.00,93.00,94.56,,79.00,,67.00,,42.00,18.18,6.00
2026-03-29T16:53:00Z,96.00,99.00,98.00,96.00,93.00,94.56,,79.00,,67.00,,42.00,18.18,5.00
2026-03-29T17:05:00Z,96.00,99.00,98.00,96.00,93.00,94.56,,81.66,,67.00,,42.00,18.18,5.00
2026-03-29T18:41:00Z,96.00,99.00,98.00,96.00,93.00,94.56,,81.66,,67.00,,42.00,18.18,5.00
2026-03-29T19:20:00Z,96.00,99.00,98.00,96.00,93.00,94.56,,81.66,,67.00,,41.00,18.18,5.00
2026-03-29T20:19:00Z,96.00,99.00,98.00,96.00,93.00,94.56,,81.66,,67.00,,41.00,18.18,5.00
2026-03-29T20:35:00Z,96.00,99.00,98.00,96.00,93.00,94.56,,81.66,,67.00,,41.00,18.18,5.00
2026-03-29T21:10:00Z,96.00,99.00,98.00,96.00,93.00,94.56,,81.66,,67.00,,43.00,18.18,5.00
2026-03-29T21:15:00Z,96.00,99.00,98.00,96.00,93.00,94.56,,81.66,,67.00,,41.00,18.18,5.00
2026-03-29T22:07:00Z,96.00,99.00,98.00,96.00,93.00,94.56,,81.66,,67.00,,46.00,18.18,5.00
2026-03-29T22:34:00Z,96.00,99.00,98.00,96.00,93.00,94.56,,81.66,,67.00,,41.30,18.18,5.00
2026-03-29T23:09:00Z,96.00,99.00,98.00,96.00,93.00,94.56,,81.66,,67.00,,46.00,18.18,5.00
2026-03-30T00:12:00Z,96.00,99.00,98.00,96.00,93.00,94.56,,81.66,,67.00,,48.75,18.18,5.00
2026-03-30T00:53:00Z,96.00,99.00,98.00,96.00,93.00,94.56,,81.66,,67.00,,49.00,18.18,5.00
2026-03-30T00:55:00Z,96.00,99.00,98.00,96.00,93.00,94.56,,81.66,,68.00,,49.00,21.00,5.00
2026-03-30T01:29:00Z,96.00,99.00,98.00,96.00,93.00,94.56,,81.66,,68.00,,43.00,21.00,5.00
2026-03-30T01:30:00Z,96.00,99.00,98.00,96.00,93.00,94.56,,81.66,,68.00,,43.00,21.00,5.00
2026-03-30T02:13:00Z,96.00,99.00,98.00,96.00,93.00,94.56,,81.66,,68.00,,43.00,19.00,5.00
2026-03-30T09:45:00Z,96.00,99.00,98.00,96.00,93.00,94.56,,81.66,,68.00,,43.00,19.00,5.00
2026-03-30T11:52:00Z,96.00,99.00,98.00,96.00,93.00,94.56,,81.66,,68.00,,42.00,19.00,5.00
2026-03-30T11:53:00Z,96.00,99.00,98.00,96.00,93.00,94.56,,81.66,,68.00,,41.00,19.00,5.00
2026-03-30T12:57:00Z,96.00,99.00,98.00,96.00,93.00,94.56,,81.66,,68.81,,41.00,19.00,5.00
2026-03-30T13:02:00Z,96.00,99.00,98.00,96.00,93.00,94.56,,81.66,,68.81,,41.00,19.00,5.00
2026-03-30T13:14:00Z,96.00,99.00,98.00,96.00,93.00,94.56,,81.66,,70.00,,41.00,19.00,5.00
2026-03-30T13:15:00Z,96.00,99.00,98.00,96.00,93.00,94.56,,81.66,,70.00,,44.00,19.00,5.00
2026-03-30T15:15:00Z,96.00,99.00,98.00,96.00,93.00,94.56,,81.66,,70.00,,44.00,19.00,4.00
2026-03-30T15:18:00Z,96.00,99.00,98.00,96.00,93.00,94.56,,80.00,,70.00,,44.00,19.00,4.00
2026-03-30T15:30:00Z,96.00,99.00,98.00,96.00,93.00,94.56,,80.00,,70.00,,44.00,19.00,4.00
2026-03-30T15:35:00Z,96.00,99.00,98.00,96.00,93.00,94.56,,80.00,,70.00,,44.00,19.00,4.00
2026-03-30T15:43:00Z,96.00,99.00,98.00,96.00,93.00,94.56,,80.00,,70.00,,41.09,19.00,4.00
2026-03-30T15:44:00Z,96.00,99.00,98.00,96.00,93.00,94.56,,80.00,,70.00,,42.00,19.00,4.00
2026-03-30T16:11:00Z,96.00,99.00,98.00,96.00,93.00,94.56,,80.00,,70.00,,42.00,19.00,3.18
2026-03-30T16:20:00Z,96.00,99.00,98.00,96.00,93.00,94.56,,80.00,,69.00,,42.00,19.00,3.18
2026-03-30T16:27:00Z,96.00,99.00,98.00,96.00,93.00,94.56,,80.00,,69.00,,42.00,19.00,3.18
2026-03-30T16:28:00Z,96.00,99.00,98.00,96.00,93.00,94.56,,80.00,,69.00,,43.00,19.00,3.18
2026-03-30T16:32:00Z,96.00,99.00,98.00,96.00,93.00,89.00,,80.00,,69.00,,43.00,18.00,3.18
2026-03-30T16:53:00Z,96.00,99.00,98.00,96.00,93.00,89.00,,80.00,,69.00,,43.00,18.00,2.00
2026-03-30T17:11:00Z,96.00,99.00,98.00,96.00,93.00,89.00,,83.15,,69.00,,43.00,18.00,2.00
2026-03-30T17:26:00Z,96.00,99.00,98.00,96.00,93.00,89.00,,83.15,,69.00,,44.00,18.00,2.00
2026-03-30T17:45:00Z,96.00,99.00,98.00,96.00,93.00,89.00,,83.15,,69.00,,44.00,18.00,2.00
2026-03-30T18:05:00Z,96.00,99.00,98.00,96.00,93.00,89.00,,83.15,,70.00,,44.00,18.00,2.00
2026-03-30T18:17:00Z,96.00,99.00,98.00,96.00,93.00,89.00,,83.15,,70.00,,45.00,18.00,2.00
2026-03-30T18:27:00Z,96.00,99.00,98.00,96.00,93.00,89.00,,83.15,,69.67,,45.00,18.00,2.00
2026-03-30T18:33:00Z,96.00,99.00,98.00,96.00,93.00,89.00,,83.15,,69.67,,44.00,18.00,2.00
2026-03-30T18:37:00Z,96.00,99.00,98.00,96.00,93.00,89.00,,83.15,,69.67,,44.00,18.00,2.00
2026-03-30T18:40:00Z,96.00,99.00,98.00,96.00,93.00,89.00,,83.15,,69.00,,44.00,18.00,2.00
2026-03-30T18:41:00Z,96.00,99.00,98.00,96.00,93.00,89.00,,81.00,,69.00,,44.00,18.00,2.00
2026-03-30T18:54:00Z,96.00,99.00,98.00,96.00,93.00,89.00,,82.00,,69.00,,44.00,18.00,2.00
2026-03-30T19:03:00Z,96.00,99.00,98.00,96.00,93.00,89.00,,82.00,,71.62,,44.00,18.00,2.00
2026-03-30T19:04:00Z,96.00,99.00,98.00,96.00,93.00,89.00,,81.00,,70.00,,48.01,18.00,2.00
2026-03-30T19:11:00Z,96.00,99.00,98.00,96.00,93.00,89.00,,81.00,,70.00,,49.00,18.00,2.00
2026-03-30T19:14:00Z,96.00,99.00,98.00,96.00,93.00,89.00,,81.00,,70.00,,50.00,18.00,2.00
2026-03-30T19:19:00Z,96.00,99.00,98.00,96.00,93.00,89.00,,81.00,,70.00,,50.00,18.00,2.00
2026-03-30T19:20:00Z,96.00,99.00,98.00,96.00,93.00,89.00,,81.00,,70.00,,50.00,18.00,2.00
2026-03-30T19:21:00Z,96.00,99.00,98.00,96.00,93.00,89.00,,83.66,,70.00,,50.00,18.00,2.00
2026-03-30T19:22:00Z,96.00,99.00,98.00,96.00,93.00,89.00,,83.66,,70.00,,50.00,18.00,2.00
2026-03-30T19:23:00Z,96.00,99.00,98.00,96.00,93.00,89.00,,83.66,,70.00,,50.00,18.00,2.00
2026-03-30T19:24:00Z,96.00,99.00,98.00,96.00,93.00,89.00,,83.66,,70.00,,50.39,18.00,2.00
2026-03-30T19:25:00Z,96.00,99.00,98.00,96.00,93.00,89.00,,83.66,,70.00,,50.39,18.00,2.00
2026-03-30T19:38:00Z,96.00,99.00,98.00,96.00,94.00,89.00,,83.66,,70.00,,50.39,18.00,2.00
2026-03-30T19:39:00Z,96.00,99.00,98.00,96.00,94.00,89.00,,83.66,,70.00,,50.39,18.00,2.00
2026-03-30T19:46:00Z,96.00,99.00,98.00,96.00,94.00,89.00,,83.66,,70.00,,50.39,18.00,2.00
2026-03-30T20:01:00Z,96.00,99.00,98.00,96.00,94.00,89.00,,82.00,,70.00,,50.39,18.00,2.00
2026-03-30T20:05:00Z,96.00,99.00,98.00,95.00,94.00,89.00,,82.00,,70.00,,50.39,18.00,2.00
2026-03-30T20:06:00Z,96.00,99.00,98.00,95.00,94.00,89.00,,82.00,,70.00,,50.39,18.00,2.00
2026-03-30T20:18:00Z,96.00,99.00,98.00,95.00,94.00,89.00,,82.00,,70.00,,48.00,18.00,2.00
2026-03-30T20:19:00Z,96.00,99.00,98.00,95.00,94.00,89.00,,82.00,,69.00,,44.76,18.00,2.00
2026-03-30T20:20:00Z,96.00,99.00,98.00,95.00,94.00,89.00,,82.00,,69.00,,44.76,18.00,2.00
2026-03-30T20:23:00Z,96.00,99.00,98.00,95.00,94.00,89.00,,82.00,,69.00,,46.00,18.00,2.00
2026-03-30T20:40:00Z,96.00,99.00,98.00,95.00,94.00,89.00,,82.00,,69.00,,46.00,19.00,2.00
2026-03-30T20:45:00Z,96.00,99.00,98.00,95.00,94.00,89.00,,82.00,,69.00,,45.00,19.00,2.00
2026-03-30T20:53:00Z,96.00,99.00,98.00,95.00,94.00,89.00,,82.00,,69.00,,45.00,19.00,2.00
2026-03-30T20:55:00Z,96.00,99.00,98.00,95.00,94.00,89.00,,82.00,,69.00,,45.00,18.00,2.00
2026-03-30T20:58:00Z,96.00,99.00,98.00,95.00,94.00,89.00,,82.00,,69.00,,45.00,18.00,2.00
2026-03-30T21:00:00Z,96.00,99.00,98.00,97.00,94.00,89.00,,82.00,,69.00,,45.00,18.00,2.00
2026-03-30T21:09:00Z,96.00,99.00,98.00,97.00,94.00,89.00,,82.00,,71.00,,45.00,18.00,2.00
2026-03-30T21:16:00Z,96.00,99.00,98.00,97.00,94.00,89.00,,82.00,,72.00,,45.00,19.00,2.00
2026-03-30T21:20:00Z,96.00,99.00,98.00,97.00,94.00,89.00,,82.00,,72.00,,45.00,19.00,2.00
2026-03-30T21:23:00Z,96.00,99.00,98.00,97.00,94.00,89.00,,82.00,,71.00,,45.00,19.00,2.00
2026-03-30T22:00:00Z,96.00,99.00,98.00,97.00,94.00,89.00,,82.00,,71.00,,45.00,19.00,2.00
2026-03-30T22:01:00Z,96.00,99.00,98.00,97.00,93.00,91.00,,81.00,,71.00,,45.00,19.00,2.00
2026-03-30T22:06:00Z,96.00,99.00,98.00,97.00,93.00,91.00,,81.00,,71.00,,45.00,19.00,2.00
2026-03-30T22:25:00Z,96.00,99.00,98.00,97.00,93.00,91.00,,81.00,,72.00,,45.00,19.00,2.00
2026-03-30T22:30:00Z,96.00,99.00,98.00,97.00,94.00,91.00,,81.00,,72.00,,45.00,19.00,2.00
2026-03-30T22:32:00Z,96.00,99.00,98.00,97.00,94.00,91.00,,81.00,,72.00,,47.00,19.00,2.00
2026-03-30T22:57:00Z,96.00,99.00,98.00,97.00,94.00,91.00,,81.00,,72.00,,47.00,19.00,2.00
2026-03-30T23:00:00Z,96.00,99.00,98.00,97.00,94.00,91.00,,81.00,,72.00,,47.00,19.00,2.00
2026-03-30T23:09:00Z,96.00,99.00,98.00,97.00,94.00,91.00,,81.00,,72.00,,47.00,19.00,2.00
2026-03-30T23:12:00Z,96.00,99.00,98.00,95.00,94.00,91.00,,81.00,,72.00,,47.00,19.00,2.00
2026-03-30T23:16:00Z,96.00,99.00,98.00,95.00,94.00,91.00,,81.00,,72.00,,47.00,19.00,2.00
2026-03-30T23:25:00Z,96.00,99.00,98.00,95.00,94.00,91.00,,81.00,,72.00,,47.00,19.00,2.00
2026-03-30T23:49:00Z,96.00,99.00,98.00,95.00,94.00,91.00,,81.00,,72.00,,47.00,19.00,2.00
2026-03-31T00:15:00Z,96.00,99.00,98.00,95.00,94.00,91.00,,81.00,,72.00,,47.00,19.00,2.00
2026-03-31T00:34:00Z,96.00,99.00,98.00,95.00,94.00,91.00,,81.00,,72.00,,47.00,18.00,2.00
2026-03-31T01:33:00Z,96.00,99.00,98.00,95.00,94.00,91.00,,82.00,,72.00,,47.00,18.00,2.00
2026-03-31T01:41:00Z,96.00,99.00,98.00,95.00,94.00,91.00,,82.00,,72.00,,51.08,18.00,2.00
2026-03-31T01:42:00Z,96.00,99.00,98.00,95.00,94.00,91.00,,82.00,,67.24,,51.08,18.00,2.00
2026-03-31T01:57:00Z,96.00,99.00,98.00,95.00,94.00,91.00,,82.00,,67.24,,52.74,18.00,2.00
2026-03-31T01:58:00Z,96.00,99.00,98.00,95.00,94.00,91.00,,82.00,,67.24,,50.00,18.00,2.00
2026-03-31T01:59:00Z,96.00,99.00,98.00,95.00,94.00,91.00,,82.00,,67.24,,50.00,19.91,2.00
2026-03-31T02:00:00Z,96.00,99.00,98.00,97.54,94.79,92.00,,82.00,,67.24,,50.00,19.91,2.00
2026-03-31T02:08:00Z,96.00,99.00,98.00,97.54,94.79,92.00,,82.00,,67.24,,50.00,21.00,2.00
2026-03-31T02:10:00Z,96.00,99.00,98.00,97.54,94.79,92.00,,82.00,,67.24,,50.00,21.00,2.00
2026-03-31T02:15:00Z,96.00,99.00,98.00,97.54,94.79,92.00,,82.00,,67.24,,53.75,21.00,2.00
2026-03-31T02:23:00Z,96.00,99.00,98.00,97.54,94.79,92.00,,82.00,,69.00,,53.75,21.00,2.00
2026-03-31T02:25:00Z,96.00,99.00,98.00,97.54,94.79,92.00,,82.00,,69.00,,53.75,22.00,2.00
2026-03-31T02:26:00Z,96.00,99.00,98.00,97.54,94.79,92.00,,82.00,,70.53,,53.75,22.00,2.00
2026-03-31T02:27:00Z,96.00,99.00,98.00,97.54,94.79,92.00,,82.00,,69.00,,55.84,22.00,2.00
2026-03-31T02:45:00Z,96.00,99.00,98.00,97.54,94.79,92.00,,82.00,,69.00,,51.31,22.00,2.00
2026-03-31T02:46:00Z,96.00,99.00,98.00,97.54,94.79,92.00,,82.00,,69.00,,55.00,22.00,2.00
2026-03-31T02:52:00Z,96.00,99.00,98.00,97.54,94.79,92.00,,82.00,,70.00,,55.00,22.00,2.00
2026-03-31T03:04:00Z,96.00,99.00,98.00,97.54,94.79,92.00,,82.00,,70.00,,54.15,22.00,2.00
2026-03-31T03:20:00Z,96.00,99.00,98.00,97.54,94.79,92.00,,82.00,,70.00,,54.15,22.00,2.00
2026-03-31T03:21:00Z,96.00,99.00,98.00,97.54,94.79,92.00,,82.00,,70.00,,54.15,24.00,4.06
2026-03-31T03:32:00Z,96.00,99.00,98.00,97.54,94.79,92.00,,82.00,,71.00,,54.15,24.00,4.06
2026-03-31T03:43:00Z,96.00,99.00,98.00,97.54,94.79,92.00,,82.00,,71.00,,53.00,24.00,4.06
2026-03-31T04:20:00Z,96.00,99.00,98.00,97.54,96.00,92.00,,82.00,,71.00,,56.00,24.00,4.06
2026-03-31T04:24:00Z,96.00,99.00,98.00,97.54,96.00,92.00,,82.00,,72.00,,56.00,24.00,4.06
2026-03-31T04:33:00Z,96.00,99.00,98.00,97.54,96.00,94.00,,82.00,,72.00,,56.00,24.00,4.06
2026-03-31T04:48:00Z,96.00,99.00,99.00,97.54,96.00,94.00,,82.00,,72.00,,56.00,24.00,4.06
2026-03-31T04:57:00Z,96.00,99.00,99.00,97.54,96.00,94.00,,82.00,,72.00,,56.01,24.00,4.06
2026-03-31T04:58:00Z,96.00,99.00,99.00,97.54,96.00,94.00,,82.00,,71.00,,56.01,24.00,4.06
2026-03-31T04:59:00Z,96.00,99.00,99.00,97.54,96.00,94.00,,82.00,,71.00,,54.05,24.00,4.06
2026-03-31T05:00:00Z,96.00,99.00,99.00,97.54,96.00,94.00,,82.00,,71.00,,54.05,24.00,4.06
2026-03-31T05:03:00Z,96.00,99.00,99.00,97.54,96.00,94.00,,82.00,,71.00,,53.03,24.00,4.06
2026-03-31T05:06:00Z,96.00,99.00,99.00,97.54,96.00,94.00,,82.00,,71.00,,53.03,24.00,4.06
2026-03-31T05:13:00Z,96.00,99.00,99.00,97.54,96.00,94.00,,82.00,,72.60,,53.03,24.00,4.06
2026-03-31T05:32:00Z,96.00,99.00,99.00,97.54,96.00,93.00,,82.00,,72.60,,53.03,24.00,4.06
2026-03-31T05:40:00Z,96.00,99.00,99.00,97.54,96.00,93.00,,82.00,,72.60,,53.03,24.00,8.00
2026-03-31T05:41:00Z,96.00,99.00,99.00,97.54,96.00,93.00,,82.00,,72.60,,52.00,24.00,8.00
2026-03-31T06:09:00Z,96.00,99.00,99.00,97.54,96.00,93.00,,82.00,,72.60,,56.17,24.00,8.00
2026-03-31T06:20:00Z,96.00,99.00,99.00,97.54,96.00,93.00,,82.00,,72.60,,56.17,24.00,9.00
2026-03-31T06:50:00Z,96.00,99.00,99.00,97.54,96.00,93.00,,82.00,,72.60,,56.17,24.00,9.00
2026-03-31T07:20:00Z,96.00,99.00,99.00,97.54,96.00,93.00,,82.00,,72.60,,56.17,24.00,9.00
2026-03-31T07:46:00Z,96.00,99.00,99.00,98.00,95.00,93.00,,82.00,,72.60,,56.17,24.00,9.00
2026-03-31T08:05:00Z,96.00,99.00,99.00,98.00,95.00,93.00,,82.00,,72.60,,51.25,24.00,9.00
2026-03-31T08:19:00Z,96.00,99.00,99.00,98.00,95.00,93.00,,82.00,,74.00,,51.25,24.00,9.00
2026-03-31T08:37:00Z,96.00,99.00,99.00,98.00,95.00,93.00,,82.00,,74.00,,51.25,25.01,8.22
2026-03-31T09:15:00Z,96.00,99.00,99.00,98.00,95.00,93.00,,82.00,,74.00,,51.25,25.01,8.22
2026-03-31T09:30:00Z,96.00,99.00,99.00,98.00,95.00,93.00,,82.00,,74.00,,52.00,25.01,8.22
2026-03-31T10:01:00Z,96.00,99.00,99.00,98.00,95.00,93.00,,82.00,,74.00,,52.00,25.01,8.22
2026-03-31T10:02:00Z,96.00,99.00,99.00,98.00,95.00,93.00,,82.00,,74.00,,52.00,25.01,8.22
2026-03-31T10:05:00Z,96.00,99.00,99.00,99.00,95.00,93.00,,82.00,,74.00,,52.00,25.01,8.22
2026-03-31T10:06:00Z,96.00,99.00,99.00,99.00,95.00,93.00,,82.00,,74.00,,52.00,25.01,8.22
2026-03-31T10:12:00Z,96.00,99.00,99.00,99.00,96.00,93.00,,82.00,,74.00,,52.00,25.01,8.22
2026-03-31T10:13:00Z,96.00,99.00,99.00,99.00,96.00,93.00,,82.00,,74.00,,52.00,25.01,8.22
2026-03-31T10:14:00Z,96.00,99.00,99.00,99.00,96.00,93.00,,82.00,,74.00,,52.00,25.01,8.22
2026-03-31T10:15:00Z,96.00,99.00,99.00,99.00,96.00,93.00,,82.00,,74.00,,52.00,25.01,8.22
2026-03-31T10:16:00Z,96.00,99.00,99.00,99.00,96.00,93.00,,82.00,,74.00,,52.00,25.01,8.00
2026-03-31T10:23:00Z,96.00,99.00,99.00,99.00,96.00,93.00,,82.00,,74.00,,44.80,17.13,8.00
2026-03-31T10:24:00Z,96.00,99.00,99.00,99.00,96.00,93.00,,80.56,,65.01,,44.80,17.13,8.00
2026-03-31T10:26:00Z,96.00,99.00,99.00,99.00,96.00,93.00,,80.56,,65.01,,44.80,17.09,1.36
2026-03-31T10:27:00Z,96.00,99.00,99.00,99.00,96.00,93.00,,80.56,,62.00,,44.80,17.09,1.00
2026-03-31T10:28:00Z,96.00,99.00,99.00,99.00,96.00,93.00,,80.56,,62.00,,44.80,17.09,1.00
2026-03-31T10:29:00Z,96.00,99.00,99.00,99.00,96.00,93.00,,80.56,,62.00,,44.80,17.09,1.00
2026-03-31T10:30:00Z,96.00,99.00,99.00,99.00,96.00,93.00,,80.56,,62.00,,44.80,17.09,1.00
2026-03-31T10:31:00Z,96.00,99.00,99.00,99.00,96.00,93.00,,80.56,,62.00,,44.80,17.09,1.00
2026-03-31T10:32:00Z,96.00,99.00,99.00,99.00,96.00,93.00,,80.56,,62.00,,44.80,17.09,1.00
2026-03-31T10:33:00Z,96.00,99.00,99.00,99.00,96.00,93.00,,80.56,,62.00,,44.80,17.09,1.00
2026-03-31T10:34:00Z,96.00,99.00,99.00,99.00,96.00,93.00,,81.00,,62.00,,44.80,14.00,1.00
2026-03-31T10:35:00Z,96.00,99.00,99.00,99.00,96.00,93.00,,81.00,,62.00,,44.80,14.00,1.00
2026-03-31T10:36:00Z,96.00,99.00,99.00,99.00,96.00,94.00,,81.00,,62.00,,45.00,14.00,1.00
2026-03-31T10:37:00Z,96.00,99.00,99.00,99.00,96.00,94.00,,81.00,,62.00,,45.00,14.00,1.00
2026-03-31T10:38:00Z,96.00,99.00,99.00,99.00,96.00,94.00,,81.00,,62.00,,45.00,14.00,1.00
2026-03-31T10:39:00Z,96.00,99.00,99.00,99.00,96.00,94.00,,81.00,,62.00,,45.00,14.00,1.00
2026-03-31T10:40:00Z,96.00,99.00,99.00,99.00,96.00,94.00,,81.00,,62.00,,45.00,15.00,1.00
2026-03-31T10:41:00Z,96.00,99.00,99.00,99.00,96.00,94.00,,81.00,,62.00,,45.00,15.00,1.00
2026-03-31T10:43:00Z,96.00,99.00,99.00,99.00,96.00,94.00,,81.00,,64.13,,45.87,15.00,1.00
2026-03-31T10:45:00Z,96.00,99.00,99.00,99.00,96.00,94.00,,81.00,,64.13,,47.00,15.00,1.00
2026-03-31T10:49:00Z,96.00,99.00,99.00,99.00,96.00,94.00,,81.00,,64.13,,47.00,13.10,1.00
2026-03-31T10:53:00Z,96.00,99.00,99.00,99.00,96.00,94.00,,81.00,,64.13,,41.00,13.10,1.00
2026-03-31T10:56:00Z,96.00,99.00,99.00,99.00,97.00,94.00,,81.00,,62.98,,37.09,9.53,1.00
2026-03-31T10:57:00Z,96.00,99.00,99.00,99.00,97.00,94.00,,81.00,,62.98,,35.64,9.53,1.00
2026-03-31T11:03:00Z,96.00,99.00,99.00,99.00,97.00,94.00,,81.00,,62.98,,35.64,11.00,1.00
2026-03-31T11:04:00Z,96.00,99.00,99.00,99.00,97.00,94.00,,81.00,,62.98,,35.64,11.00,1.00
2026-03-31T11:05:00Z,96.00,99.00,99.00,99.00,97.00,94.00,,81.00,,62.98,,35.64,11.00,1.00
2026-03-31T11:07:00Z,96.00,99.00,99.00,99.00,98.00,94.00,,81.00,,62.98,,35.64,11.00,1.00
2026-03-31T11:09:00Z,96.00,99.00,99.00,99.00,98.00,96.00,,81.43,,62.98,,35.64,11.00,1.00
2026-03-31T11:21:00Z,96.00,99.00,99.00,99.00,98.00,96.00,,81.43,,62.98,,35.64,11.00,1.00
2026-03-31T11:22:00Z,96.00,99.00,99.00,99.00,98.00,96.00,,81.43,,62.98,,35.64,11.00,1.00
2026-03-31T11:23:00Z,96.00,99.00,99.00,99.00,98.00,96.00,,81.43,,62.98,,35.64,11.00,1.00
2026-03-31T11:24:00Z,96.00,99.00,99.00,99.00,98.00,96.00,,82.00,,62.98,,35.64,11.00,1.00
2026-03-31T11:28:00Z,96.00,99.00,99.00,99.00,98.00,96.00,,82.00,,62.98,,35.64,11.00,1.00
2026-03-31T11:29:00Z,96.00,99.00,99.00,99.00,98.00,96.00,,82.00,,62.98,,36.00,11.00,1.00
2026-03-31T11:30:00Z,96.00,99.00,99.00,99.00,98.00,96.00,,82.00,,62.98,,35.97,11.00,1.00
2026-03-31T11:31:00Z,96.00,99.00,99.00,99.00,98.00,96.00,,82.00,,62.98,,35.97,8.04,1.00
2026-03-31T11:39:00Z,96.00,99.00,99.00,99.00,98.00,96.00,,82.00,,59.17,,26.20,8.04,1.00
2026-03-31T11:57:00Z,96.00,99.00,99.00,99.00,98.00,96.00,,82.00,,59.17,,26.20,6.30,1.00
2026-03-31T11:59:00Z,96.00,99.00,99.00,99.00,98.00,96.00,,88.00,,59.17,,26.20,6.30,1.00
2026-03-31T12:01:00Z,96.00,99.00,99.00,99.00,98.00,96.00,,88.00,,59.17,,23.10,6.30,1.00
2026-03-31T12:02:00Z,96.00,99.00,99.00,99.00,98.00,96.00,,88.00,,62.94,,23.10,6.30,1.00
2026-03-31T12:07:00Z,96.00,99.00,99.00,99.00,98.00,96.00,,88.00,,62.94,,23.10,5.00,1.00
2026-03-31T12:10:00Z,96.00,99.00,99.00,99.00,98.00,96.00,,88.00,,62.94,,23.10,5.00,1.00
2026-03-31T12:13:00Z,96.00,99.00,99.00,99.00,98.00,96.00,,88.00,,61.42,,28.00,4.00,1.00
2026-03-31T12:14:00Z,96.00,99.00,99.00,99.00,98.00,96.00,,88.00,,61.42,,30.83,4.00,1.00
2026-03-31T12:17:00Z,96.00,99.00,99.00,99.00,98.00,96.00,,88.00,,48.35,,25.00,4.00,1.00
2026-03-31T12:18:00Z,96.00,99.00,99.00,99.00,98.00,96.00,,88.00,,59.00,,25.00,4.00,1.00
2026-03-31T12:19:00Z,96.00,99.00,99.00,99.00,98.00,96.00,,88.00,,59.00,,25.00,4.00,1.00
2026-03-31T12:20:00Z,96.00,99.00,99.00,99.00,98.00,96.00,,88.00,,59.00,,25.00,3.00,1.00
2026-03-31T12:25:00Z,96.00,99.00,99.00,99.00,98.00,96.00,,88.00,,59.00,,18.86,2.04,1.00
2026-03-31T12:27:00Z,96.00,99.00,99.00,99.00,98.00,96.00,,88.00,,59.00,,24.00,2.04,1.00
2026-03-31T12:28:00Z,96.00,99.00,99.00,99.00,99.00,96.00,,88.00,,59.00,,24.00,2.04,1.00
2026-03-31T12:29:00Z,96.00,99.00,99.00,99.00,99.00,96.00,,88.00,,59.00,,24.00,2.04,1.00
2026-03-31T12:30:00Z,96.00,99.00,99.00,99.00,99.00,96.00,,88.00,,59.00,,24.00,2.04,1.00
2026-03-31T12:31:00Z,96.00,99.00,99.00,99.00,99.00,96.00,,88.00,,59.00,,24.00,2.04,1.00
2026-03-31T12:32:00Z,96.00,99.00,99.00,99.00,99.00,96.00,,88.00,,59.00,,24.00,3.01,1.00
2026-03-31T12:33:00Z,96.00,99.00,99.00,99.00,99.00,96.00,,88.00,,59.00,,17.07,3.01,1.00
2026-03-31T12:34:00Z,96.00,99.00,99.00,99.00,99.00,96.00,,88.00,,59.00,,17.07,3.01,1.00
2026-03-31T12:36:00Z,96.00,99.00,99.00,99.00,99.00,96.00,,88.00,,55.00,,17.07,3.01,1.00
2026-03-31T12:39:00Z,96.00,99.00,99.00,99.00,99.00,96.00,,88.00,,55.00,,20.11,3.01,1.00
2026-03-31T12:43:00Z,96.00,99.00,99.00,99.00,99.00,96.00,,85.00,,55.00,,20.11,3.01,1.00
2026-03-31T12:44:00Z,96.00,99.00,99.00,99.00,99.00,96.00,,85.00,,58.73,,20.11,3.01,1.00
2026-03-31T13:08:00Z,96.00,99.00,99.00,99.00,99.00,96.00,,85.00,,59.00,,20.40,3.01,1.00
2026-03-31T13:10:00Z,96.00,99.00,99.00,99.00,99.00,96.00,,85.00,,59.00,,20.57,3.01,1.00
2026-03-31T13:11:00Z,96.00,99.00,99.00,99.00,99.00,96.00,,85.00,,59.00,,21.44,3.01,1.00
2026-03-31T13:15:00Z,96.00,99.00,99.00,99.00,99.00,96.00,,85.00,,51.98,,21.44,3.01,1.00
2026-03-31T13:22:00Z,96.00,99.00,99.00,99.00,99.00,96.00,,83.28,,51.98,,24.00,3.01,1.00
2026-03-31T13:24:00Z,96.00,99.00,99.00,99.00,99.00,96.00,,84.00,,51.98,,24.00,3.01,1.00
2026-03-31T13:27:00Z,96.00,99.00,99.00,99.00,99.00,96.00,,84.00,,51.98,,24.00,3.01,1.00
2026-03-31T13:28:00Z,96.00,99.00,99.00,99.00,99.00,96.00,,84.00,,51.98,,17.30,3.01,1.00
2026-03-31T13:32:00Z,96.00,99.00,99.00,99.00,99.00,96.00,,84.00,,51.98,,16.04,3.01,1.00
2026-03-31T13:33:00Z,96.00,99.00,99.00,99.00,99.00,96.00,,84.00,,51.98,,13.37,2.88,1.00
2026-03-31T13:37:00Z,96.00,99.00,99.00,99.00,99.00,96.00,,84.00,,51.98,,13.37,2.88,1.00
2026-03-31T13:38:00Z,96.00,99.00,99.00,99.00,99.00,96.00,,84.00,,51.98,,10.00,2.88,1.00
2026-03-31T13:43:00Z,96.00,99.00,99.00,99.00,99.00,96.00,,84.00,,51.98,,10.83,2.88,1.00
2026-03-31T13:44:00Z,96.00,99.00,99.00,99.00,99.00,96.00,,84.00,,54.00,,10.83,2.88,1.00
2026-03-31T13:45:00Z,96.00,99.00,99.00,99.00,99.00,96.00,,84.00,,54.00,,10.51,2.88,1.00
2026-03-31T13:47:00Z,96.00,99.00,99.00,99.00,99.00,96.00,,84.00,,54.00,,10.51,2.88,1.00
2026-03-31T13:49:00Z,96.00,99.00,99.00,99.00,99.00,96.00,,84.00,,58.86,,10.00,2.88,1.00
2026-03-31T13:55:00Z,96.00,99.00,99.00,99.00,99.00,96.00,,84.00,,58.86,,10.00,2.88,1.00
2026-03-31T14:04:00Z,96.00,99.00,99.00,99.00,99.00,96.00,,86.00,,58.86,,10.00,2.88,1.00
2026-03-31T14:08:00Z,96.00,99.00,99.00,99.00,99.00,96.00,,86.00,,58.86,,10.00,2.88,1.00
2026-03-31T14:09:00Z,96.00,99.00,99.00,99.00,99.00,96.00,,86.00,,54.00,,10.00,2.88,1.00
2026-03-31T14:15:00Z,96.00,99.00,99.00,99.00,99.00,96.00,,86.00,,54.00,,10.00,2.00,1.00
2026-03-31T14:19:00Z,96.00,99.00,99.00,99.00,99.00,96.00,,85.00,,52.50,,8.01,2.00,1.00
2026-03-31T14:20:00Z,96.00,99.00,99.00,99.00,99.00,96.00,,84.00,,52.50,,8.01,2.00,1.00
2026-03-31T14:21:00Z,96.00,99.00,99.00,99.00,99.00,96.00,,82.05,,52.50,,8.01,2.00,1.00
2026-03-31T14:24:00Z,96.00,99.00,99.00,99.00,99.00,96.00,,83.00,,52.50,,8.01,2.00,1.00
2026-03-31T14:29:00Z,96.00,99.00,99.00,99.00,99.00,96.00,,78.76,,41.01,,7.71,1.00,1.00
2026-03-31T14:30:00Z,96.00,99.00,99.00,99.00,99.00,96.00,,77.15,,41.01,,7.71,1.00,1.00
2026-03-31T14:31:00Z,96.00,99.00,99.00,99.00,99.00,96.00,,75.15,,32.11,,5.62,1.00,1.00
2026-03-31T14:32:00Z,96.00,99.00,99.00,99.00,99.00,95.00,,75.15,,32.11,,5.62,1.00,1.00
2026-03-31T14:33:00Z,96.00,99.00,99.00,99.00,99.00,95.00,,75.15,,32.11,,3.00,1.00,1.00
2026-03-31T14:35:00Z,96.00,99.00,99.00,99.00,99.00,95.00,,74.00,,30.00,,3.00,1.00,1.00
2026-03-31T14:36:00Z,96.00,99.00,99.00,99.00,99.00,91.00,,74.00,,30.00,,3.00,1.00,1.00
2026-03-31T14:41:00Z,96.00,99.00,99.00,99.00,99.00,91.00,,70.37,,32.41,,3.00,1.00,1.00
2026-03-31T14:42:00Z,96.00,99.00,99.00,99.00,99.00,91.00,,70.37,,32.41,,3.00,1.00,1.00
2026-03-31T14:43:00Z,96.00,99.00,99.00,99.00,99.00,91.00,,70.37,,29.90,,3.00,1.00,1.00
2026-03-31T14:44:00Z,96.00,99.00,99.00,99.00,99.00,90.64,,70.37,,29.90,,3.00,1.00,1.00
2026-03-31T14:46:00Z,96.00,99.00,99.00,99.00,99.00,90.64,,70.37,,32.00,,4.85,1.00,1.00
2026-03-31T14:53:00Z,96.00,99.00,99.00,99.00,99.00,90.64,,70.37,,32.85,,3.00,1.00,1.00
2026-03-31T14:56:00Z,96.00,99.00,99.00,99.00,99.00,90.64,,62.54,,32.85,,3.00,1.00,1.00
2026-03-31T14:57:00Z,96.00,99.00,99.00,99.00,99.00,90.64,,60.19,,32.85,,3.00,1.00,1.00
2026-03-31T14:58:00Z,96.00,99.00,99.00,99.00,99.00,90.64,,60.19,,32.85,,3.00,1.00,1.00
2026-03-31T14:59:00Z,96.00,99.00,99.00,99.00,99.00,90.64,,60.19,,28.39,,4.00,1.00,1.00
2026-03-31T15:01:00Z,96.00,99.00,99.00,99.00,99.00,90.64,,60.19,,30.00,,4.00,1.00,1.00
2026-03-31T15:02:00Z,96.00,99.00,99.00,99.00,99.00,90.64,,60.19,,30.95,,4.00,1.00,1.00
2026-03-31T15:03:00Z,96.00,99.00,99.00,99.00,99.00,90.64,,60.19,,26.51,,4.00,1.00,1.00
2026-03-31T15:04:00Z,96.00,99.00,99.00,99.00,99.00,90.00,,60.19,,26.51,,3.00,1.00,1.00
2026-03-31T15:05:00Z,96.00,99.00,99.00,99.00,99.00,90.00,,60.19,,24.18,,3.00,1.00,1.00
2026-03-31T15:06:00Z,96.00,99.00,99.00,99.00,99.00,88.05,,58.75,,24.18,,3.00,1.00,1.00
2026-03-31T15:07:00Z,96.00,99.00,99.00,99.00,96.76,88.05,,58.75,,24.18,,3.00,1.00,1.00
2026-03-31T15:09:00Z,96.00,99.00,99.00,99.00,96.76,88.05,,59.00,,24.18,,3.00,1.00,1.00
2026-03-31T15:10:00Z,96.00,99.00,99.00,99.00,96.76,88.05,,59.00,,24.00,,3.00,1.00,1.00
2026-03-31T15:11:00Z,96.00,99.00,99.00,99.00,96.76,88.05,,59.00,,24.00,,3.00,1.00,1.00
2026-03-31T15:13:00Z,96.00,99.00,99.00,99.00,96.76,88.05,,59.00,,25.95,,4.00,1.00,1.00
2026-03-31T15:14:00Z,96.00,99.00,99.00,99.00,96.76,88.05,,59.00,,25.33,,4.00,1.00,1.00
2026-03-31T15:15:00Z,96.00,99.00,99.00,99.00,96.76,88.05,,59.00,,24.00,,4.00,1.00,1.00
2026-03-31T15:16:00Z,96.00,99.00,99.00,99.00,96.76,88.05,,59.00,,25.00,,4.00,1.00,1.00
2026-03-31T15:18:00Z,96.00,99.00,99.00,99.00,96.76,88.05,,59.00,,25.00,,4.00,1.00,1.00
2026-03-31T15:19:00Z,96.00,99.00,99.00,99.00,96.76,88.05,,59.14,,26.00,,4.00,1.00,1.00
2026-03-31T15:20:00Z,96.00,99.00,99.00,99.00,96.76,88.05,,59.14,,27.00,,4.00,1.00,1.00
2026-03-31T15:21:00Z,96.00,99.00,99.00,99.00,96.76,88.05,,58.15,,25.41,,4.00,1.00,1.00
2026-03-31T15:22:00Z,96.00,99.00,99.00,99.00,96.76,89.00,,58.15,,25.41,,4.00,1.00,1.00
2026-03-31T15:23:00Z,96.00,99.00,99.00,99.00,95.00,89.00,,58.15,,25.41,,4.00,1.00,1.00
2026-03-31T15:24:00Z,96.00,99.00,99.00,99.00,95.00,89.00,,58.15,,25.41,,4.00,1.00,1.00
2026-03-31T15:25:00Z,96.00,99.00,99.00,99.00,95.00,86.63,,58.15,,24.53,,4.00,1.00,1.00
2026-03-31T15:26:00Z,96.00,99.00,99.00,99.00,95.00,86.63,,58.15,,24.53,,4.00,1.00,1.00
2026-03-31T15:28:00Z,96.00,99.00,99.00,99.00,95.00,86.63,,58.15,,24.53,,2.00,1.00,1.00
2026-03-31T15:30:00Z,96.00,99.00,99.00,99.00,95.00,86.63,,58.15,,26.00,,2.00,1.00,1.00
2026-03-31T15:31:00Z,96.00,99.00,99.00,99.00,95.00,86.63,,58.15,,26.00,,2.00,1.00,1.00
2026-03-31T15:33:00Z,96.00,99.00,99.00,99.00,95.00,86.63,,57.00,,26.00,,2.00,1.00,1.00
2026-03-31T15:35:00Z,96.00,99.00,99.00,99.00,95.00,86.63,,57.00,,26.00,,2.00,1.00,1.00
2026-03-31T15:36:00Z,96.00,99.00,99.00,99.00,95.00,84.24,,57.00,,26.00,,2.00,1.00,1.00
2026-03-31T15:37:00Z,96.00,99.00,99.00,99.00,95.00,87.00,,57.00,,20.00,,2.00,1.00,1.00
2026-03-31T15:39:00Z,96.00,99.00,99.00,99.00,95.00,87.00,,57.00,,22.86,,2.00,1.00,1.00
2026-03-31T15:47:00Z,96.00,99.00,99.00,99.00,95.00,84.00,,57.00,,22.86,,2.00,1.00,1.00
2026-03-31T15:48:00Z,96.00,99.00,99.00,99.00,95.00,84.00,,53.00,,22.86,,2.00,1.00,1.00
2026-03-31T15:51:00Z,96.00,99.00,99.00,99.00,95.00,83.00,,53.00,,22.00,,2.00,1.00,1.00
2026-03-31T15:52:00Z,96.00,99.00,99.00,99.00,95.00,83.00,,53.00,,22.00,,1.14,1.00,1.00
2026-03-31T15:53:00Z,96.00,99.00,99.00,99.00,95.00,83.00,,52.00,,21.00,,3.00,1.00,1.00
2026-03-31T15:54:00Z,96.00,99.00,99.00,99.00,95.00,83.00,,52.00,,20.00,,3.00,1.00,1.00
2026-03-31T15:55:00Z,96.00,99.00,99.00,99.00,95.00,83.00,,51.00,,20.00,,3.00,1.00,1.00
2026-03-31T15:57:00Z,96.00,99.00,99.00,99.00,95.00,82.00,,51.00,,20.00,,3.00,1.00,1.00
2026-03-31T15:58:00Z,96.00,99.00,99.00,99.00,95.00,82.00,,51.00,,19.78,,3.00,1.00,1.00
2026-03-31T15:59:00Z,96.00,99.00,99.00,99.00,95.00,82.00,,51.00,,19.97,,3.00,1.00,1.00
2026-03-31T16:00:00Z,96.00,99.00,99.00,99.00,95.00,82.00,,49.01,,20.00,,3.00,1.00,1.00
2026-03-31T16:01:00Z,96.00,99.00,99.00,99.00,95.00,82.00,,47.00,,20.00,,1.00,1.00,1.00
2026-03-31T16:02:00Z,96.00,99.00,99.00,99.00,95.00,82.00,,46.05,,20.00,,1.00,1.00,1.00
2026-03-31T16:03:00Z,96.00,99.00,99.00,99.00,95.00,82.00,,44.08,,20.00,,1.00,1.00,1.00
2026-03-31T16:04:00Z,96.00,99.00,99.00,99.00,95.00,82.00,,44.08,,13.42,,1.00,1.00,1.00
2026-03-31T16:05:00Z,96.00,99.00,99.00,99.00,95.00,82.00,,41.26,,13.42,,1.00,1.00,1.00
2026-03-31T16:06:00Z,96.00,99.00,99.00,99.00,95.00,82.00,,41.00,,13.42,,1.00,1.00,1.00
2026-03-31T16:07:00Z,96.00,99.00,99.00,99.00,95.00,82.00,73.00,41.00,31.00,13.42,9.00,1.00,1.00,1.00
2026-03-31T16:08:00Z,96.00,99.00,99.00,99.00,95.00,82.00,72.83,41.00,25.02,13.42,9.00,1.00,1.00,1.00
2026-03-31T16:09:00Z,96.00,99.00,99.00,99.00,95.00,82.00,72.83,41.00,25.02,13.42,8.00,1.00,1.00,1.00
2026-03-31T16:14:00Z,96.00,99.00,99.00,99.00,95.00,82.00,72.83,41.00,25.02,14.00,8.00,1.00,1.00,1.00
2026-03-31T16:15:00Z,96.00,99.00,99.00,99.00,95.00,82.00,72.83,41.00,29.62,14.00,8.00,1.00,1.00,1.00
2026-03-31T16:16:00Z,96.00,99.00,99.00,99.00,95.00,82.00,72.83,41.00,29.62,14.83,8.00,1.00,1.00,1.00
2026-03-31T16:17:00Z,96.00,99.00,99.00,99.00,95.00,76.33,72.83,41.00,29.62,14.83,8.00,1.00,1.00,1.00
2026-03-31T16:18:00Z,96.00,99.00,99.00,99.00,95.00,76.33,72.83,41.00,29.62,14.83,5.10,1.00,1.00,1.00
2026-03-31T16:19:00Z,96.00,99.00,99.00,99.00,95.00,76.33,72.83,41.00,29.62,13.00,5.10,1.00,1.00,1.00
2026-03-31T16:20:00Z,96.00,99.00,99.00,99.00,95.00,76.33,72.83,41.00,29.62,13.00,4.00,1.00,1.00,1.00
2026-03-31T16:25:00Z,96.00,99.00,99.00,99.00,95.00,76.33,72.83,41.00,29.62,13.00,4.00,1.00,1.00,1.00
2026-03-31T16:37:00Z,96.00,99.00,99.00,99.00,97.76,76.33,72.83,41.00,29.62,13.00,4.00,1.00,1.00,1.00
2026-03-31T16:39:00Z,96.00,99.00,99.00,99.00,97.76,76.33,72.83,41.00,29.62,13.00,4.00,1.00,1.00,1.00
2026-03-31T16:42:00Z,96.00,99.00,99.00,99.00,97.76,76.33,72.83,41.00,29.62,13.00,4.00,1.00,1.00,1.00
2026-03-31T16:43:00Z,96.00,99.00,99.00,99.00,97.76,76.33,72.83,41.00,29.62,13.00,4.00,1.00,1.00,1.00
2026-03-31T16:44:00Z,96.00,99.00,99.00,99.00,97.76,76.33,72.83,41.00,29.62,13.00,4.00,1.00,1.00,1.00
2026-03-31T16:45:00Z,96.00,99.00,99.00,99.00,97.76,76.33,72.83,41.00,29.62,13.00,4.00,1.00,1.00,1.00
2026-03-31T16:48:00Z,96.00,99.00,99.00,99.00,97.76,76.33,72.83,41.00,29.62,13.00,4.00,1.00,1.00,1.00
2026-03-31T16:50:00Z,96.00,99.00,99.00,99.00,97.76,81.50,72.83,41.00,29.62,13.00,4.00,1.00,1.00,1.00
2026-03-31T16:51:00Z,96.00,99.00,99.00,99.00,97.76,81.50,72.83,41.00,29.62,13.00,4.00,1.00,1.00,1.00
2026-03-31T16:52:00Z,96.00,99.00,99.00,99.00,97.76,81.50,72.83,41.00,29.62,13.00,5.71,1.00,1.00,1.00
2026-03-31T16:54:00Z,96.00,99.00,99.00,99.00,97.76,81.50,72.83,41.00,29.62,13.00,3.00,1.00,1.00,1.00
2026-03-31T16:56:00Z,96.00,99.00,99.00,99.00,97.76,81.28,72.83,41.00,29.62,13.00,3.00,1.00,1.00,1.00
2026-03-31T16:57:00Z,96.00,99.00,99.00,99.00,97.76,81.28,72.83,41.00,30.00,13.00,3.00,1.00,1.00,1.00
2026-03-31T16:58:00Z,96.00,99.00,99.00,99.00,97.76,81.28,72.83,41.00,30.00,13.00,3.00,1.00,1.00,1.00
2026-03-31T16:59:00Z,96.00,99.00,99.00,99.00,97.76,81.28,71.00,41.00,30.00,13.00,3.00,1.00,1.00,1.00
2026-03-31T17:01:00Z,96.00,99.00,99.00,99.00,93.83,81.28,71.00,41.00,30.00,13.00,3.00,1.00,1.00,1.00
2026-03-31T17:05:00Z,96.00,99.00,99.00,99.00,93.83,81.00,71.00,41.00,30.00,13.00,3.00,1.00,1.00,1.00
2026-03-31T17:06:00Z,96.00,99.00,99.00,99.00,93.83,81.00,71.00,41.00,30.00,13.00,3.00,1.00,1.00,1.00
2026-03-31T17:07:00Z,96.00,99.00,99.00,99.00,93.83,81.95,71.00,41.00,30.00,13.00,3.00,1.00,1.00,1.00
2026-03-31T17:08:00Z,96.00,99.00,99.00,99.00,93.83,81.95,71.00,41.00,30.00,13.00,3.00,1.00,1.00,1.00
2026-03-31T17:09:00Z,96.00,99.00,99.00,99.00,93.83,81.95,71.00,41.00,30.00,13.00,3.00,1.00,1.00,1.00
2026-03-31T17:10:00Z,96.00,99.00,99.00,99.00,93.83,81.95,71.00,41.00,30.00,13.00,3.00,1.00,1.00,1.00
2026-03-31T17:14:00Z,96.00,99.00,99.00,99.00,93.83,81.95,71.00,41.00,30.00,13.00,3.00,1.00,1.00,1.00
2026-03-31T17:16:00Z,96.00,99.00,99.00,99.00,93.83,81.95,71.00,41.00,30.34,13.86,3.00,1.00,1.00,1.00
2026-03-31T17:17:00Z,96.00,99.00,99.00,99.00,93.83,84.06,71.63,41.50,30.34,13.86,3.00,1.00,1.00,1.00
2026-03-31T17:19:00Z,96.00,99.00,99.00,99.00,93.83,84.06,71.63,41.50,30.34,14.00,3.00,1.00,1.00,1.00
2026-03-31T17:21:00Z,96.00,99.00,99.00,99.00,93.83,84.06,71.63,42.00,30.34,14.00,3.00,1.00,1.00,1.00
2026-03-31T17:27:00Z,96.00,99.00,99.00,99.00,93.83,84.06,71.63,44.00,33.91,14.00,3.00,1.00,1.00,1.00
2026-03-31T17:28:00Z,96.00,99.00,99.00,99.00,93.83,84.06,71.63,44.00,33.91,18.00,3.00,1.00,1.00,1.00
2026-03-31T17:29:00Z,96.00,99.00,99.00,99.00,93.83,84.06,72.00,44.00,33.91,18.00,3.00,1.00,1.00,1.00
2026-03-31T17:30:00Z,96.00,99.00,99.00,99.00,93.83,84.06,72.00,44.50,33.91,18.00,3.00,1.00,1.00,1.00
2026-03-31T17:31:00Z,96.00,99.00,99.00,99.00,93.83,84.06,72.00,44.76,33.91,18.00,3.00,1.00,1.00,1.00
2026-03-31T17:32:00Z,96.00,99.00,99.00,99.00,93.83,84.99,72.00,45.00,33.91,18.00,3.00,1.00,1.00,1.00
2026-03-31T17:34:00Z,96.00,99.00,99.00,99.00,93.83,84.99,72.00,45.00,33.91,18.00,3.00,1.00,1.00,1.00
2026-03-31T17:35:00Z,96.00,99.00,99.00,99.00,93.83,84.99,72.00,45.00,33.91,18.00,3.00,1.00,1.00,1.00
2026-03-31T17:36:00Z,96.00,99.00,99.00,99.00,93.83,84.99,72.00,46.46,33.91,18.00,3.00,1.00,1.00,1.00
2026-03-31T17:37:00Z,96.00,99.00,99.00,99.00,93.83,84.99,72.00,47.00,33.91,18.00,3.00,1.00,1.00,1.00
2026-03-31T17:38:00Z,96.00,99.00,99.00,99.00,93.83,84.99,72.00,45.80,33.91,18.00,6.00,1.00,1.00,1.00
2026-03-31T17:42:00Z,96.00,99.00,99.00,99.00,93.83,84.99,72.00,47.00,33.91,18.00,6.00,1.00,1.00,1.00
2026-03-31T17:43:00Z,96.00,99.00,99.00,99.00,93.83,84.99,72.00,47.00,33.91,16.50,6.00,1.00,1.00,1.00
2026-03-31T17:44:00Z,96.00,99.00,99.00,99.00,93.83,84.99,72.00,47.00,33.91,16.50,9.97,1.00,1.00,1.00
2026-03-31T17:45:00Z,96.00,99.00,99.00,99.00,93.83,84.99,72.00,47.00,33.91,17.90,6.00,1.00,1.00,1.00
2026-03-31T17:46:00Z,96.00,99.00,99.00,99.00,93.83,84.99,72.00,46.11,33.45,17.90,6.00,1.00,1.00,1.00
2026-03-31T17:47:00Z,96.00,99.00,99.00,99.00,93.83,84.99,72.00,46.00,33.45,17.90,6.00,1.00,1.00,1.00
2026-03-31T17:48:00Z,96.00,99.00,99.00,99.00,93.83,84.99,72.00,48.00,33.45,17.90,6.00,1.00,1.00,1.00
2026-03-31T17:49:00Z,96.00,99.00,99.00,99.00,93.83,84.99,72.00,48.00,33.45,17.90,6.00,1.00,1.00,1.00
2026-03-31T17:54:00Z,96.00,99.00,99.00,99.00,93.83,84.99,72.00,48.00,33.45,17.90,6.00,1.00,1.00,1.00
2026-03-31T17:55:00Z,96.00,99.00,99.00,99.00,93.83,84.99,72.00,48.00,33.45,12.48,6.00,1.00,1.00,1.00
2026-03-31T17:56:00Z,96.00,99.00,99.00,99.00,93.83,84.99,72.00,49.59,29.12,12.48,6.00,1.00,1.00,1.00
2026-03-31T17:57:00Z,96.00,99.00,99.00,99.00,96.55,84.99,72.00,57.00,29.12,13.00,6.00,1.00,1.00,1.00
2026-03-31T17:59:00Z,96.00,99.00,99.00,99.00,96.55,85.00,72.00,57.00,29.12,13.00,6.00,1.00,1.00,1.00
2026-03-31T18:03:00Z,96.00,99.00,99.00,99.00,96.55,85.00,72.00,51.00,29.12,13.00,6.00,1.00,1.00,1.00
2026-03-31T18:05:00Z,96.00,99.00,99.00,99.00,96.55,85.07,73.00,48.97,31.00,13.00,6.00,1.00,1.00,1.00
2026-03-31T18:08:00Z,96.00,99.00,99.00,99.00,96.55,85.07,73.00,48.97,31.00,15.70,6.00,1.00,1.00,1.00
2026-03-31T18:15:00Z,96.00,99.00,99.00,99.00,96.55,85.07,70.00,48.97,31.00,15.70,6.00,1.00,1.00,1.00
2026-03-31T18:16:00Z,96.00,99.00,99.00,99.00,96.55,82.24,70.00,42.88,31.00,15.70,6.00,1.00,1.00,1.00
2026-03-31T18:18:00Z,96.00,99.00,99.00,99.00,96.55,81.20,70.00,42.42,31.00,15.70,6.00,1.00,1.00,1.00
2026-03-31T18:19:00Z,96.00,99.00,99.00,99.00,96.55,81.20,70.00,41.00,29.14,12.84,6.00,1.00,1.00,1.00
2026-03-31T18:20:00Z,96.00,99.00,99.00,99.00,96.55,81.20,70.00,41.00,29.14,14.00,6.00,1.00,1.00,1.00
2026-03-31T18:23:00Z,96.00,99.00,99.00,99.00,96.55,81.20,70.00,42.14,29.14,14.00,6.00,1.00,1.00,1.00
2026-03-31T18:24:00Z,96.00,99.00,99.00,99.00,96.55,81.20,70.00,43.00,29.14,14.00,6.00,1.00,1.00,1.00
2026-03-31T18:25:00Z,96.00,99.00,99.00,99.00,96.55,81.20,70.00,43.00,29.14,12.26,6.00,1.00,1.00,1.00
2026-03-31T18:26:00Z,96.00,99.00,99.00,99.00,96.55,84.00,73.97,43.00,30.00,14.00,6.00,1.00,1.00,1.00
2026-03-31T18:27:00Z,96.00,99.00,99.00,99.00,96.55,88.79,73.97,43.00,30.00,14.00,6.00,1.00,1.00,1.00
2026-03-31T18:28:00Z,96.00,99.00,99.00,99.00,96.55,88.79,73.97,43.00,30.00,14.00,6.84,1.00,1.00,1.00
2026-03-31T18:29:00Z,96.00,99.00,99.00,99.00,96.55,88.79,73.97,43.00,30.00,14.00,6.84,1.00,1.00,1.00
2026-03-31T18:30:00Z,96.00,99.00,99.00,99.00,96.55,88.79,73.97,41.53,30.00,14.00,6.84,1.00,1.00,1.00
2026-03-31T18:31:00Z,96.00,99.00,99.00,99.00,96.55,88.79,73.97,40.06,30.00,14.00,6.84,1.00,1.00,1.00
2026-03-31T18:44:00Z,96.00,99.00,99.00,99.00,96.55,88.79,73.97,40.06,29.00,14.00,6.84,1.00,1.00,1.00
2026-03-31T18:48:00Z,96.00,99.00,99.00,99.00,96.55,88.79,73.97,42.75,29.00,14.00,6.84,1.00,1.00,1.00
2026-03-31T18:53:00Z,96.00,99.00,99.00,99.00,96.55,88.79,73.97,43.00,29.00,14.00,6.84,1.00,1.00,1.00
2026-03-31T18:59:00Z,96.00,99.00,99.00,99.00,96.55,88.79,73.97,43.00,29.48,14.00,6.84,1.00,1.00,1.00
2026-03-31T19:00:00Z,96.00,99.00,99.00,99.00,96.55,88.79,73.97,43.00,29.48,15.00,6.84,1.00,1.00,1.00
2026-03-31T19:06:00Z,96.00,99.00,99.00,99.00,96.55,88.79,73.97,43.00,29.48,15.00,6.84,1.00,1.00,1.00
2026-03-31T19:09:00Z,96.00,99.00,99.00,99.00,96.55,88.79,73.97,43.00,29.48,14.00,6.84,1.00,1.00,1.00
2026-03-31T19:11:00Z,96.00,99.00,99.00,99.00,96.55,88.79,73.97,43.00,29.48,14.00,6.84,1.00,1.00,1.00
2026-03-31T19:12:00Z,96.00,99.00,99.00,99.00,96.55,88.79,73.97,43.00,29.48,15.46,6.84,1.00,1.00,1.00
2026-03-31T19:16:00Z,96.00,99.00,99.00,99.00,96.55,88.79,73.97,43.38,29.48,15.46,6.84,1.00,1.00,1.00
2026-03-31T19:17:00Z,96.00,99.00,99.00,99.00,96.55,88.79,73.97,43.38,29.48,15.46,6.00,1.00,1.00,1.00
2026-03-31T19:22:00Z,96.00,99.00,99.00,99.00,96.55,88.32,73.97,43.38,29.48,15.46,6.00,1.00,1.00,1.00
2026-03-31T19:23:00Z,96.00,99.00,99.00,99.00,96.55,88.32,74.00,44.98,29.48,15.77,6.00,1.00,1.00,1.00
2026-03-31T19:28:00Z,96.00,99.00,99.00,99.00,96.55,88.32,74.00,45.00,49.33,15.77,6.00,1.00,1.00,1.00
2026-03-31T19:29:00Z,96.00,99.00,99.00,99.00,97.00,88.32,74.00,45.00,49.33,15.77,6.00,1.00,1.00,1.00
2026-03-31T19:31:00Z,96.00,99.00,99.00,99.00,97.00,88.32,74.00,45.00,29.00,15.77,6.00,1.00,1.00,1.00
2026-03-31T19:32:00Z,96.00,99.00,99.00,99.00,97.00,88.32,74.00,45.00,29.00,15.77,6.00,1.00,1.00,1.00
2026-03-31T19:37:00Z,96.00,99.00,99.00,99.00,97.00,88.32,74.00,45.00,26.36,15.77,6.00,1.00,1.00,1.00
2026-03-31T19:38:00Z,96.00,99.00,99.00,99.00,97.00,88.32,75.00,45.00,26.36,12.89,6.00,1.00,1.00,1.00
2026-03-31T19:39:00Z,96.00,99.00,99.00,99.00,97.00,88.32,75.00,45.00,28.00,11.04,6.00,1.00,1.00,1.00
2026-03-31T19:40:00Z,96.00,99.00,99.00,99.00,97.00,88.32,75.00,45.00,28.69,11.04,6.00,1.00,1.00,1.00
2026-03-31T19:46:00Z,96.00,99.00,99.00,99.00,97.00,88.32,75.00,42.57,28.69,11.04,6.00,1.00,1.00,1.00
2026-03-31T19:48:00Z,96.00,99.00,99.00,99.00,97.00,88.32,75.75,44.65,28.36,11.04,6.00,1.00,1.00,1.00
2026-03-31T19:49:00Z,96.00,99.00,99.00,99.00,97.00,88.99,75.01,44.65,28.36,11.04,6.00,1.00,1.00,1.00
2026-03-31T19:50:00Z,96.00,99.00,99.00,99.00,97.00,88.99,75.01,46.00,28.36,11.04,6.00,1.00,1.00,1.00
2026-03-31T19:53:00Z,96.00,99.00,99.00,99.00,97.00,88.99,75.01,46.00,28.36,14.96,6.00,1.00,1.00,1.00
2026-03-31T19:57:00Z,96.00,99.00,99.00,99.00,97.00,88.99,75.01,46.00,28.36,15.00,6.00,1.00,1.00,1.00
2026-03-31T20:01:00Z,96.00,99.00,99.00,99.00,97.00,88.99,75.01,46.00,28.36,10.12,6.00,1.00,1.00,1.00
2026-03-31T20:02:00Z,96.00,99.00,99.00,99.00,97.00,88.99,75.01,45.97,28.36,10.12,6.00,1.00,1.00,1.00
2026-03-31T20:03:00Z,96.00,99.00,99.00,99.00,97.00,88.99,75.01,45.42,28.36,10.12,6.00,1.00,1.00,1.00
2026-03-31T20:04:00Z,96.00,99.00,99.00,99.00,97.00,88.99,75.01,45.00,28.36,10.12,6.00,1.00,1.00,1.00
2026-03-31T20:07:00Z,96.00,99.00,99.00,99.00,99.00,88.99,75.01,45.00,28.36,10.12,6.00,1.00,1.00,1.00
2026-03-31T20:09:00Z,96.00,99.00,99.00,99.00,99.00,88.99,75.01,42.73,28.36,10.12,6.00,1.00,1.00,1.00
2026-03-31T20:10:00Z,96.00,99.00,99.00,99.00,99.00,88.99,75.01,42.73,28.36,11.05,6.00,1.00,1.00,1.00
2026-03-31T20:14:00Z,96.00,99.00,99.00,99.00,99.00,89.93,75.01,50.19,28.36,11.05,6.00,1.00,1.00,1.00
2026-03-31T20:15:00Z,96.00,99.00,99.00,99.00,99.00,89.93,75.01,54.63,28.36,11.05,6.00,1.00,1.00,1.00
2026-03-31T20:16:00Z,96.00,99.00,99.00,99.00,99.00,89.93,75.01,56.93,28.36,11.05,6.00,1.00,1.00,1.00
2026-03-31T20:17:00Z,96.00,99.00,99.00,99.00,99.00,93.38,75.01,56.83,28.36,16.14,6.00,1.00,1.00,1.00
2026-03-31T20:32:00Z,96.00,99.00,99.00,99.00,99.00,93.38,75.01,56.83,28.36,16.14,6.00,1.00,1.00,1.00
2026-03-31T20:33:00Z,96.00,99.00,99.00,99.00,99.00,93.38,75.01,56.54,45.00,16.14,6.00,1.00,1.00,1.00
2026-03-31T20:38:00Z,96.00,99.00,99.00,99.00,99.00,93.38,81.00,58.00,45.00,16.14,6.00,1.00,1.00,1.00
2026-03-31T20:40:00Z,96.00,99.00,99.00,99.00,99.00,93.38,81.00,58.00,45.00,17.94,6.00,1.00,1.00,1.00
2026-03-31T20:43:00Z,96.00,99.00,99.00,99.00,99.00,93.38,81.00,58.00,45.00,17.00,6.00,1.00,1.00,1.00
2026-03-31T20:50:00Z,96.00,99.00,99.00,99.00,99.00,93.38,81.00,58.00,45.00,17.00,6.00,1.00,1.00,1.00
2026-03-31T20:51:00Z,96.00,99.00,99.00,99.00,99.00,93.38,81.00,58.00,45.00,17.99,6.00,1.00,1.00,1.00
2026-03-31T20:54:00Z,96.00,99.00,99.00,99.00,99.00,93.38,81.00,58.00,45.00,17.99,4.00,1.00,1.00,1.00
2026-03-31T20:55:00Z,96.00,99.00,99.00,99.00,99.00,93.38,81.00,58.00,45.00,17.99,4.00,1.00,1.00,1.00
2026-03-31T21:00:00Z,96.00,99.00,99.00,99.00,99.00,93.38,81.00,58.00,45.00,17.99,4.00,1.00,1.00,1.00
2026-03-31T21:02:00Z,96.00,99.00,99.00,99.00,99.00,93.38,81.00,58.51,45.00,17.99,4.00,1.00,1.00,1.00
2026-03-31T21:03:00Z,96.00,99.00,99.00,99.00,99.00,93.38,81.00,59.00,45.00,17.99,4.00,1.00,1.00,1.00
2026-03-31T21:05:00Z,96.00,99.00,99.00,99.00,99.00,93.38,81.00,60.00,45.00,17.99,4.00,1.00,1.00,1.00
2026-03-31T21:10:00Z,96.00,99.00,99.00,99.00,99.00,93.38,81.00,60.00,45.00,17.99,5.00,1.00,1.00,1.00
2026-03-31T21:11:00Z,96.00,99.00,99.00,99.00,99.00,93.38,81.00,60.00,45.00,17.99,5.00,1.00,1.00,1.00
2026-03-31T21:14:00Z,96.00,99.00,99.00,99.00,99.00,93.38,81.00,60.00,45.00,17.99,5.00,1.00,1.00,1.00
2026-03-31T21:16:00Z,96.00,99.00,99.00,99.00,99.00,93.38,81.00,60.00,45.00,19.11,5.00,1.00,1.00,1.00
2026-03-31T21:19:00Z,96.00,99.00,99.00,99.00,99.00,93.38,81.00,60.00,45.00,20.00,4.94,1.00,1.00,1.00
2026-03-31T21:20:00Z,96.00,99.00,99.00,99.00,99.00,95.78,81.00,60.00,45.00,21.00,4.94,1.00,1.00,1.00
2026-03-31T21:22:00Z,96.00,99.00,99.00,99.00,99.00,95.78,81.00,60.00,43.09,21.00,4.94,1.00,1.00,1.00
2026-03-31T21:23:00Z,96.00,99.00,99.00,99.00,99.00,95.78,81.00,56.00,43.09,21.00,4.94,1.00,1.00,1.00
2026-03-31T21:26:00Z,96.00,99.00,99.00,99.00,99.00,95.78,81.00,60.00,43.09,21.00,4.94,1.00,1.00,1.00
2026-03-31T21:27:00Z,96.00,99.00,99.00,99.00,99.00,95.78,84.00,56.52,43.09,17.25,4.94,1.00,1.00,1.00
2026-03-31T21:28:00Z,96.00,99.00,99.00,99.00,99.00,95.78,84.00,56.52,39.00,17.25,4.94,1.00,1.00,1.00
2026-03-31T21:34:00Z,96.00,99.00,99.00,99.00,99.00,95.78,84.00,56.52,39.00,16.00,4.94,1.00,1.00,1.00
2026-03-31T21:37:00Z,96.00,99.00,99.00,99.00,99.00,95.78,84.75,56.52,39.00,15.00,4.94,1.00,1.00,1.00
2026-03-31T21:53:00Z,96.00,99.00,99.00,99.00,99.00,95.78,84.75,59.00,39.00,15.00,4.94,1.00,1.00,1.00
2026-03-31T21:58:00Z,96.00,99.00,99.00,99.00,99.00,95.78,84.75,59.00,39.00,15.00,5.00,1.00,1.00,1.00
2026-03-31T22:05:00Z,96.00,99.00,99.00,99.00,99.00,95.78,84.75,59.00,39.00,15.00,5.00,1.00,1.00,1.00
2026-03-31T22:08:00Z,96.00,99.00,99.00,99.00,99.00,95.78,84.75,59.00,39.00,15.00,5.00,1.00,1.00,1.00
2026-03-31T22:09:00Z,96.00,99.00,99.00,99.00,99.00,95.78,84.75,59.00,39.00,15.00,5.00,1.00,1.00,1.00
2026-03-31T22:12:00Z,96.00,99.00,99.00,99.00,99.00,95.78,84.75,59.00,39.00,16.00,5.00,1.00,1.00,1.00
2026-03-31T22:20:00Z,96.00,99.00,99.00,99.00,99.00,95.78,84.75,59.00,39.00,16.00,5.00,1.00,1.00,1.00
2026-03-31T22:22:00Z,96.00,99.00,99.00,99.00,99.00,95.78,84.75,59.00,39.00,16.00,5.00,1.00,1.00,1.00
2026-03-31T22:24:00Z,96.00,99.00,99.00,99.00,99.00,95.78,84.75,59.00,39.00,16.00,5.00,1.00,1.00,1.00
2026-03-31T22:27:00Z,96.00,99.00,99.00,99.00,99.00,95.78,84.75,59.00,39.00,16.00,5.00,1.00,1.00,1.00
2026-03-31T22:28:00Z,96.00,99.00,99.00,99.00,99.00,95.78,84.75,59.00,39.00,16.00,5.00,1.00,1.00,1.00
2026-03-31T22:37:00Z,96.00,99.00,99.00,99.00,99.00,95.78,84.75,59.00,39.00,18.15,5.00,1.00,1.00,1.00
2026-03-31T22:39:00Z,96.00,99.00,99.00,99.00,99.00,95.78,84.75,60.32,39.00,18.15,5.00,1.00,1.00,1.00
2026-03-31T22:44:00Z,96.00,99.00,99.00,99.00,99.00,95.78,84.75,60.32,39.00,20.00,5.00,1.00,1.00,1.00
2026-03-31T22:46:00Z,96.00,99.00,99.00,99.00,99.00,95.78,84.75,60.32,39.00,19.00,5.00,1.00,1.00,1.00
2026-03-31T22:47:00Z,96.00,99.00,99.00,99.00,99.00,95.78,84.75,58.00,39.00,19.00,5.00,1.00,1.00,1.00
2026-03-31T22:53:00Z,96.00,99.00,99.00,99.00,99.00,95.78,84.75,61.00,39.00,19.00,5.00,1.00,1.00,1.00
2026-03-31T22:54:00Z,96.00,99.00,99.00,99.00,99.00,94.82,85.00,61.00,39.00,19.00,5.00,1.00,1.00,1.00
2026-03-31T22:58:00Z,96.00,99.00,99.00,99.00,99.00,94.82,85.00,61.00,38.00,19.00,5.00,1.00,1.00,1.00
2026-03-31T23:04:00Z,96.00,99.00,99.00,99.00,99.00,94.82,85.00,61.00,38.00,20.00,5.00,1.00,1.00,1.00
2026-03-31T23:07:00Z,96.00,99.00,99.00,99.00,99.00,94.82,85.00,61.00,38.00,20.00,5.00,1.00,1.00,1.00
2026-03-31T23:08:00Z,96.00,99.00,99.00,99.00,99.00,94.82,85.00,62.25,38.00,20.00,5.00,1.00,1.00,1.00
2026-03-31T23:09:00Z,96.00,99.00,99.00,99.00,99.00,94.82,85.00,62.25,38.00,20.00,7.55,1.00,1.00,1.00
2026-03-31T23:12:00Z,96.00,99.00,99.00,99.00,99.00,94.82,85.00,62.25,38.00,20.00,7.55,1.00,1.00,1.00
2026-03-31T23:17:00Z,96.00,99.00,99.00,99.00,99.00,94.82,85.00,62.25,38.00,20.00,7.55,1.00,1.00,1.00
2026-03-31T23:18:00Z,96.00,99.00,99.00,99.00,99.00,94.82,85.00,62.25,38.00,23.46,7.55,1.00,1.00,1.00
2026-03-31T23:21:00Z,96.00,99.00,99.00,99.00,99.00,94.82,85.00,62.25,38.00,27.89,7.55,1.00,1.00,1.00
2026-03-31T23:22:00Z,96.00,99.00,99.00,99.00,99.00,94.82,85.00,62.25,38.14,27.89,7.55,1.00,1.00,1.00
2026-03-31T23:34:00Z,96.00,99.00,99.00,99.00,99.00,94.82,85.00,62.25,39.30,27.89,7.55,1.00,1.00,1.00
2026-03-31T23:35:00Z,96.00,99.00,99.00,99.00,99.00,94.82,85.00,64.00,39.30,27.89,7.55,1.00,1.00,1.00
2026-03-31T23:37:00Z,96.00,99.00,99.00,99.00,99.00,94.82,85.00,64.00,39.98,27.89,7.55,1.00,1.00,1.00
2026-03-31T23:40:00Z,96.00,99.00,99.00,99.00,99.00,94.82,85.00,64.00,39.98,27.89,8.00,1.00,1.00,1.00
2026-03-31T23:48:00Z,96.00,99.00,99.00,99.00,99.00,94.82,85.00,64.00,39.98,33.00,8.00,1.00,1.00,1.00
2026-03-31T23:49:00Z,96.00,99.00,99.00,99.00,99.00,94.82,85.00,64.00,40.00,33.00,8.00,1.00,1.00,1.00
2026-03-31T23:53:00Z,96.00,99.00,99.00,99.00,99.00,94.82,85.00,64.00,40.00,33.00,8.00,1.00,1.00,1.00
2026-03-31T23:59:00Z,96.00,99.00,99.00,99.00,99.00,94.82,85.00,64.00,40.00,33.00,8.00,1.00,1.00,1.00
2026-04-01T00:05:00Z,96.00,99.00,99.00,99.00,99.00,94.82,85.00,76.83,40.00,33.00,8.00,1.00,1.00,1.00
2026-04-01T00:07:00Z,96.00,99.00,99.00,99.00,99.00,94.82,85.00,76.83,40.00,33.00,9.02,1.00,1.00,1.00
2026-04-01T00:08:00Z,96.00,99.00,99.00,99.00,99.00,94.82,85.00,70.00,40.00,33.00,9.01,1.00,1.00,1.00
2026-04-01T00:09:00Z,96.00,99.00,99.00,99.00,99.00,94.82,85.00,70.00,40.00,34.00,9.01,1.00,1.00,1.00
2026-04-01T00:10:00Z,96.00,99.00,99.00,99.00,99.00,94.82,85.00,70.00,40.00,34.00,9.01,1.00,1.00,1.00
2026-04-01T00:13:00Z,96.00,99.00,99.00,99.00,99.00,94.82,85.00,70.00,40.00,34.00,7.00,1.00,1.00,1.00
2026-04-01T00:21:00Z,96.00,99.00,99.00,99.00,99.00,94.82,85.00,70.00,40.00,34.00,7.00,1.00,1.00,1.00
2026-04-01T00:24:00Z,96.00,99.00,99.00,99.00,99.00,94.82,85.00,69.00,40.00,34.00,7.00,1.00,1.00,1.00
2026-04-01T00:25:00Z,96.00,99.00,99.00,99.00,99.00,94.82,85.00,69.00,41.75,34.00,7.00,1.00,1.00,1.00
2026-04-01T00:31:00Z,96.00,99.00,99.00,99.00,99.00,94.82,85.00,69.00,41.75,34.00,7.00,1.00,1.00,1.00
2026-04-01T00:37:00Z,96.00,99.00,99.00,99.00,99.00,94.82,85.00,69.00,41.75,33.50,7.00,1.00,1.00,1.00
2026-04-01T00:43:00Z,96.00,99.00,99.00,99.00,99.00,94.82,85.00,75.59,41.75,33.50,7.00,1.00,1.00,1.00
2026-04-01T00:53:00Z,96.00,99.00,99.00,99.00,99.00,94.82,85.00,75.59,41.75,36.00,7.00,1.00,1.00,1.00
2026-04-01T01:10:00Z,96.00,99.00,99.00,99.00,99.00,94.82,85.00,63.61,41.75,36.00,7.00,1.00,1.00,1.00
2026-04-01T01:11:00Z,96.00,99.00,99.00,99.00,99.00,94.82,85.00,63.61,41.75,36.00,7.00,1.00,1.00,1.00
2026-04-01T01:12:00Z,96.00,99.00,99.00,99.00,99.00,94.82,85.00,63.61,43.00,36.00,7.00,1.00,1.00,1.00
2026-04-01T01:16:00Z,96.00,99.00,99.00,99.00,99.00,93.00,85.00,63.61,43.00,36.00,7.00,1.00,1.00,1.00
2026-04-01T01:17:00Z,96.00,99.00,99.00,99.00,99.00,93.00,85.00,63.11,43.00,34.55,7.00,1.00,1.00,1.00
2026-04-01T01:21:00Z,96.00,99.00,99.00,99.00,99.00,93.00,85.00,63.11,43.00,35.00,11.00,1.00,1.00,1.00
2026-04-01T01:22:00Z,96.00,99.00,99.00,99.00,99.00,93.00,85.00,67.46,43.74,35.00,11.00,1.00,1.00,1.00
2026-04-01T01:26:00Z,96.00,99.00,99.00,99.00,99.00,93.00,85.00,67.46,43.74,35.00,11.00,1.00,1.00,1.00
2026-04-01T01:27:00Z,96.00,99.00,99.00,99.00,99.00,93.00,85.00,67.00,43.74,35.00,11.00,1.00,1.00,1.00
2026-04-01T01:29:00Z,96.00,99.00,99.00,99.00,99.00,93.00,85.00,67.00,43.97,35.00,11.00,1.00,1.00,1.00
2026-04-01T01:36:00Z,96.00,99.00,99.00,99.00,99.00,93.00,85.00,67.00,43.97,35.00,11.00,1.00,1.00,1.00
2026-04-01T01:40:00Z,96.00,99.00,99.00,99.00,99.00,93.00,85.00,67.00,43.97,35.00,11.00,1.00,1.00,1.00
2026-04-01T01:41:00Z,96.00,99.00,99.00,99.00,99.00,93.00,85.00,67.00,43.97,35.00,11.17,1.00,1.00,1.00
2026-04-01T01:43:00Z,96.00,99.00,99.00,99.00,99.00,93.00,85.00,67.00,43.97,35.00,11.17,1.00,1.00,1.00
2026-04-01T01:50:00Z,96.00,99.00,99.00,99.00,99.00,93.00,85.00,67.00,43.97,32.00,11.17,1.00,1.00,1.00
2026-04-01T01:55:00Z,96.00,99.00,99.00,99.00,99.00,93.00,85.00,68.71,43.97,32.00,11.17,1.00,1.00,1.00
2026-04-01T02:05:00Z,96.00,99.00,99.00,99.00,99.00,93.00,85.00,68.71,43.97,32.00,11.33,1.00,1.00,1.00
2026-04-01T02:07:00Z,96.00,99.00,99.00,99.00,99.00,93.00,85.00,68.71,43.97,31.00,11.33,1.00,1.00,1.00
2026-04-01T02:12:00Z,96.00,99.00,99.00,99.00,99.00,93.00,85.00,68.00,43.97,31.00,11.33,1.00,1.00,1.00
2026-04-01T02:16:00Z,96.00,99.00,99.00,99.00,99.00,93.00,85.00,68.00,37.35,31.00,11.33,1.00,1.00,1.00
2026-04-01T02:31:00Z,96.00,99.00,99.00,99.00,99.00,93.00,85.00,68.00,37.35,31.00,11.51,1.00,1.00,1.00
2026-04-01T02:33:00Z,96.00,99.00,99.00,99.00,99.00,93.00,85.00,68.00,37.35,32.00,11.51,1.00,1.00,1.00
2026-04-01T02:38:00Z,96.00,99.00,99.00,99.00,99.00,93.00,85.00,68.00,43.82,32.00,11.51,1.00,1.00,1.00
2026-04-01T02:40:00Z,96.00,99.00,99.00,99.00,99.00,93.00,85.00,66.00,43.82,30.63,11.00,1.00,1.00,1.00
2026-04-01T02:43:00Z,96.00,99.00,99.00,99.00,99.00,93.00,85.00,66.00,44.00,30.63,11.00,1.00,1.00,1.00
2026-04-01T02:45:00Z,96.00,99.00,99.00,99.00,99.00,93.00,85.00,66.00,44.00,30.00,11.00,1.00,1.00,1.00
2026-04-01T02:54:00Z,96.00,99.00,99.00,99.00,99.00,93.00,81.00,66.00,44.00,30.00,11.00,1.00,1.00,1.00
2026-04-01T02:55:00Z,96.00,99.00,99.00,99.00,99.00,93.00,80.00,66.00,44.00,30.00,11.00,1.00,1.00,1.00
2026-04-01T02:56:00Z,96.00,99.00,99.00,99.00,99.00,93.00,80.00,66.00,44.00,30.00,11.00,1.62,1.00,1.00
2026-04-01T02:57:00Z,96.00,99.00,99.00,99.00,99.00,93.00,80.00,66.00,44.00,30.00,11.33,1.62,1.00,1.00
2026-04-01T03:00:00Z,96.00,99.00,99.00,99.00,99.00,93.00,80.00,68.00,46.00,30.00,11.33,1.62,1.00,1.00
2026-04-01T03:02:00Z,96.00,99.00,99.00,99.00,99.00,93.00,80.00,68.00,47.00,30.00,11.33,2.00,1.00,1.00
2026-04-01T03:12:00Z,96.00,99.00,99.00,99.00,99.00,93.00,80.00,68.00,49.00,30.00,11.33,2.00,1.00,1.00
2026-04-01T03:13:00Z,96.00,99.00,99.00,99.00,99.00,93.00,80.00,68.00,49.00,28.00,11.33,2.00,1.00,1.00
2026-04-01T03:21:00Z,96.00,99.00,99.00,99.00,99.00,93.00,80.00,68.00,49.00,30.00,11.33,2.00,1.00,1.00
2026-04-01T03:25:00Z,96.00,99.00,99.00,99.00,99.00,93.00,80.00,68.00,49.00,30.00,11.33,1.00,1.00,1.00
2026-04-01T03:33:00Z,96.00,99.00,99.00,99.00,99.00,93.00,80.00,68.00,53.12,30.00,11.33,1.00,1.00,1.00
2026-04-01T03:34:00Z,96.00,99.00,99.00,99.00,99.00,93.00,80.00,68.00,56.00,30.00,11.33,1.00,1.00,1.00
2026-04-01T03:40:00Z,96.00,99.00,99.00,99.00,99.00,93.00,80.00,68.00,56.00,28.00,11.00,1.00,1.00,1.00
2026-04-01T03:44:00Z,96.00,99.00,99.00,99.00,99.00,93.00,80.00,68.00,56.00,30.00,11.00,1.00,1.00,1.00
2026-04-01T03:45:00Z,96.00,99.00,99.00,99.00,99.00,93.00,80.00,68.00,56.00,28.00,11.00,1.00,1.00,1.00
2026-04-01T03:50:00Z,96.00,99.00,99.00,99.00,99.00,93.00,80.00,68.00,56.00,30.00,11.00,1.00,1.00,1.00
2026-04-01T03:56:00Z,96.00,99.00,99.00,99.00,99.00,93.00,80.00,68.00,56.00,30.00,11.00,2.00,1.00,1.00
2026-04-01T03:58:00Z,96.00,99.00,99.00,99.00,99.00,93.00,80.00,68.00,54.62,30.00,11.00,2.00,1.00,1.00
2026-04-01T03:59:00Z,96.00,99.00,99.00,99.00,99.00,93.00,86.00,68.00,54.62,30.00,11.00,2.00,1.00,1.00
2026-04-01T04:02:00Z,96.00,99.00,99.00,99.00,99.00,93.00,86.00,68.00,54.62,30.00,11.00,2.00,1.00,1.00
2026-04-01T04:12:00Z,96.00,99.00,99.00,99.00,99.00,93.00,86.00,68.00,54.62,30.00,11.00,2.00,1.00,1.00
2026-04-01T04:16:00Z,96.00,99.00,99.00,99.00,99.00,93.00,86.00,68.00,55.00,30.00,11.00,2.00,1.00,1.00
2026-04-01T04:17:00Z,96.00,99.00,99.00,99.00,99.00,93.00,86.00,68.00,55.00,30.00,11.00,2.00,1.00,1.00
2026-04-01T04:31:00Z,96.00,99.00,99.00,99.00,99.00,93.00,86.00,68.00,55.00,28.00,11.00,2.00,1.00,1.00
2026-04-01T04:33:00Z,96.00,99.00,99.00,99.00,99.00,93.00,86.00,68.00,55.00,28.00,11.00,2.00,1.00,1.00
2026-04-01T04:41:00Z,96.00,99.00,99.00,99.00,99.00,93.00,86.00,68.00,55.00,30.00,11.00,2.00,1.00,1.00
2026-04-01T04:42:00Z,96.00,99.00,99.00,99.00,99.00,93.00,86.00,68.00,55.00,30.00,11.00,2.00,1.00,1.00
2026-04-01T04:45:00Z,96.00,99.00,99.00,99.00,99.00,93.00,86.00,68.00,55.00,30.00,11.00,2.00,1.00,1.00
2026-04-01T04:49:00Z,96.00,99.00,99.00,99.00,99.00,93.00,86.00,68.00,55.00,28.00,11.00,2.00,1.00,1.00
2026-04-01T04:50:00Z,96.00,99.00,99.00,99.00,99.00,93.00,86.00,68.00,56.64,28.00,11.00,2.00,1.00,1.00
2026-04-01T04:54:00Z,96.00,99.00,99.00,99.00,99.00,93.00,86.00,68.00,56.64,28.00,11.00,2.00,1.00,1.00
2026-04-01T04:55:00Z,96.00,99.00,99.00,99.00,99.00,93.00,86.00,68.00,56.64,28.00,11.49,2.00,1.00,1.00
2026-04-01T04:56:00Z,96.00,99.00,99.00,99.00,99.00,93.00,86.00,68.00,56.64,28.00,11.49,2.00,1.00,1.00
2026-04-01T05:01:00Z,96.00,99.00,99.00,99.00,99.00,93.00,86.00,68.00,56.64,28.00,11.49,2.00,1.00,1.00
2026-04-01T05:05:00Z,96.00,99.00,99.00,99.00,99.00,93.00,86.00,68.00,56.64,28.00,11.00,2.00,1.00,1.00
2026-04-01T05:07:00Z,96.00,99.00,99.00,99.00,99.00,93.00,86.00,68.00,55.00,28.00,8.00,2.00,1.00,1.00
2026-04-01T05:12:00Z,96.00,99.00,99.00,99.00,99.00,93.00,86.00,68.00,55.00,30.00,8.00,2.00,1.00,1.00
2026-04-01T05:34:00Z,96.00,99.00,99.00,99.00,99.00,93.00,86.00,68.00,55.00,30.00,8.00,2.00,1.00,1.00
2026-04-01T05:44:00Z,96.00,99.00,99.00,99.00,99.00,93.00,86.00,68.00,55.00,30.00,8.00,2.00,1.00,1.00
2026-04-01T05:45:00Z,96.00,99.00,99.00,99.00,99.00,93.00,86.00,68.00,57.00,32.00,8.00,2.00,1.00,1.00
2026-04-01T05:50:00Z,96.00,99.00,99.00,99.00,99.00,93.00,86.00,68.00,57.00,28.00,8.00,2.00,1.00,1.00
2026-04-01T05:51:00Z,96.00,99.00,99.00,99.00,99.00,93.00,86.00,68.00,57.00,28.00,8.00,2.00,1.00,1.00
2026-04-01T05:55:00Z,96.00,99.00,99.00,99.00,99.00,93.00,86.00,68.00,57.00,31.00,8.00,2.00,1.00,1.00
2026-04-01T06:02:00Z,96.00,99.00,99.00,99.00,99.00,93.00,85.00,68.00,57.00,31.00,11.48,2.00,1.00,1.00
2026-04-01T06:20:00Z,96.00,99.00,99.00,99.00,99.00,93.00,85.00,68.00,57.00,31.00,11.48,2.00,1.00,1.00
2026-04-01T06:21:00Z,96.00,99.00,99.00,99.00,99.00,93.00,85.00,68.00,57.00,31.00,11.48,2.00,1.00,1.00
2026-04-01T06:35:00Z,96.00,99.00,99.00,99.00,99.00,93.00,85.00,68.00,57.00,29.00,11.48,2.00,1.00,1.00
2026-04-01T06:40:00Z,96.00,99.00,99.00,99.00,99.00,93.00,85.00,68.67,57.00,29.00,10.95,2.00,1.00,1.00
2026-04-01T06:45:00Z,96.00,99.00,99.00,99.00,99.00,93.00,85.00,68.67,50.27,27.87,10.95,2.00,1.00,1.00
2026-04-01T07:07:00Z,96.00,99.00,99.00,99.00,99.00,93.00,85.00,69.00,50.27,27.87,10.95,2.00,1.00,1.00
2026-04-01T07:14:00Z,96.00,99.00,99.00,99.00,99.00,93.00,85.00,69.00,50.00,27.87,10.95,2.00,1.00,1.00
2026-04-01T07:15:00Z,96.00,99.00,99.00,99.00,99.00,93.00,85.00,69.00,50.00,30.00,10.95,2.00,1.00,1.00
2026-04-01T07:18:00Z,96.00,99.00,99.00,99.00,99.00,93.00,85.00,69.00,52.00,30.00,10.95,2.00,1.00,1.00
2026-04-01T07:20:00Z,96.00,99.00,99.00,99.00,99.00,93.00,85.00,69.00,52.00,30.00,10.95,2.00,1.00,1.00
2026-04-01T07:21:00Z,96.00,99.00,99.00,99.00,99.00,93.00,85.00,69.00,52.00,30.00,10.95,2.00,1.00,1.00
2026-04-01T07:35:00Z,96.00,99.00,99.00,99.00,99.00,93.00,85.00,69.00,52.00,30.00,10.95,2.00,1.00,1.00
2026-04-01T07:45:00Z,96.00,99.00,99.00,99.00,99.00,93.00,85.00,69.00,52.00,27.00,10.95,2.00,1.00,1.00
2026-04-01T08:01:00Z,96.00,99.00,99.00,99.00,99.00,93.00,85.00,69.00,52.00,27.00,10.95,2.00,1.00,1.00
2026-04-01T08:09:00Z,96.00,99.00,99.00,99.00,99.00,93.00,85.00,69.00,52.00,27.00,10.67,2.00,1.00,1.00
2026-04-01T08:10:00Z,96.00,99.00,99.00,99.00,99.00,93.00,85.00,69.00,52.00,27.00,10.67,2.00,1.00,1.00
2026-04-01T08:13:00Z,96.00,99.00,99.00,99.00,99.00,93.00,85.00,69.00,52.00,27.00,10.67,2.00,1.00,1.00
2026-04-01T08:35:00Z,96.00,99.00,99.00,99.00,99.00,93.00,85.00,69.00,52.00,27.00,10.67,2.00,1.00,1.00
2026-04-01T08:54:00Z,96.00,99.00,99.00,99.00,99.00,93.00,85.00,69.00,52.00,27.00,10.67,2.00,1.00,1.00
2026-04-01T09:14:00Z,96.00,99.00,99.00,99.00,99.00,93.00,85.00,69.00,52.00,30.00,10.67,2.00,1.00,1.00
2026-04-01T09:33:00Z,96.00,99.00,99.00,99.00,99.00,93.00,85.00,69.00,52.00,28.00,10.67,2.00,1.00,1.00
2026-04-01T09:45:00Z,96.00,99.00,99.00,99.00,99.00,93.00,85.00,69.00,52.00,30.00,10.67,2.00,1.00,1.00
2026-04-01T09:47:00Z,96.00,99.00,99.00,99.00,99.00,93.00,85.00,69.00,52.00,30.00,10.67,2.00,1.00,1.00
2026-04-01T09:52:00Z,96.00,99.00,99.00,99.00,99.00,93.00,85.00,69.00,52.00,30.00,10.67,2.00,1.00,1.00
2026-04-01T09:59:00Z,96.00,99.00,99.00,99.00,99.00,93.00,85.00,69.00,52.00,30.00,11.58,2.00,1.00,1.00
2026-04-01T10:00:00Z,96.00,99.00,99.00,99.00,99.00,93.00,85.00,69.00,52.00,30.00,11.58,2.00,1.00,1.00
2026-04-01T10:01:00Z,96.00,99.00,99.00,99.00,99.00,93.00,85.00,69.00,52.00,30.00,11.58,2.00,1.00,1.00
2026-04-01T10:02:00Z,96.00,99.00,99.00,99.00,99.00,93.00,85.00,69.00,52.00,31.00,11.58,2.00,1.00,1.00
2026-04-01T10:24:00Z,96.00,99.00,99.00,99.00,99.00,93.00,85.00,69.00,56.00,31.00,11.58,2.00,1.00,1.00
2026-04-01T10:25:00Z,96.00,99.00,99.00,99.00,99.00,93.00,85.00,69.00,56.00,31.00,11.58,2.00,1.00,1.00
2026-04-01T10:29:00Z,96.00,99.00,99.00,99.00,99.00,93.00,85.00,69.00,56.00,30.00,11.58,2.00,1.00,1.00
2026-04-01T10:39:00Z,96.00,99.00,99.00,99.00,99.00,93.00,85.00,69.00,56.00,30.00,11.00,2.00,1.00,1.00
2026-04-01T10:49:00Z,96.00,99.00,99.00,99.00,99.00,93.00,85.00,69.00,56.00,30.00,11.00,2.00,1.00,1.00
2026-04-01T11:31:00Z,96.00,99.00,99.00,99.00,99.00,93.00,85.00,69.00,56.00,30.00,11.00,2.00,1.00,1.00
2026-04-01T11:41:00Z,96.00,99.00,99.00,99.00,99.00,93.00,85.00,69.00,56.00,30.00,11.00,2.00,1.00,1.00
2026-04-01T11:47:00Z,96.00,99.00,99.00,99.00,99.00,93.00,85.00,72.73,56.00,33.44,11.00,2.00,1.00,1.00
2026-04-01T11:49:00Z,96.00,99.00,99.00,99.00,99.00,93.00,85.00,72.73,56.97,33.44,11.00,2.00,1.00,1.00
2026-04-01T12:01:00Z,96.00,99.00,99.00,99.00,99.00,93.00,85.25,72.73,56.97,33.44,11.00,2.00,1.00,1.00
2026-04-01T12:10:00Z,96.00,99.00,99.00,99.00,99.00,93.00,85.25,72.73,57.00,33.44,11.00,2.00,1.00,1.00
2026-04-01T12:22:00Z,96.00,99.00,99.00,99.00,99.00,93.00,85.25,72.73,57.00,33.44,11.00,2.00,1.00,1.00
2026-04-01T12:40:00Z,96.00,99.00,99.00,99.00,99.00,93.00,85.25,79.00,57.00,33.44,11.00,2.00,1.00,1.00
2026-04-01T12:51:00Z,96.00,99.00,99.00,99.00,99.00,93.00,85.25,79.00,57.00,33.44,11.00,2.00,1.00,1.00
2026-04-01T13:17:00Z,96.00,99.00,99.00,99.00,99.00,93.00,85.25,79.00,57.00,33.44,15.00,2.00,1.00,1.00
2026-04-01T13:23:00Z,96.00,99.00,99.00,99.00,99.00,93.00,85.25,79.00,57.00,37.97,15.00,2.00,1.00,1.00
2026-04-01T13:25:00Z,96.00,99.00,99.00,99.00,99.00,96.00,85.25,79.00,57.00,37.97,15.00,2.00,1.00,1.00
2026-04-01T13:43:00Z,96.00,99.00,99.00,99.00,99.00,96.00,87.00,79.00,57.00,36.80,15.00,2.00,1.00,1.00
2026-04-01T13:46:00Z,96.00,99.00,99.00,99.00,99.00,96.00,87.00,75.00,57.00,36.80,15.00,2.00,1.00,1.00
2026-04-01T13:53:00Z,96.00,99.00,99.00,99.00,99.00,96.00,87.00,75.00,57.00,36.80,15.00,2.01,1.00,1.00
2026-04-01T13:54:00Z,96.00,99.00,99.00,99.00,99.00,96.00,87.00,75.00,57.00,36.80,15.00,1.00,1.00,1.00
2026-04-01T13:58:00Z,96.00,99.00,99.00,99.00,99.00,96.00,87.00,75.00,57.00,35.69,15.00,1.00,1.00,1.00
2026-04-01T13:59:00Z,96.00,99.00,99.00,99.00,99.00,96.00,87.00,75.00,57.00,37.00,15.00,1.00,1.00,1.00
2026-04-01T14:00:00Z,96.00,99.00,99.00,99.00,99.00,96.00,87.00,75.00,57.00,37.91,15.00,1.00,1.00,1.00
2026-04-01T14:01:00Z,96.00,99.00,99.00,99.00,99.00,97.28,87.00,75.00,57.00,37.91,15.00,1.00,1.00,1.00
2026-04-01T14:12:00Z,96.00,99.00,99.00,99.00,99.00,97.28,91.85,75.00,57.00,32.73,16.47,1.00,1.00,1.00
2026-04-01T14:14:00Z,96.00,99.00,99.00,99.00,99.00,97.28,93.80,75.00,57.00,32.41,15.00,1.00,1.00,1.00
2026-04-01T14:16:00Z,96.00,99.00,99.00,99.00,99.00,97.28,93.80,75.00,60.93,32.41,15.00,1.00,1.00,1.00
2026-04-01T14:24:00Z,96.00,99.00,99.00,99.00,99.00,97.28,93.80,75.00,60.93,30.00,15.00,1.00,1.00,1.00
2026-04-01T14:33:00Z,96.00,99.00,99.00,99.00,99.00,98.00,93.80,75.00,60.93,30.00,15.00,1.00,1.00,1.00
2026-04-01T14:34:00Z,96.00,99.00,99.00,99.00,99.00,98.00,93.80,75.00,62.00,30.00,15.00,1.00,1.00,1.00
2026-04-01T14:39:00Z,96.00,99.00,99.00,99.00,99.00,98.00,93.80,75.00,62.00,30.00,15.00,1.00,1.00,1.00
2026-04-01T14:40:00Z,96.00,99.00,99.00,99.00,99.00,98.00,93.80,75.00,63.00,30.00,15.00,1.00,1.00,1.00
2026-04-01T14:43:00Z,96.00,99.00,99.00,99.00,99.00,98.00,93.80,78.00,63.00,30.00,15.00,1.00,1.00,1.00
2026-04-01T14:44:00Z,96.00,99.00,99.00,99.00,99.00,98.00,93.80,78.00,63.00,32.00,15.00,1.00,1.00,1.00
2026-04-01T14:46:00Z,96.00,99.00,99.00,99.00,99.00,98.00,93.80,78.00,63.00,30.00,15.00,1.00,1.00,1.00
2026-04-01T14:47:00Z,96.00,99.00,99.00,99.00,99.00,98.00,93.80,78.00,63.00,32.42,15.00,1.00,1.00,1.00
2026-04-01T14:48:00Z,96.00,99.00,99.00,99.00,99.00,98.00,93.80,78.00,63.00,32.42,15.00,1.00,1.00,1.00
2026-04-01T14:49:00Z,96.00,99.00,99.00,99.00,99.00,98.00,93.80,78.00,63.00,32.42,15.00,1.00,1.00,1.00
2026-04-01T15:01:00Z,96.00,99.00,99.00,99.00,99.00,98.00,93.80,78.00,63.00,32.42,15.00,1.00,1.00,1.00
2026-04-01T15:06:00Z,96.00,99.00,99.00,99.00,99.00,98.00,93.80,78.00,63.00,32.42,12.32,1.00,1.00,1.00
2026-04-01T15:07:00Z,96.00,99.00,99.00,99.00,99.00,98.00,93.80,78.00,63.00,32.42,12.32,1.00,1.00,1.00
2026-04-01T15:08:00Z,96.00,99.00,99.00,99.00,99.00,98.00,93.80,78.00,63.00,32.95,12.32,1.00,1.00,1.00
2026-04-01T15:09:00Z,96.00,99.00,99.00,99.00,99.00,98.00,93.80,78.00,63.00,32.95,11.34,1.00,1.00,1.00
2026-04-01T15:14:00Z,96.00,99.00,99.00,99.00,99.00,98.00,93.80,78.00,63.00,33.00,11.34,1.00,1.00,1.00
2026-04-01T15:15:00Z,96.00,99.00,99.00,99.00,99.00,98.00,93.80,78.00,63.00,33.00,11.34,1.00,1.00,1.00
2026-04-01T15:16:00Z,96.00,99.00,99.00,99.00,99.00,98.00,93.80,78.00,63.00,33.00,11.34,1.00,1.00,1.00
2026-04-01T15:19:00Z,96.00,99.00,99.00,99.00,99.00,98.00,93.80,78.00,63.00,33.00,11.34,1.00,1.00,1.00
2026-04-01T15:23:00Z,96.00,99.00,99.00,99.00,99.00,98.00,93.80,78.00,63.00,33.00,11.97,1.00,1.00,1.00
2026-04-01T15:24:00Z,96.00,99.00,99.00,99.00,99.00,98.00,93.80,78.00,63.00,33.00,11.97,1.00,1.00,1.00
2026-04-01T15:25:00Z,96.00,99.00,99.00,99.00,99.00,98.00,93.80,78.00,63.00,33.00,13.00,1.00,1.00,1.00
2026-04-01T15:29:00Z,96.00,99.00,99.00,99.00,99.00,98.00,93.80,78.00,63.00,31.00,13.00,1.00,1.00,1.00
2026-04-01T15:31:00Z,96.00,99.00,99.00,99.00,99.00,98.00,93.80,78.00,63.00,32.77,13.00,1.00,1.00,1.00
2026-04-01T15:36:00Z,96.00,99.00,99.00,99.00,99.00,98.00,93.80,78.00,63.00,32.77,13.00,1.00,1.00,1.00
2026-04-01T15:37:00Z,96.00,99.00,99.00,99.00,99.00,98.00,93.80,78.00,63.00,32.77,13.05,1.00,1.00,1.00
2026-04-01T15:39:00Z,96.00,99.00,99.00,99.00,99.00,98.00,93.80,75.50,62.00,32.77,13.05,1.00,1.00,1.00
2026-04-01T15:41:00Z,96.00,99.00,99.00,99.00,99.00,98.00,93.80,75.50,62.00,32.77,13.05,1.64,1.00,1.00
2026-04-01T15:43:00Z,96.00,99.00,99.00,99.00,99.00,98.00,93.80,75.00,62.00,33.00,13.05,1.64,1.00,1.00
2026-04-01T15:44:00Z,96.00,99.00,99.00,99.00,99.00,98.00,96.00,75.00,62.00,33.00,13.05,1.64,1.00,1.00
2026-04-01T15:46:00Z,96.00,99.00,99.00,99.00,99.00,98.00,96.00,75.00,62.00,33.00,13.05,1.64,1.00,1.00
2026-04-01T15:48:00Z,96.00,99.00,99.00,99.00,99.00,98.00,96.00,75.00,62.00,31.00,13.05,1.64,1.00,1.00
2026-04-01T15:49:00Z,96.00,99.00,99.00,99.00,99.00,98.00,96.00,78.00,62.00,31.00,13.05,1.64,1.00,1.00
2026-04-01T15:54:00Z,96.00,99.00,99.00,99.00,99.00,98.00,96.00,78.00,62.61,31.00,13.05,1.64,1.00,1.00
2026-04-01T16:02:00Z,96.00,99.00,99.00,99.00,99.00,98.00,96.00,78.00,62.61,31.00,14.75,1.64,1.00,1.00
2026-04-01T16:03:00Z,96.00,99.00,99.00,99.00,99.00,98.00,96.00,78.00,64.00,31.00,14.75,1.64,1.00,1.00
2026-04-01T16:07:00Z,96.00,99.00,99.00,99.00,99.00,98.00,96.00,78.00,64.00,29.59,14.75,1.64,1.00,1.00
2026-04-01T16:11:00Z,96.00,99.00,99.00,99.00,99.00,98.00,96.00,78.00,64.00,31.00,14.75,1.64,1.00,1.00
2026-04-01T16:13:00Z,96.00,99.00,99.00,99.00,99.00,98.00,96.00,76.00,65.00,31.00,14.75,1.64,1.00,1.00
2026-04-01T16:18:00Z,96.00,99.00,99.00,99.00,99.00,98.00,96.00,76.00,65.00,30.00,14.75,2.00,1.00,1.00
2026-04-01T16:19:00Z,96.00,99.00,99.00,99.00,99.00,98.00,96.00,76.00,64.00,30.00,14.75,2.00,1.00,1.00
2026-04-01T16:23:00Z,96.00,99.00,99.00,99.00,99.00,98.00,96.00,76.00,64.00,30.00,14.75,2.00,1.00,1.00
2026-04-01T16:24:00Z,96.00,99.00,99.00,99.00,99.00,98.00,96.00,76.00,64.00,30.00,14.75,2.00,1.00,1.00
2026-04-01T16:32:00Z,96.00,99.00,99.00,99.00,99.00,98.00,96.00,77.00,64.00,30.00,14.75,2.00,1.00,1.00
2026-04-01T16:36:00Z,96.00,99.00,99.00,99.00,99.00,98.00,96.00,77.00,64.00,30.00,14.75,2.00,1.00,1.00
2026-04-01T16:39:00Z,96.00,99.00,99.00,99.00,99.00,98.00,96.00,77.00,64.00,30.00,14.75,2.00,1.00,1.00
2026-04-01T16:40:00Z,96.00,99.00,99.00,99.00,99.00,98.00,96.56,77.00,64.00,30.00,14.75,2.00,1.00,1.00
2026-04-01T16:41:00Z,96.00,99.00,99.00,99.00,99.00,98.00,96.56,77.85,64.00,30.00,14.75,2.00,1.00,1.00
2026-04-01T16:45:00Z,96.00,99.00,99.00,99.00,99.00,98.00,96.56,78.00,64.00,30.00,14.75,2.00,1.00,1.00
2026-04-01T16:46:00Z,96.00,99.00,99.00,99.00,99.00,98.00,96.56,78.00,64.00,30.00,14.75,2.00,1.00,1.00
2026-04-01T16:47:00Z,96.00,99.00,99.00,99.00,99.00,98.00,96.56,78.00,64.00,30.00,14.75,2.00,1.00,1.00
2026-04-01T16:48:00Z,96.00,99.00,99.00,99.00,99.00,98.00,96.56,78.00,64.00,30.00,14.75,2.00,1.00,1.00
2026-04-01T16:49:00Z,96.00,99.00,99.00,99.00,99.00,98.00,96.56,78.00,64.00,28.00,14.75,2.00,1.00,1.00
2026-04-01T16:52:00Z,96.00,99.00,99.00,99.00,99.00,98.00,96.56,78.00,64.00,28.00,14.75,2.00,1.00,1.00
2026-04-01T16:53:00Z,96.00,99.00,99.00,99.00,99.00,98.00,96.56,78.00,64.00,28.00,12.00,2.00,1.00,1.00
2026-04-01T16:54:00Z,96.00,99.00,99.00,99.00,99.00,98.00,96.56,78.00,64.00,28.00,12.00,1.99,1.00,1.00
2026-04-01T16:56:00Z,96.00,99.00,99.00,99.00,99.00,98.00,96.56,78.00,65.00,28.00,12.00,1.99,1.00,1.00
2026-04-01T16:58:00Z,96.00,99.00,99.00,99.00,99.00,98.00,96.56,78.00,65.00,29.96,12.00,1.99,1.00,1.00
2026-04-01T17:06:00Z,96.00,99.00,99.00,99.00,99.00,98.00,96.56,78.00,65.00,29.96,12.00,1.99,1.00,1.00
2026-04-01T17:08:00Z,96.00,99.00,99.00,99.00,99.00,98.00,96.56,78.00,65.00,34.00,12.00,1.99,1.00,1.00
2026-04-01T17:11:00Z,96.00,99.00,99.00,99.00,99.00,98.00,96.56,78.00,65.00,33.00,12.00,1.99,1.00,1.00
2026-04-01T17:15:00Z,96.00,99.00,99.00,99.00,99.00,98.00,96.56,78.00,65.00,33.00,15.00,2.00,1.00,1.00
2026-04-01T17:16:00Z,96.00,99.00,99.00,99.00,99.00,98.00,96.56,78.00,65.00,33.00,15.00,2.00,1.00,1.00
2026-04-01T17:20:00Z,96.00,99.00,99.00,99.00,99.00,98.00,96.56,78.00,65.00,33.00,15.00,2.00,1.00,1.00
2026-04-01T17:21:00Z,96.00,99.00,99.00,99.00,99.00,98.00,96.56,78.00,65.00,32.00,15.00,2.00,1.00,1.00
2026-04-01T17:24:00Z,96.00,99.00,99.00,99.00,99.00,98.00,96.56,78.00,65.00,32.00,15.00,2.00,1.00,1.00
2026-04-01T17:25:00Z,96.00,99.00,99.00,99.00,99.00,98.00,96.56,78.00,65.00,30.00,15.00,2.00,1.00,1.00
2026-04-01T17:26:00Z,96.00,99.00,99.00,99.00,99.00,98.00,96.56,77.56,65.00,30.00,15.00,2.00,1.00,1.00
2026-04-01T17:27:00Z,96.00,99.00,99.00,99.00,99.00,98.00,96.56,77.56,65.00,31.96,15.00,2.00,1.00,1.00
2026-04-01T17:29:00Z,96.00,99.00,99.00,99.00,99.00,98.00,96.56,77.56,65.00,31.96,15.00,2.00,1.00,1.00
2026-04-01T17:30:00Z,96.00,99.00,99.00,99.00,99.00,98.00,96.56,77.56,65.00,32.00,15.00,2.00,1.00,1.00
2026-04-01T17:32:00Z,96.00,99.00,99.00,99.00,99.00,98.00,96.56,77.56,65.00,29.00,15.00,2.00,1.00,1.00
2026-04-01T17:33:00Z,96.00,99.00,99.00,99.00,99.00,98.00,96.56,77.00,65.00,29.00,15.00,2.00,1.00,1.00
2026-04-01T17:34:00Z,96.00,99.00,99.00,99.00,99.00,98.00,96.56,77.00,65.00,29.00,15.00,2.00,1.00,1.00
2026-04-01T17:36:00Z,96.00,99.00,99.00,99.00,99.00,98.00,96.56,77.23,65.00,29.00,15.00,2.00,1.00,1.00
2026-04-01T17:37:00Z,96.00,99.00,99.00,99.00,99.00,98.00,96.00,78.00,66.97,31.00,15.00,2.00,1.00,1.00
2026-04-01T17:39:00Z,96.00,99.00,99.00,99.00,99.00,98.00,96.00,78.00,66.97,32.00,15.00,2.00,1.00,1.00
2026-04-01T17:41:00Z,96.00,99.00,99.00,99.00,99.00,98.00,96.00,78.64,66.00,32.00,15.00,2.00,1.00,1.00
2026-04-01T17:42:00Z,96.00,99.00,99.00,99.00,99.00,98.00,96.00,81.00,66.00,32.27,15.00,2.00,1.00,1.00
2026-04-01T17:43:00Z,96.00,99.00,99.00,99.00,99.00,98.00,96.00,83.64,66.00,32.27,15.00,2.00,1.00,1.00
2026-04-01T17:45:00Z,96.00,99.00,99.00,99.00,99.00,98.00,96.00,80.33,62.69,28.01,15.00,2.00,1.00,1.00
2026-04-01T17:48:00Z,96.00,99.00,99.00,99.00,99.00,98.00,96.00,73.00,62.69,26.43,15.00,2.00,1.00,1.00
2026-04-01T17:50:00Z,96.00,99.00,99.00,99.00,99.00,98.00,96.00,73.00,62.69,27.99,15.00,2.00,1.00,1.00
2026-04-01T17:51:00Z,96.00,99.00,99.00,99.00,99.00,98.00,96.00,73.00,62.69,32.22,15.00,2.00,1.00,1.00
2026-04-01T17:52:00Z,96.00,99.00,99.00,99.00,99.00,98.00,96.00,73.00,62.69,31.58,15.00,2.00,1.00,1.00
2026-04-01T17:53:00Z,96.00,99.00,99.00,99.00,99.00,98.00,96.00,72.00,62.69,31.58,15.00,2.00,1.00,1.00
2026-04-01T17:54:00Z,96.00,99.00,99.00,99.00,99.00,98.00,96.00,72.00,62.69,31.58,14.00,2.00,1.00,1.00
2026-04-01T17:55:00Z,96.00,99.00,99.00,99.00,99.00,98.00,96.00,72.65,62.69,31.58,14.00,2.00,1.00,1.00
2026-04-01T17:56:00Z,96.00,99.00,99.00,99.00,99.00,98.00,96.00,72.65,62.69,31.58,14.00,2.00,1.00,1.00
2026-04-01T17:57:00Z,96.00,99.00,99.00,99.00,99.00,98.00,96.00,72.65,62.69,31.00,14.00,2.00,1.00,1.00
2026-04-01T18:00:00Z,96.00,99.00,99.00,99.00,99.00,98.00,96.00,72.65,62.69,32.46,14.00,2.00,1.00,1.00
2026-04-01T18:03:00Z,96.00,99.00,99.00,99.00,99.00,98.00,96.00,76.00,62.69,32.46,14.00,2.00,1.00,1.00
2026-04-01T18:05:00Z,96.00,99.00,99.00,99.00,99.00,98.00,96.00,76.00,62.69,33.00,14.00,2.00,1.00,1.00
2026-04-01T18:11:00Z,96.00,99.00,99.00,99.00,99.00,98.00,96.00,76.00,62.69,35.00,14.00,2.00,1.00,1.00
2026-04-01T18:12:00Z,96.00,99.00,99.00,99.00,99.00,98.00,96.00,76.00,59.00,35.00,14.00,2.00,1.00,1.00
2026-04-01T18:20:00Z,96.00,99.00,99.00,99.00,99.00,98.00,96.00,76.00,63.00,35.00,14.00,2.00,1.00,1.00
2026-04-01T18:21:00Z,96.00,99.00,99.00,99.00,99.00,98.00,96.00,76.73,63.00,35.00,14.00,2.00,1.00,1.00
2026-04-01T18:25:00Z,96.00,99.00,99.00,99.00,99.00,98.00,96.00,76.73,63.00,35.00,14.00,2.00,1.00,1.00
2026-04-01T18:28:00Z,96.00,99.00,99.00,99.00,99.00,98.00,96.00,80.13,63.00,35.00,14.00,2.00,1.00,1.00
2026-04-01T18:32:00Z,96.00,99.00,99.00,99.00,99.00,98.00,96.00,80.13,63.00,33.00,14.00,2.00,1.00,1.00
2026-04-01T18:34:00Z,96.00,99.00,99.00,99.00,99.00,98.00,96.00,80.13,63.00,33.00,14.00,2.00,1.00,1.00
2026-04-01T18:35:00Z,96.00,99.00,99.00,99.00,99.00,98.00,96.00,80.13,63.00,33.00,14.00,2.00,1.00,1.00
2026-04-01T18:37:00Z,96.00,99.00,99.00,99.00,99.00,98.00,96.00,81.00,63.00,33.00,14.00,2.00,1.00,1.00
2026-04-01T18:38:00Z,96.00,99.00,99.00,99.00,99.00,98.00,96.00,81.00,64.00,34.00,14.00,2.00,1.00,1.00
2026-04-01T18:39:00Z,96.00,99.00,99.00,99.00,99.00,98.00,96.00,81.00,64.00,34.00,14.00,2.00,1.00,1.00
2026-04-01T18:40:00Z,96.00,99.00,99.00,99.00,99.00,98.00,96.00,81.00,64.00,33.00,14.00,2.00,1.00,1.00
2026-04-01T18:42:00Z,96.00,99.00,99.00,99.00,99.00,98.00,96.00,81.00,63.00,31.00,14.00,2.00,1.00,1.00
2026-04-01T18:45:00Z,96.00,99.00,99.00,99.00,99.00,98.00,96.00,81.00,63.00,30.00,14.00,2.00,1.00,1.00
2026-04-01T18:46:00Z,96.00,99.00,99.00,99.00,99.00,98.00,96.00,82.00,63.00,30.00,14.00,2.00,1.00,1.00
2026-04-01T18:54:00Z,96.00,99.00,99.00,99.00,99.00,98.00,96.00,82.00,61.00,30.00,14.00,2.00,1.00,1.00
2026-04-01T18:58:00Z,96.00,99.00,99.00,99.00,99.00,98.00,96.00,82.13,61.00,30.00,14.00,2.00,1.00,1.00
2026-04-01T19:03:00Z,96.00,99.00,99.00,99.00,99.00,98.00,96.00,83.00,61.00,30.00,14.00,2.00,1.00,1.00
2026-04-01T19:08:00Z,96.00,99.00,99.00,99.00,99.00,98.00,96.00,83.00,61.00,33.00,14.00,2.00,1.00,1.00
2026-04-01T19:14:00Z,96.00,99.00,99.00,99.00,99.00,98.00,96.00,83.00,61.00,33.00,14.00,2.00,1.00,1.00
2026-04-01T19:17:00Z,96.00,99.00,99.00,99.00,99.00,98.00,96.00,83.00,61.00,33.00,14.00,2.00,1.00,1.00
2026-04-01T19:18:00Z,96.00,99.00,99.00,99.00,99.00,98.00,96.00,83.00,60.00,33.00,14.00,2.00,1.00,1.00
2026-04-01T19:19:00Z,96.00,99.00,99.00,99.00,99.00,98.00,96.00,83.00,61.00,33.00,14.00,2.00,1.00,1.00
2026-04-01T19:24:00Z,96.00,99.00,99.00,99.00,99.00,98.00,96.00,83.00,64.63,33.00,14.00,2.00,1.00,1.00
2026-04-01T19:30:00Z,96.00,99.00,99.00,99.00,99.00,98.00,96.00,86.00,64.63,34.00,14.00,2.00,1.00,1.00
2026-04-01T19:31:00Z,96.00,99.00,99.00,99.00,99.00,98.00,96.00,86.00,64.63,36.00,14.00,2.00,1.00,1.00
2026-04-01T19:32:00Z,96.00,99.00,99.00,99.00,99.00,98.00,96.00,86.00,64.63,36.00,14.00,2.00,1.00,1.00
2026-04-01T19:36:00Z,96.00,99.00,99.00,99.00,99.00,98.00,96.00,86.00,64.63,36.00,14.00,2.00,1.00,1.00
2026-04-01T19:39:00Z,96.00,99.00,99.00,99.00,99.00,98.00,96.00,86.00,64.63,36.00,14.27,2.00,1.00,1.00
2026-04-01T19:40:00Z,96.00,99.00,99.00,99.00,99.00,98.00,96.00,86.00,64.63,36.00,14.27,2.00,1.00,1.00
2026-04-01T19:45:00Z,96.00,99.00,99.00,99.00,99.00,98.00,96.00,86.00,64.63,36.00,15.00,2.00,1.00,1.00
2026-04-01T19:47:00Z,96.00,99.00,99.00,99.00,99.00,98.00,96.00,86.00,64.63,36.00,15.00,2.00,1.00,1.00
2026-04-01T19:48:00Z,96.00,99.00,99.00,99.00,99.00,98.00,96.00,84.00,64.63,35.03,15.00,2.00,1.00,1.00
2026-04-01T19:49:00Z,96.00,99.00,99.00,99.00,99.00,98.00,96.00,83.00,64.63,35.03,15.00,2.00,1.00,1.00
2026-04-01T19:50:00Z,96.00,99.00,99.00,99.00,99.00,98.00,96.00,83.00,64.63,37.00,15.00,2.00,1.00,1.00
2026-04-01T19:56:00Z,96.00,99.00,99.00,99.00,99.00,98.00,96.00,83.00,64.63,37.00,15.00,2.00,1.00,1.00
2026-04-01T20:00:00Z,96.00,99.00,99.00,99.00,99.00,98.00,96.00,83.33,64.63,37.00,15.00,2.00,1.00,1.00
2026-04-01T20:03:00Z,96.00,99.00,99.00,99.00,99.00,98.00,96.00,83.33,64.63,38.00,15.00,2.00,1.00,1.00
2026-04-01T20:10:00Z,96.00,99.00,99.00,99.00,99.00,98.00,96.00,83.33,64.63,39.95,15.00,2.00,1.00,1.00
2026-04-01T20:11:00Z,96.00,99.00,99.00,99.00,99.00,98.00,96.00,83.33,64.63,40.00,15.00,2.00,1.00,1.00
2026-04-01T20:19:00Z,96.00,99.00,99.00,99.00,99.00,98.00,96.00,83.33,64.63,40.00,15.00,2.00,1.00,1.00
2026-04-01T20:20:00Z,96.00,99.00,99.00,99.00,99.00,98.00,96.00,83.33,67.54,40.00,15.00,2.00,1.00,1.00
2026-04-01T20:27:00Z,96.00,99.00,99.00,99.00,99.00,98.00,96.00,83.33,68.00,40.00,15.00,2.00,1.00,1.00
2026-04-01T20:28:00Z,96.00,99.00,99.00,99.00,99.00,98.00,96.00,83.33,68.00,41.00,15.00,2.00,1.00,1.00
2026-04-01T20:29:00Z,96.00,99.00,99.00,99.00,99.00,98.00,96.00,83.33,68.00,41.00,15.00,2.00,1.00,1.00
2026-04-01T20:30:00Z,96.00,99.00,99.00,99.00,99.00,98.00,96.00,83.33,68.00,40.91,15.00,2.00,1.00,1.00
2026-04-01T20:31:00Z,96.00,99.00,99.00,99.00,99.00,98.00,96.00,83.33,68.00,40.91,15.00,2.00,1.00,1.00
2026-04-01T20:32:00Z,96.00,99.00,99.00,99.00,99.00,98.00,96.00,83.33,68.00,41.82,15.00,2.00,1.00,1.00
2026-04-01T20:33:00Z,96.00,99.00,99.00,99.00,99.00,98.00,96.00,83.33,68.00,41.82,15.00,2.00,1.00,1.00
2026-04-01T20:34:00Z,96.00,99.00,99.00,99.00,99.00,98.00,96.00,87.00,68.00,41.82,15.00,2.56,1.00,1.00
2026-04-01T20:35:00Z,96.00,99.00,99.00,99.00,99.00,98.00,96.00,83.42,64.30,41.82,15.00,2.56,1.00,1.00
2026-04-01T20:37:00Z,96.00,99.00,99.00,99.00,99.00,98.00,96.00,83.42,64.30,32.79,15.00,2.00,1.00,1.00
2026-04-01T20:38:00Z,96.00,99.00,99.00,99.00,99.00,98.00,96.00,83.09,64.00,32.79,9.95,2.00,1.00,1.00
2026-04-01T20:39:00Z,96.00,99.00,99.00,99.00,99.00,98.00,96.00,82.00,64.00,32.79,9.95,2.00,1.00,1.00
2026-04-01T20:40:00Z,96.00,99.00,99.00,99.00,99.00,98.00,96.00,82.00,63.00,32.79,7.00,1.00,1.00,1.00
2026-04-01T20:41:00Z,96.00,99.00,99.00,99.00,99.00,98.00,96.00,82.00,63.00,24.78,7.00,1.00,1.00,1.00
2026-04-01T20:45:00Z,96.00,99.00,99.00,99.00,99.00,98.00,96.00,81.25,63.00,24.78,7.00,1.00,1.00,1.00
2026-04-01T20:47:00Z,96.00,99.00,99.00,99.00,99.00,98.00,97.00,81.25,63.00,24.78,7.00,1.00,1.00,1.00
2026-04-01T20:49:00Z,96.00,99.00,99.00,99.00,99.00,98.00,97.00,81.25,63.00,28.10,7.00,1.00,1.00,1.00
2026-04-01T20:50:00Z,96.00,99.00,99.00,99.00,99.00,98.00,97.00,80.00,63.00,28.10,7.00,1.00,1.00,1.00
2026-04-01T20:53:00Z,96.00,99.00,99.00,99.00,99.00,98.00,97.00,80.00,60.00,28.10,7.00,1.00,1.00,1.00
2026-04-01T20:54:00Z,96.00,99.00,99.00,99.00,99.00,98.00,97.00,80.00,60.00,28.10,7.00,1.00,1.00,1.00
2026-04-01T20:56:00Z,96.00,99.00,99.00,99.00,99.00,98.00,97.00,80.00,60.00,27.33,7.00,1.00,1.00,1.00
2026-04-01T20:57:00Z,96.00,99.00,99.00,99.00,99.00,98.00,97.00,80.00,60.00,29.00,7.00,1.00,1.00,1.00
2026-04-01T20:59:00Z,96.00,99.00,99.00,99.00,99.00,98.00,97.00,80.00,60.00,29.00,7.00,1.00,1.00,1.00
2026-04-01T21:06:00Z,96.00,99.00,99.00,99.00,99.00,98.00,97.00,80.00,60.00,31.00,7.00,1.00,1.00,1.00
2026-04-01T21:07:00Z,96.00,99.00,99.00,99.00,99.00,98.00,97.00,80.00,60.00,31.00,7.00,1.00,1.00,1.00
2026-04-01T21:08:00Z,96.00,99.00,99.00,99.00,99.00,98.00,97.00,80.00,60.00,31.00,7.00,1.00,1.00,1.00
2026-04-01T21:11:00Z,96.00,99.00,99.00,99.00,99.00,98.00,97.00,80.00,60.00,27.03,7.00,1.00,1.00,1.00
2026-04-01T21:19:00Z,96.00,99.00,99.00,99.00,99.00,98.00,97.00,79.37,49.31,23.44,5.88,1.00,1.00,1.00
2026-04-01T21:25:00Z,96.00,99.00,99.00,99.00,99.00,98.00,97.00,79.37,49.31,21.00,5.88,1.00,1.00,1.00
2026-04-01T21:26:00Z,96.00,99.00,99.00,99.00,99.00,98.00,97.00,79.37,49.31,20.16,3.00,1.00,1.00,1.00
2026-04-01T21:27:00Z,96.00,99.00,99.00,99.00,99.00,98.00,91.58,79.37,49.31,20.16,3.00,1.00,1.00,1.00
2026-04-01T21:31:00Z,96.00,99.00,99.00,99.00,99.00,98.00,91.58,79.37,49.31,20.16,3.00,1.00,1.00,1.00
2026-04-01T21:34:00Z,96.00,99.00,99.00,99.00,99.00,98.00,91.58,79.37,49.31,19.00,3.00,1.00,1.00,1.00
2026-04-01T21:36:00Z,96.00,99.00,99.00,99.00,99.00,98.00,91.58,79.37,49.31,20.00,3.00,1.00,1.00,1.00
2026-04-01T21:42:00Z,96.00,99.00,99.00,99.00,99.00,98.00,91.58,79.37,49.31,20.00,3.00,1.00,1.00,1.00
2026-04-01T22:03:00Z,96.00,99.00,99.00,99.00,99.00,98.00,91.58,79.37,49.31,23.38,3.00,1.00,1.00,1.00
2026-04-01T22:07:00Z,96.00,99.00,99.00,99.00,99.00,98.00,91.58,79.37,52.00,23.38,3.00,1.00,1.00,1.00
2026-04-01T22:10:00Z,96.00,99.00,99.00,99.00,99.00,98.00,91.58,79.37,52.00,19.11,3.00,1.00,1.00,1.00
2026-04-01T22:11:00Z,96.00,99.00,99.00,99.00,99.00,98.00,91.58,79.37,53.00,19.11,3.00,1.00,1.00,1.00
2026-04-01T22:13:00Z,96.00,99.00,99.00,99.00,99.00,98.00,91.58,79.37,52.11,19.11,3.00,1.00,1.00,1.00
2026-04-01T22:34:00Z,96.00,99.00,99.00,99.00,99.00,98.00,91.58,79.37,52.11,19.11,6.00,1.00,1.00,1.00
2026-04-01T22:40:00Z,96.00,99.00,99.00,99.00,99.00,98.00,91.58,73.00,52.11,19.11,6.00,1.00,1.00,1.00
2026-04-01T22:55:00Z,96.00,99.00,99.00,99.00,99.00,98.00,91.58,73.00,53.71,19.11,6.00,1.00,1.00,1.00
2026-04-01T22:59:00Z,96.00,99.00,99.00,99.00,99.00,98.00,91.58,73.00,53.71,19.11,7.00,1.00,1.00,1.00
2026-04-01T23:15:00Z,96.00,99.00,99.00,99.00,99.00,98.00,91.58,73.00,53.71,19.11,7.00,1.00,1.00,1.00
2026-04-01T23:23:00Z,96.00,99.00,99.00,99.00,99.00,98.00,91.58,73.00,53.71,19.11,7.00,1.00,1.00,1.00
2026-04-01T23:26:00Z,96.00,99.00,99.00,99.00,99.00,98.00,91.58,70.00,53.71,19.11,7.00,1.00,1.00,1.00
2026-04-01T23:32:00Z,96.00,99.00,99.00,99.00,99.00,98.00,91.58,70.00,53.71,19.00,7.00,1.00,1.00,1.00
2026-04-02T00:01:00Z,96.00,99.00,99.00,99.00,99.00,98.00,91.58,70.00,53.71,24.00,7.00,1.00,1.00,1.00
2026-04-02T00:07:00Z,96.00,99.00,99.00,99.00,99.00,98.00,91.58,70.00,53.71,25.72,7.00,1.00,1.00,1.00
2026-04-02T00:12:00Z,96.00,99.00,99.00,99.00,99.00,98.00,91.58,74.00,53.71,25.72,7.00,1.00,1.00,1.00
2026-04-02T00:13:00Z,96.00,99.00,99.00,99.00,99.00,98.00,91.58,74.00,53.71,25.72,7.00,1.00,1.00,1.00
2026-04-02T00:28:00Z,96.00,99.00,99.00,99.00,99.00,98.00,91.58,74.00,53.71,20.00,7.00,1.00,1.00,1.00
2026-04-02T00:30:00Z,96.00,99.00,99.00,99.00,99.00,98.00,91.58,74.00,53.71,21.00,7.00,1.00,1.00,1.00
2026-04-02T00:33:00Z,96.00,99.00,99.00,99.00,99.00,98.00,91.58,73.00,53.71,21.00,7.00,1.00,1.00,1.00
2026-04-02T00:47:00Z,96.00,99.00,99.00,99.00,99.00,98.00,91.58,70.33,53.71,21.00,7.00,1.00,1.00,1.00
2026-04-02T00:49:00Z,96.00,99.00,99.00,99.00,99.00,98.00,91.58,70.33,57.80,21.00,7.00,1.00,1.00,1.00
2026-04-02T01:02:00Z,96.00,99.00,99.00,99.00,99.00,98.00,91.58,73.00,57.80,21.00,7.00,1.00,1.00,1.00
2026-04-02T01:04:00Z,96.00,99.00,99.00,99.00,99.00,98.00,91.58,73.00,57.80,21.00,7.00,1.00,1.00,1.00
2026-04-02T01:05:00Z,96.00,99.00,99.00,99.00,99.00,98.00,91.58,73.00,57.80,21.00,7.00,1.00,1.00,1.00
2026-04-02T01:06:00Z,96.00,99.00,99.00,99.00,99.00,98.00,91.58,73.00,61.27,21.00,7.00,1.00,1.00,1.00
2026-04-02T01:10:00Z,96.00,99.00,99.00,99.00,99.00,98.00,91.58,73.00,65.00,21.00,7.00,1.00,1.00,1.00
2026-04-02T01:24:00Z,96.00,99.00,99.00,99.00,99.00,98.00,91.58,73.00,65.00,21.00,7.00,1.00,1.00,1.00
2026-04-02T01:26:00Z,96.00,99.00,99.00,99.00,99.00,98.00,91.58,73.00,65.00,25.09,7.00,1.00,1.00,1.00
2026-04-02T01:27:00Z,96.00,99.00,99.00,99.00,99.00,98.00,91.58,69.00,65.00,25.09,7.00,1.00,1.00,1.00
2026-04-02T01:34:00Z,96.00,99.00,99.00,99.00,99.00,98.00,91.58,69.00,65.00,20.00,7.00,1.00,1.00,1.00
2026-04-02T01:45:00Z,96.00,99.00,99.00,99.00,99.00,98.00,91.58,69.00,65.00,24.94,7.00,1.00,1.00,1.00
2026-04-02T01:47:00Z,96.00,99.00,99.00,99.00,99.00,98.00,91.58,69.00,65.00,20.00,7.00,1.00,1.00,1.00
2026-04-02T01:54:00Z,96.00,99.00,99.00,99.00,99.00,98.00,91.58,69.00,65.00,20.00,7.00,1.00,1.00,1.00
2026-04-02T02:01:00Z,96.00,99.00,99.00,99.00,99.00,98.00,91.58,69.00,65.00,20.00,6.37,1.00,1.00,1.00
2026-04-02T02:06:00Z,96.00,99.00,99.00,99.00,99.00,98.00,91.58,69.00,64.00,20.00,6.37,1.00,1.00,1.00
2026-04-02T02:07:00Z,96.00,99.00,99.00,99.00,99.00,98.00,91.58,76.86,64.00,20.00,6.37,1.00,1.00,1.00
2026-04-02T02:14:00Z,96.00,99.00,99.00,99.00,99.00,98.00,91.58,76.86,65.90,20.00,6.37,1.00,1.00,1.00
2026-04-02T02:16:00Z,96.00,99.00,99.00,99.00,99.00,98.00,91.58,76.86,66.33,20.00,6.37,1.00,1.00,1.00
2026-04-02T02:23:00Z,96.00,99.00,99.00,99.00,99.00,98.00,91.58,76.22,66.33,20.00,6.37,1.00,1.00,1.00
2026-04-02T02:32:00Z,96.00,99.00,99.00,99.00,99.00,98.00,91.58,71.00,66.33,20.00,6.37,1.00,1.00,1.00
2026-04-02T02:33:00Z,96.00,99.00,99.00,99.00,99.00,98.00,91.58,71.00,66.33,21.17,6.37,1.00,1.00,1.00
2026-04-02T02:36:00Z,96.00,99.00,99.00,99.00,99.00,98.00,91.58,71.00,66.33,26.67,6.00,1.00,1.00,1.00
2026-04-02T02:37:00Z,96.00,99.00,99.00,99.00,99.00,98.00,91.58,71.00,66.33,26.67,4.00,1.00,1.00,1.00
2026-04-02T02:38:00Z,96.00,99.00,99.00,99.00,99.00,98.00,91.58,69.96,66.33,26.67,4.00,1.00,1.00,1.00
2026-04-02T02:46:00Z,96.00,99.00,99.00,99.00,99.00,98.00,91.58,69.96,66.33,26.67,6.93,1.00,1.00,1.00
2026-04-02T02:50:00Z,96.00,99.00,99.00,99.00,99.00,98.00,91.58,69.96,66.33,27.33,6.93,1.00,1.00,1.00
2026-04-02T02:55:00Z,96.00,99.00,99.00,99.00,99.00,98.00,91.58,77.66,66.33,27.33,6.93,1.00,1.00,1.00
2026-04-02T02:58:00Z,96.00,99.00,99.00,99.00,99.00,98.00,91.58,77.66,66.33,27.00,6.93,1.00,1.00,1.00
2026-04-02T03:08:00Z,96.00,99.00,99.00,99.00,99.00,98.00,91.58,77.66,66.33,27.00,6.93,1.00,1.00,1.00
2026-04-02T03:10:00Z,96.00,99.00,99.00,99.00,99.00,98.00,91.58,77.66,66.33,27.00,6.93,1.00,1.00,1.00
2026-04-02T03:11:00Z,96.00,99.00,99.00,99.00,99.00,98.00,91.58,78.00,66.33,27.00,6.93,1.00,1.00,1.00
2026-04-02T03:15:00Z,96.00,99.00,99.00,99.00,99.00,98.00,91.58,78.00,66.33,27.00,6.24,1.00,1.00,1.00
2026-04-02T03:19:00Z,96.00,99.00,99.00,99.00,99.00,98.00,91.58,78.00,66.33,28.00,6.24,1.00,1.00,1.00
2026-04-02T03:43:00Z,96.00,99.00,99.00,99.00,99.00,99.00,91.58,78.00,66.33,28.00,6.24,1.00,1.00,1.00
2026-04-02T03:44:00Z,96.00,99.00,99.00,99.00,99.00,99.00,91.58,78.00,66.33,25.00,6.24,1.00,1.00,1.00
2026-04-02T03:48:00Z,96.00,99.00,99.00,99.00,99.00,99.00,91.58,78.00,66.33,25.00,5.00,1.00,1.00,1.00
2026-04-02T03:50:00Z,96.00,99.00,99.00,99.00,99.00,99.00,91.58,78.00,67.00,25.00,5.00,1.00,1.00,1.00
2026-04-02T03:51:00Z,96.00,99.00,99.00,99.00,99.00,99.00,91.58,78.00,67.00,25.00,5.00,1.00,1.00,1.00
2026-04-02T03:52:00Z,96.00,99.00,99.00,99.00,99.00,99.00,91.58,82.00,67.00,25.00,5.00,1.00,1.00,1.00
2026-04-02T03:56:00Z,96.00,99.00,99.00,99.00,99.00,99.00,91.58,82.00,67.00,25.00,5.00,1.00,1.00,1.00
2026-04-02T03:57:00Z,96.00,99.00,99.00,99.00,99.00,99.00,91.58,82.00,67.00,27.92,5.00,1.00,1.00,1.00
2026-04-02T04:02:00Z,96.00,99.00,99.00,99.00,99.00,99.00,91.58,82.00,67.00,28.00,5.00,1.00,1.00,1.00
2026-04-02T04:10:00Z,96.00,99.00,99.00,99.00,99.00,99.00,91.58,82.00,67.00,28.00,5.00,1.00,1.00,1.00
2026-04-02T04:13:00Z,96.00,99.00,99.00,99.00,99.00,99.00,96.00,82.00,67.00,28.00,5.00,1.00,1.00,1.00
2026-04-02T04:18:00Z,96.00,99.00,99.00,99.00,99.00,99.00,96.00,82.00,67.00,28.00,5.00,1.00,1.00,1.00
2026-04-02T04:25:00Z,96.00,99.00,99.00,99.00,99.00,99.00,96.00,82.00,67.00,28.00,7.00,1.00,1.00,1.00
2026-04-02T04:27:00Z,96.00,99.00,99.00,99.00,99.00,99.00,96.00,82.00,67.00,28.00,7.89,1.00,1.00,1.00
2026-04-02T04:30:00Z,96.00,99.00,99.00,99.00,99.00,99.00,96.00,82.00,67.20,28.00,7.89,1.00,1.00,1.00
2026-04-02T04:31:00Z,96.00,99.00,99.00,99.00,99.00,99.00,96.00,82.00,67.20,27.00,7.89,1.00,1.00,1.00
2026-04-02T04:42:00Z,96.00,99.00,99.00,99.00,99.00,99.00,96.00,82.00,67.20,28.00,7.89,1.00,1.00,1.00
2026-04-02T04:55:00Z,96.00,99.00,99.00,99.00,99.00,99.00,96.00,82.00,67.20,29.93,7.89,1.00,1.00,1.00
2026-04-02T04:56:00Z,96.00,99.00,99.00,99.00,99.00,99.00,96.00,82.00,67.20,30.00,7.89,1.00,1.00,1.00
2026-04-02T05:03:00Z,96.00,99.00,99.00,99.00,99.00,99.00,96.00,82.71,67.20,30.00,7.89,1.00,1.00,1.00
2026-04-02T05:04:00Z,96.00,99.00,99.00,99.00,99.00,99.00,96.00,82.71,67.20,30.00,7.89,1.00,1.00,1.00
2026-04-02T05:05:00Z,96.00,99.00,99.00,99.00,99.00,99.00,96.00,82.00,67.00,30.00,7.89,1.00,1.00,1.00
2026-04-02T05:09:00Z,96.00,99.00,99.00,99.00,99.00,99.00,96.00,82.00,67.00,30.00,7.89,1.00,1.00,1.00
2026-04-02T05:23:00Z,96.00,99.00,99.00,99.00,99.00,99.00,96.00,82.00,67.00,30.00,7.89,1.00,1.00,1.00
2026-04-02T05:34:00Z,96.00,99.00,99.00,99.00,99.00,99.00,96.00,82.00,67.00,30.00,7.89,1.00,1.00,1.00
2026-04-02T05:50:00Z,96.00,99.00,99.00,99.00,99.00,99.00,96.00,82.00,67.00,30.00,7.89,1.00,1.00,1.00
2026-04-02T05:53:00Z,96.00,99.00,99.00,99.00,99.00,99.00,96.00,82.00,68.00,30.00,7.89,1.00,1.00,1.00
2026-04-02T05:55:00Z,96.00,99.00,99.00,99.00,99.00,99.00,96.00,82.00,68.00,30.00,7.00,1.00,1.00,1.00
2026-04-02T06:25:00Z,96.00,99.00,99.00,99.00,99.00,99.00,96.00,82.00,68.00,30.00,7.00,1.00,1.00,1.00
2026-04-02T06:31:00Z,96.00,99.00,99.00,99.00,99.00,99.00,96.00,82.00,68.00,29.00,7.00,1.00,1.00,1.00
2026-04-02T06:41:00Z,96.00,99.00,99.00,99.00,99.00,99.00,96.00,82.00,68.00,29.00,7.00,1.00,1.00,1.00
2026-04-02T06:42:00Z,96.00,99.00,99.00,99.00,99.00,99.00,96.00,82.00,68.00,30.00,7.00,1.00,1.00,1.00
2026-04-02T06:54:00Z,96.00,99.00,99.00,99.00,99.00,99.00,96.00,82.00,68.00,29.00,7.00,1.00,1.00,1.00
2026-04-02T09:01:00Z,96.00,99.00,99.00,99.00,99.00,99.00,96.00,82.00,68.00,29.00,7.00,1.00,1.00,1.00
2026-04-02T09:04:00Z,96.00,99.00,99.00,99.00,99.00,99.00,96.00,82.00,68.00,30.00,7.00,1.00,1.00,1.00
2026-04-02T09:14:00Z,96.00,99.00,99.00,99.00,99.00,99.00,96.00,82.00,68.00,30.00,7.00,1.00,1.00,1.00
2026-04-02T09:22:00Z,96.00,99.00,99.00,99.00,99.00,99.00,96.00,82.00,68.00,30.00,7.00,1.00,1.00,1.00
2026-04-02T09:31:00Z,96.00,99.00,99.00,99.00,99.00,99.00,96.00,82.00,68.00,30.00,7.00,1.00,1.00,1.00
2026-04-02T09:32:00Z,96.00,99.00,99.00,99.00,99.00,99.00,96.00,82.00,68.00,30.00,7.00,1.00,1.00,1.00
2026-04-02T09:34:00Z,96.00,99.00,99.00,99.00,99.00,99.00,96.00,82.00,68.00,32.60,7.00,1.00,1.00,1.00
2026-04-02T09:37:00Z,96.00,99.00,99.00,99.00,99.00,99.00,96.00,82.00,68.00,33.80,7.00,1.00,1.00,1.00
2026-04-02T09:43:00Z,96.00,99.00,99.00,99.00,99.00,99.00,96.00,82.00,68.00,28.00,7.00,1.00,1.00,1.00
2026-04-02T09:45:00Z,96.00,99.00,99.00,99.00,99.00,99.00,96.00,82.00,68.00,28.00,7.44,1.00,1.00,1.00
2026-04-02T09:46:00Z,96.00,99.00,99.00,99.00,99.00,99.00,96.00,82.00,68.00,28.00,7.44,1.00,1.00,1.00
2026-04-02T09:53:00Z,96.00,99.00,99.00,99.00,99.00,99.00,96.00,82.00,68.00,28.00,7.00,1.00,1.00,1.00
2026-04-02T10:35:00Z,96.00,99.00,99.00,99.00,99.00,99.00,96.00,82.00,68.00,28.00,7.00,1.00,1.00,1.00
2026-04-02T10:46:00Z,96.00,99.00,99.00,99.00,99.00,99.00,96.00,82.00,68.00,28.00,7.00,1.00,1.00,1.00
2026-04-02T10:53:00Z,96.00,99.00,99.00,99.00,99.00,99.00,96.00,82.00,68.00,28.00,7.00,1.00,1.00,1.00
2026-04-02T11:01:00Z,96.00,99.00,99.00,99.00,99.00,99.00,96.00,82.00,68.00,28.00,7.00,1.00,1.00,1.00
2026-04-02T11:03:00Z,96.00,99.00,99.00,99.00,99.00,99.00,96.00,82.00,68.00,28.00,7.00,1.00,1.00,1.00
2026-04-02T11:15:00Z,96.00,99.00,99.00,99.00,99.00,99.00,96.00,77.15,68.00,28.00,7.00,1.00,1.00,1.00
2026-04-02T11:31:00Z,96.00,99.00,99.00,99.00,99.00,99.00,96.00,77.15,68.00,28.00,7.00,1.00,1.00,1.00
2026-04-02T11:45:00Z,96.00,99.00,99.00,99.00,99.00,99.00,96.00,77.15,68.00,30.00,7.00,1.00,1.00,1.00
2026-04-02T12:02:00Z,96.00,99.00,99.00,99.00,99.00,99.00,96.00,77.15,68.00,32.00,7.00,1.00,1.00,1.00
2026-04-02T12:06:00Z,96.00,99.00,99.00,99.00,99.00,99.00,96.00,81.78,68.00,32.00,7.00,1.00,1.00,1.00
2026-04-02T12:10:00Z,96.00,99.00,99.00,99.00,99.00,99.00,96.00,86.00,68.00,32.00,7.00,1.00,1.00,1.00
2026-04-02T12:11:00Z,96.00,99.00,99.00,99.00,99.00,99.00,96.00,86.52,68.00,32.64,10.00,1.00,1.00,1.00
2026-04-02T12:12:00Z,96.00,99.00,99.00,99.00,99.00,99.00,96.00,86.75,68.00,32.64,10.00,1.00,1.00,1.00
2026-04-02T12:13:00Z,96.00,99.00,99.00,99.00,99.00,99.00,96.00,88.69,68.00,32.64,10.00,1.00,1.00,1.00
2026-04-02T12:24:00Z,96.00,99.00,99.00,99.00,99.00,99.00,96.00,88.69,68.00,32.78,10.00,1.00,1.00,1.00
2026-04-02T12:34:00Z,96.00,99.00,99.00,99.00,99.00,99.00,96.00,88.69,68.00,30.00,10.00,1.00,1.00,1.00
2026-04-02T12:38:00Z,96.00,99.00,99.00,99.00,99.00,99.00,96.00,88.69,68.61,30.00,10.00,1.00,1.00,1.00
2026-04-02T12:39:00Z,96.00,99.00,99.00,99.00,99.00,99.00,96.00,88.69,69.00,30.00,10.00,1.00,1.00,1.00
2026-04-02T12:40:00Z,96.00,99.00,99.00,99.00,99.00,99.00,96.00,88.69,70.00,30.00,10.00,1.00,1.00,1.00
2026-04-02T12:42:00Z,96.00,99.00,99.00,99.00,99.00,99.00,96.00,88.69,70.00,32.70,10.00,1.00,1.00,1.00
2026-04-02T12:45:00Z,96.00,99.00,99.00,99.00,99.00,99.00,96.00,88.69,70.00,32.70,10.00,1.00,1.00,1.00
2026-04-02T12:48:00Z,96.00,99.00,99.00,99.00,99.00,99.00,96.00,88.69,70.00,33.00,10.00,1.00,1.00,1.00
2026-04-02T12:57:00Z,96.00,99.00,99.00,99.00,99.00,99.00,96.00,88.69,70.00,31.00,10.00,1.00,1.00,1.00
2026-04-02T13:01:00Z,96.00,99.00,99.00,99.00,99.00,99.00,96.00,88.69,70.00,34.10,10.00,1.00,1.00,1.00
2026-04-02T13:03:00Z,96.00,99.00,99.00,99.00,99.00,99.00,96.00,88.69,70.00,34.10,12.00,1.00,1.00,1.00
2026-04-02T13:04:00Z,96.00,99.00,99.00,99.00,99.00,99.00,96.00,88.69,70.00,34.10,12.00,1.00,1.00,1.00
2026-04-02T13:06:00Z,96.00,99.00,99.00,99.00,99.00,99.00,96.00,88.69,70.00,37.03,12.00,1.00,1.00,1.00
2026-04-02T13:09:00Z,96.00,99.00,99.00,99.00,99.00,99.00,96.00,88.69,70.00,43.25,15.27,1.00,1.00,1.00
2026-04-02T13:13:00Z,96.00,99.00,99.00,99.00,99.00,99.00,96.00,88.69,69.00,43.25,15.27,1.00,1.00,1.00
2026-04-02T13:14:00Z,96.00,99.00,99.00,99.00,99.00,99.00,96.00,88.69,73.00,43.25,15.27,1.00,1.00,1.00
2026-04-02T13:16:00Z,96.00,99.00,99.00,99.00,99.00,99.00,96.00,88.69,73.00,43.25,15.27,1.00,1.00,1.00
2026-04-02T13:19:00Z,96.00,99.00,99.00,99.00,99.00,99.00,96.00,88.69,73.00,45.20,15.27,1.00,1.00,1.00
2026-04-02T13:20:00Z,96.00,99.00,99.00,99.00,99.00,99.00,97.00,88.69,73.00,45.20,15.27,1.00,1.00,1.00
2026-04-02T13:27:00Z,96.00,99.00,99.00,99.00,99.00,99.00,97.00,88.69,73.00,45.52,15.27,1.00,1.00,1.00
2026-04-02T13:32:00Z,96.00,99.00,99.00,99.00,99.00,99.00,97.00,88.69,73.00,53.00,15.27,1.00,1.00,1.00
2026-04-02T13:33:00Z,96.00,99.00,99.00,99.00,99.00,99.00,97.00,91.00,73.00,53.00,15.27,1.00,1.00,1.00
2026-04-02T13:39:00Z,96.00,99.00,99.00,99.00,99.00,99.00,97.00,91.00,73.00,57.11,15.27,1.00,1.00,1.00
2026-04-02T13:42:00Z,96.00,99.00,99.00,99.00,99.00,99.00,97.00,91.00,73.00,57.11,17.00,1.00,1.00,1.00
2026-04-02T13:44:00Z,96.00,99.00,99.00,99.00,99.00,99.00,96.00,91.00,73.00,57.11,17.00,1.00,1.00,1.00
2026-04-02T13:46:00Z,96.00,99.00,99.00,99.00,99.00,99.00,96.00,91.00,73.00,57.11,18.00,1.00,1.00,1.00
2026-04-02T13:49:00Z,96.00,99.00,99.00,99.00,99.00,99.00,96.00,91.00,73.00,57.11,18.00,1.00,1.00,1.00
2026-04-02T13:50:00Z,96.00,99.00,99.00,99.00,99.00,99.00,96.00,91.00,73.00,57.13,18.00,1.00,1.00,1.00
2026-04-02T13:51:00Z,96.00,99.00,99.00,99.00,99.00,99.00,96.00,91.00,73.00,57.13,18.00,1.00,1.00,1.00
2026-04-02T13:56:00Z,96.00,99.00,99.00,99.00,99.00,99.00,96.00,91.00,73.00,59.00,18.00,1.00,1.00,1.00
2026-04-02T13:57:00Z,96.00,99.00,99.00,99.00,99.00,99.00,96.00,91.00,73.00,59.00,18.00,1.00,1.00,1.00
2026-04-02T14:06:00Z,96.00,99.00,99.00,99.00,99.00,99.00,96.00,91.00,77.00,59.00,18.00,1.00,1.00,1.00
2026-04-02T14:07:00Z,96.00,99.00,99.00,99.00,99.00,99.00,96.00,91.00,77.00,59.00,7.00,1.00,1.00,1.00
2026-04-02T14:08:00Z,96.00,99.00,99.00,99.00,99.00,99.00,96.00,91.00,78.00,59.00,7.00,1.00,1.00,1.00
2026-04-02T14:12:00Z,96.00,99.00,99.00,99.00,99.00,99.00,96.00,91.00,78.00,52.00,7.00,1.00,1.00,1.00
2026-04-02T14:13:00Z,96.00,99.00,99.00,99.00,99.00,99.00,96.00,90.00,78.00,52.00,7.00,1.00,1.00,1.00
2026-04-02T14:14:00Z,96.00,99.00,99.00,99.00,99.00,99.00,96.00,90.00,78.00,52.00,7.00,1.00,1.00,1.00
2026-04-02T14:15:00Z,96.00,99.00,99.00,99.00,99.00,99.00,97.14,90.00,78.00,52.00,7.00,1.00,1.00,1.00
2026-04-02T14:16:00Z,96.00,99.00,99.00,99.00,99.00,99.00,97.14,90.00,78.00,52.00,7.00,1.00,1.00,1.00
2026-04-02T14:17:00Z,96.00,99.00,99.00,99.00,99.00,99.00,97.14,90.00,78.00,43.46,7.00,1.00,1.00,1.00
2026-04-02T14:21:00Z,96.00,99.00,99.00,99.00,99.00,99.00,97.14,90.00,78.00,41.80,7.00,1.00,1.00,1.00
2026-04-02T14:24:00Z,96.00,99.00,99.00,99.00,99.00,99.00,97.14,90.00,78.00,45.99,7.00,1.00,1.00,1.00
2026-04-02T14:27:00Z,96.00,99.00,99.00,99.00,99.00,99.00,97.14,90.00,78.00,46.90,7.00,1.00,1.00,1.00
2026-04-02T14:29:00Z,96.00,99.00,99.00,99.00,99.00,99.00,97.14,90.00,73.65,46.90,7.00,1.00,1.00,1.00
2026-04-02T14:30:00Z,96.00,99.00,99.00,99.00,99.00,99.00,97.14,90.00,77.00,47.78,7.00,1.00,1.00,1.00
2026-04-02T14:31:00Z,96.00,99.00,99.00,99.00,99.00,99.00,97.14,92.00,77.00,48.00,7.00,1.00,1.00,1.00
2026-04-02T14:32:00Z,96.00,99.00,99.00,99.00,99.00,99.00,97.14,92.00,77.00,48.00,15.07,1.00,1.00,1.00
2026-04-02T14:35:00Z,96.00,99.00,99.00,99.00,99.00,99.00,98.00,92.00,77.00,48.00,15.07,1.00,1.00,1.00
2026-04-02T14:36:00Z,96.00,99.00,99.00,99.00,99.00,99.00,98.00,92.00,77.00,48.00,15.07,1.00,1.00,1.00
2026-04-02T14:37:00Z,96.00,99.00,99.00,99.00,99.00,99.00,98.00,92.00,77.00,48.00,14.00,1.00,1.00,1.00
2026-04-02T14:38:00Z,96.00,99.00,99.00,99.00,99.00,99.00,98.00,92.00,77.00,45.98,14.00,1.00,1.00,1.00
2026-04-02T14:39:00Z,96.00,99.00,99.00,99.00,99.00,99.00,98.00,92.00,77.00,45.50,14.00,1.00,1.00,1.00
2026-04-02T14:40:00Z,96.00,99.00,99.00,99.00,99.00,99.00,98.00,92.00,77.00,45.50,14.00,1.00,1.00,1.00
2026-04-02T14:49:00Z,96.00,99.00,99.00,99.00,99.00,99.00,98.00,92.00,77.00,45.50,13.75,1.00,1.00,1.00
2026-04-02T14:50:00Z,96.00,99.00,99.00,99.00,99.00,99.00,98.00,92.00,77.00,40.79,15.00,1.00,1.00,1.00
2026-04-02T14:54:00Z,96.00,99.00,99.00,99.00,99.00,99.00,98.00,92.00,78.00,40.79,15.00,1.00,1.00,1.00
2026-04-02T14:55:00Z,96.00,99.00,99.00,99.00,99.00,99.00,98.00,92.00,78.00,40.79,15.00,1.00,1.00,1.00
2026-04-02T14:57:00Z,96.00,99.00,99.00,99.00,99.00,99.00,98.00,92.00,78.00,45.00,15.00,1.00,1.00,1.00
2026-04-02T14:58:00Z,96.00,99.00,99.00,99.00,99.00,99.00,98.00,92.00,78.00,45.00,15.00,1.00,1.00,1.00
2026-04-02T14:59:00Z,96.00,99.00,99.00,99.00,99.00,99.00,98.00,94.06,78.00,45.00,15.00,1.00,1.00,1.00
2026-04-02T15:00:00Z,96.00,99.00,99.00,99.00,99.00,99.00,98.00,94.06,77.00,45.00,15.00,1.00,1.00,1.00
2026-04-02T15:03:00Z,96.00,99.00,99.00,99.00,99.00,99.00,98.00,91.83,77.00,45.00,15.00,1.00,1.00,1.00
2026-04-02T15:05:00Z,96.00,99.00,99.00,99.00,99.00,99.00,98.00,91.83,78.00,45.00,15.00,1.00,1.00,1.00
2026-04-02T15:10:00Z,96.00,99.00,99.00,99.00,99.00,99.00,98.00,91.83,78.00,45.00,15.00,1.00,1.00,1.00
2026-04-02T15:11:00Z,96.00,99.00,99.00,99.00,99.00,99.00,98.00,91.83,78.00,45.00,19.00,1.00,1.00,1.00
2026-04-02T15:15:00Z,96.00,99.00,99.00,99.00,99.00,99.00,98.00,91.83,78.00,45.00,19.00,1.00,1.00,1.00
2026-04-02T15:22:00Z,96.00,99.00,99.00,99.00,99.00,99.00,98.00,91.83,78.00,45.00,19.00,1.00,1.00,1.00
2026-04-02T15:33:00Z,96.00,99.00,99.00,99.00,99.00,99.00,98.00,89.06,78.00,45.00,19.00,1.00,1.00,1.00
2026-04-02T15:35:00Z,96.00,99.00,99.00,99.00,99.00,99.00,98.00,89.06,78.00,45.00,19.00,1.00,1.00,1.00
2026-04-02T15:36:00Z,96.00,99.00,99.00,99.00,99.00,99.00,98.00,89.06,78.00,47.00,19.00,1.00,1.00,1.00
2026-04-02T15:43:00Z,96.00,99.00,99.00,99.00,99.00,99.00,98.00,89.06,78.00,49.80,17.00,1.00,1.00,1.00
2026-04-02T15:50:00Z,96.00,99.00,99.00,99.00,99.00,99.00,98.00,89.06,78.00,47.40,17.00,1.00,1.00,1.00
2026-04-02T15:55:00Z,96.00,99.00,99.00,99.00,99.00,99.00,98.00,89.06,78.00,48.00,17.00,1.00,1.00,1.00
2026-04-02T15:56:00Z,96.00,99.00,99.00,99.00,99.00,99.00,98.00,89.06,78.00,48.00,17.00,1.00,1.00,1.00
2026-04-02T15:58:00Z,96.00,99.00,99.00,99.00,99.00,99.00,98.00,89.06,78.00,48.00,17.00,1.00,1.00,1.00
2026-04-02T16:11:00Z,96.00,99.00,99.00,99.00,99.00,99.00,98.00,94.03,78.00,48.00,17.00,1.00,1.00,1.00
2026-04-02T16:12:00Z,96.00,99.00,99.00,99.00,99.00,99.00,98.00,94.03,78.00,50.00,17.00,1.00,1.00,1.00
2026-04-02T16:17:00Z,96.00,99.00,99.00,99.00,99.00,99.00,98.00,94.03,78.00,50.00,17.00,1.00,1.00,1.00
2026-04-02T16:19:00Z,96.00,99.00,99.00,99.00,99.00,99.00,98.00,94.03,78.00,48.10,17.00,1.00,1.00,1.00
2026-04-02T16:26:00Z,96.00,99.00,99.00,99.00,99.00,99.00,98.00,94.03,78.00,48.10,17.00,1.00,1.00,1.00
2026-04-02T16:29:00Z,96.00,99.00,99.00,99.00,99.00,99.00,98.00,94.03,84.91,48.10,17.00,1.00,1.00,1.00
2026-04-02T16:30:00Z,96.00,99.00,99.00,99.00,99.00,99.00,98.00,94.03,84.91,48.10,23.00,1.00,1.00,1.00
2026-04-02T16:32:00Z,96.00,99.00,99.00,99.00,99.00,99.00,98.00,94.03,84.91,47.00,23.00,1.00,1.00,1.00
2026-04-02T16:34:00Z,96.00,99.00,99.00,99.00,99.00,99.00,98.00,95.00,84.91,47.00,23.00,1.00,1.00,1.00
2026-04-02T16:35:00Z,96.00,99.00,99.00,99.00,99.00,99.00,98.00,93.00,84.91,47.00,23.00,1.00,1.00,1.00
2026-04-02T16:44:00Z,96.00,99.00,99.00,99.00,99.00,99.00,98.00,93.00,79.27,47.00,23.00,1.00,1.00,1.00
2026-04-02T16:45:00Z,96.00,99.00,99.00,99.00,99.00,99.00,98.00,95.00,79.27,47.00,23.00,1.00,1.00,1.00
2026-04-02T16:49:00Z,96.00,99.00,99.00,99.00,99.00,99.00,98.00,95.00,79.27,49.00,23.00,1.00,1.00,1.00
2026-04-02T16:53:00Z,96.00,99.00,99.00,99.00,99.00,99.00,98.00,95.00,79.27,50.00,23.00,1.00,1.00,1.00
2026-04-02T17:00:00Z,96.00,99.00,99.00,99.00,99.00,99.00,98.00,95.00,79.27,50.00,23.00,1.00,1.00,1.00
2026-04-02T17:01:00Z,96.00,99.00,99.00,99.00,99.00,99.00,98.00,95.00,79.27,50.00,23.00,1.00,1.00,1.00
2026-04-02T17:02:00Z,96.00,99.00,99.00,99.00,99.00,99.00,98.00,95.00,79.27,50.00,23.00,1.00,1.00,1.00
2026-04-02T17:03:00Z,96.00,99.00,99.00,99.00,99.00,99.00,98.00,83.90,79.27,50.00,23.00,1.00,1.00,1.00
2026-04-02T17:04:00Z,96.00,99.00,99.00,99.00,99.00,99.00,98.00,93.00,79.27,50.00,23.00,1.00,1.00,1.00
2026-04-02T17:09:00Z,96.00,99.00,99.00,99.00,99.00,99.00,98.00,93.00,79.27,47.40,23.00,1.00,1.00,1.00
2026-04-02T17:14:00Z,96.00,99.00,99.00,99.00,99.00,99.00,98.00,93.00,79.27,41.01,23.00,1.00,1.00,1.00
2026-04-02T17:15:00Z,96.00,99.00,99.00,99.00,99.00,99.00,98.00,93.00,79.27,48.00,23.00,1.00,1.00,1.00
2026-04-02T17:17:00Z,96.00,99.00,99.00,99.00,99.00,99.00,98.00,93.00,79.27,48.00,18.00,1.00,1.00,1.00
2026-04-02T17:19:00Z,96.00,99.00,99.00,99.00,99.00,99.00,98.00,93.00,79.27,48.00,14.34,1.00,1.00,1.00
2026-04-02T17:20:00Z,96.00,99.00,99.00,99.00,99.00,99.00,98.00,93.00,79.27,48.00,14.34,1.00,1.00,1.00
2026-04-02T17:21:00Z,96.00,99.00,99.00,99.00,99.00,99.00,98.00,92.00,79.27,48.00,14.34,1.00,1.00,1.00
2026-04-02T17:24:00Z,96.00,99.00,99.00,99.00,99.00,99.00,98.00,90.00,79.27,48.00,14.34,1.00,1.00,1.00
2026-04-02T17:29:00Z,96.00,99.00,99.00,99.00,99.00,99.00,98.00,90.00,79.51,43.71,14.34,1.00,1.00,1.00
2026-04-02T17:35:00Z,96.00,99.00,99.00,99.00,99.00,99.00,98.00,92.00,79.51,43.71,14.34,1.00,1.00,1.00
2026-04-02T17:38:00Z,96.00,99.00,99.00,99.00,99.00,99.00,98.00,92.00,79.51,43.71,15.00,1.00,1.00,1.00
2026-04-02T17:47:00Z,96.00,99.00,99.00,99.00,99.00,99.00,98.00,91.00,79.51,43.71,15.00,1.00,1.00,1.00
2026-04-02T17:54:00Z,96.00,99.00,99.00,99.00,99.00,99.00,98.00,92.00,79.00,46.31,15.00,1.00,1.00,1.00
2026-04-02T17:56:00Z,96.00,99.00,99.00,99.00,99.00,99.00,98.00,92.00,81.00,41.22,15.00,1.00,1.00,1.00
2026-04-02T17:57:00Z,96.00,99.00,99.00,99.00,99.00,99.00,98.00,92.00,81.00,46.88,15.00,1.00,1.00,1.00
2026-04-02T17:59:00Z,96.00,99.00,99.00,99.00,99.00,99.00,98.00,92.00,81.00,41.00,15.00,1.00,1.00,1.00
2026-04-02T18:00:00Z,96.00,99.00,99.00,99.00,99.00,99.00,98.00,92.00,79.00,41.05,15.00,1.00,1.00,1.00
2026-04-02T18:01:00Z,96.00,99.00,99.00,99.00,99.00,99.00,98.00,92.00,79.00,41.00,10.00,1.00,1.00,1.00
2026-04-02T18:04:00Z,96.00,99.00,99.00,99.00,99.00,99.00,98.00,92.00,79.00,33.97,10.00,1.00,1.00,1.00
2026-04-02T18:05:00Z,96.00,99.00,99.00,99.00,99.00,99.00,98.00,92.00,79.00,33.97,10.00,1.00,1.00,1.00
2026-04-02T18:07:00Z,96.00,99.00,99.00,99.00,99.00,99.00,98.00,92.00,79.00,32.14,10.00,1.00,1.00,1.00
2026-04-02T18:08:00Z,96.00,99.00,99.00,99.00,99.00,99.00,98.00,92.00,73.00,32.00,10.00,1.00,1.00,1.00
2026-04-02T18:09:00Z,96.00,99.00,99.00,99.00,99.00,99.00,98.00,92.00,73.00,31.00,11.00,1.00,1.00,1.00
2026-04-02T18:10:00Z,96.00,99.00,99.00,99.00,99.00,99.00,98.00,92.00,73.00,30.00,11.00,1.00,1.00,1.00
2026-04-02T18:11:00Z,96.00,99.00,99.00,99.00,99.00,99.00,98.00,87.07,73.00,30.00,11.00,1.00,1.00,1.00
2026-04-02T18:12:00Z,96.00,99.00,99.00,99.00,99.00,99.00,98.00,87.07,73.00,27.07,11.00,1.00,1.00,1.00
2026-04-02T18:15:00Z,96.00,99.00,99.00,99.00,99.00,99.00,98.00,87.07,73.00,30.00,11.00,1.00,1.00,1.00
2026-04-02T18:17:00Z,96.00,99.00,99.00,99.00,99.00,99.00,98.00,87.07,69.02,30.00,11.00,1.00,1.00,1.00
2026-04-02T18:19:00Z,96.00,99.00,99.00,99.00,99.00,99.00,98.00,87.07,66.31,30.00,7.00,1.00,1.00,1.00
2026-04-02T18:20:00Z,96.00,99.00,99.00,99.00,99.00,99.00,98.00,87.07,66.31,26.00,7.00,1.00,1.00,1.00
2026-04-02T18:29:00Z,96.00,99.00,99.00,99.00,99.00,99.00,98.00,87.07,66.31,26.00,7.00,1.00,1.00,1.00
2026-04-02T18:32:00Z,96.00,99.00,99.00,99.00,99.00,99.00,97.00,87.07,66.31,26.00,7.00,1.00,1.00,1.00
2026-04-02T18:33:00Z,96.00,99.00,99.00,99.00,99.00,99.00,97.00,87.07,66.31,30.83,9.45,1.00,1.00,1.00
2026-04-02T18:34:00Z,96.00,99.00,99.00,99.00,99.00,99.00,98.00,87.07,66.31,30.83,9.45,1.00,1.00,1.00
2026-04-02T18:37:00Z,96.00,99.00,99.00,99.00,99.00,99.00,98.00,87.07,66.31,26.00,9.45,1.00,1.00,1.00
2026-04-02T18:40:00Z,96.00,99.00,99.00,99.00,99.00,99.00,98.00,87.07,66.31,26.00,5.00,1.00,1.00,1.00
2026-04-02T18:41:00Z,96.00,99.00,99.00,99.00,99.00,99.00,98.00,87.07,66.31,26.00,5.07,1.00,1.00,1.00
2026-04-02T18:42:00Z,96.00,99.00,99.00,99.00,99.00,99.00,98.00,87.07,65.05,26.00,5.07,1.00,1.00,1.00
2026-04-02T18:44:00Z,96.00,99.00,99.00,99.00,99.00,99.00,98.00,87.07,70.00,26.00,5.07,1.00,1.00,1.00
2026-04-02T18:49:00Z,96.00,99.00,99.00,99.00,99.00,99.00,98.00,87.07,62.94,26.00,5.07,1.00,1.00,1.00
2026-04-02T18:50:00Z,96.00,99.00,99.00,99.00,99.00,99.00,98.00,89.00,62.94,24.00,5.07,1.00,1.00,1.00
2026-04-02T18:53:00Z,96.00,99.00,99.00,99.00,99.00,99.00,98.00,89.00,62.94,24.00,5.07,1.00,1.00,1.00
2026-04-02T18:54:00Z,96.00,99.00,99.00,99.00,99.00,99.00,98.00,89.00,62.94,25.71,5.07,1.00,1.00,1.00
2026-04-02T18:56:00Z,96.00,99.00,99.00,99.00,99.00,99.00,98.00,89.00,62.94,25.95,7.81,1.00,1.00,1.00
2026-04-02T18:58:00Z,96.00,99.00,99.00,99.00,99.00,99.00,98.00,89.00,62.94,31.87,7.81,1.00,1.00,1.00
2026-04-02T18:59:00Z,96.00,99.00,99.00,99.00,99.00,99.00,98.00,89.00,62.94,38.00,7.81,1.00,1.00,1.00
2026-04-02T19:01:00Z,96.00,99.00,99.00,99.00,99.00,99.00,98.00,89.00,62.94,34.00,7.81,1.00,1.00,1.00
2026-04-02T19:02:00Z,96.00,99.00,99.00,99.00,99.00,99.00,98.00,87.61,62.94,34.00,8.27,1.00,1.00,1.00
2026-04-02T19:03:00Z,96.00,99.00,99.00,99.00,99.00,99.00,98.00,87.61,62.94,34.00,12.00,1.00,1.00,1.00
2026-04-02T19:06:00Z,96.00,99.00,99.00,99.00,99.00,99.00,98.00,87.61,62.94,27.58,12.00,1.00,1.00,1.00
2026-04-02T19:12:00Z,96.00,99.00,99.00,99.00,99.00,99.00,98.00,87.61,62.94,31.00,12.00,1.00,1.00,1.00
2026-04-02T19:14:00Z,96.00,99.00,99.00,99.00,99.00,99.00,98.00,87.61,67.00,31.00,12.00,1.00,1.00,1.00
2026-04-02T19:15:00Z,96.00,99.00,99.00,99.00,99.00,99.00,98.00,87.61,67.00,31.70,12.00,1.00,1.00,1.00
2026-04-02T19:23:00Z,96.00,99.00,99.00,99.00,99.00,99.00,98.00,87.61,67.00,26.00,12.00,1.00,1.00,1.00
2026-04-02T19:25:00Z,96.00,99.00,99.00,99.00,99.00,99.00,98.00,87.61,67.00,26.00,4.20,1.00,1.00,1.00
2026-04-02T19:30:00Z,96.00,99.00,99.00,99.00,99.00,99.00,98.00,87.61,67.00,27.00,4.20,1.00,1.00,1.00
2026-04-02T19:35:00Z,96.00,99.00,99.00,99.00,99.00,99.00,98.00,87.61,67.00,27.66,4.20,1.00,1.00,1.00
2026-04-02T19:40:00Z,96.00,99.00,99.00,99.00,99.00,99.00,98.00,87.61,69.00,27.66,4.20,1.00,1.00,1.00
2026-04-02T19:45:00Z,96.00,99.00,99.00,99.00,99.00,99.00,98.00,87.61,69.00,25.00,4.20,1.00,1.00,1.00
2026-04-02T19:46:00Z,96.00,99.00,99.00,99.00,99.00,99.00,98.00,87.61,69.00,30.81,4.20,1.00,1.00,1.00
2026-04-02T19:49:00Z,96.00,99.00,99.00,99.00,99.00,99.00,98.00,87.61,69.00,30.81,4.20,1.00,1.00,1.00
2026-04-02T19:50:00Z,96.00,99.00,99.00,99.00,99.00,99.00,98.00,87.61,69.00,31.00,7.00,1.00,1.00,1.00
2026-04-02T19:57:00Z,96.00,99.00,99.00,99.00,99.00,99.00,98.00,87.61,69.00,25.00,7.00,1.00,1.00,1.00
2026-04-02T19:58:00Z,96.00,99.00,99.00,99.00,99.00,99.00,98.00,87.61,69.00,30.00,7.00,1.00,1.00,1.00
2026-04-02T20:14:00Z,96.00,99.00,99.00,99.00,99.00,99.00,98.00,87.61,69.00,30.00,7.00,1.00,1.00,1.00
2026-04-02T20:19:00Z,96.00,99.00,99.00,99.00,99.00,99.00,98.00,87.61,69.00,24.65,7.00,1.00,1.00,1.00
2026-04-02T20:23:00Z,96.00,99.00,99.00,99.00,99.00,99.00,98.00,87.61,69.00,25.80,7.00,1.00,1.00,1.00
2026-04-02T20:32:00Z,96.00,99.00,99.00,99.00,99.00,99.00,98.00,89.10,69.00,25.80,7.00,1.00,1.00,1.00
2026-04-02T20:53:00Z,96.00,99.00,99.00,99.00,99.00,99.00,98.00,89.10,69.00,27.23,7.00,1.00,1.00,1.00
2026-04-02T21:07:00Z,96.00,99.00,99.00,99.00,99.00,99.00,98.00,89.10,69.00,25.60,7.00,1.00,1.00,1.00
2026-04-02T21:09:00Z,96.00,99.00,99.00,99.00,99.00,99.00,98.00,89.10,69.00,25.60,4.00,1.00,1.00,1.00
2026-04-02T21:18:00Z,96.00,99.00,99.00,99.00,99.00,99.00,98.00,89.10,69.00,25.60,4.00,1.00,1.00,1.00
2026-04-02T21:19:00Z,96.00,99.00,99.00,99.00,99.00,99.00,98.00,89.10,69.00,25.60,4.00,1.00,1.00,1.00
2026-04-02T21:27:00Z,96.00,99.00,99.00,99.00,99.00,99.00,98.00,89.10,64.92,25.60,4.00,1.00,1.00,1.00
2026-04-02T21:31:00Z,96.00,99.00,99.00,99.00,99.00,99.00,98.00,90.00,64.92,25.60,4.00,1.00,1.00,1.00
2026-04-02T21:42:00Z,96.00,99.00,99.00,99.00,99.00,99.00,98.00,90.00,64.92,26.00,4.00,1.00,1.00,1.00
2026-04-02T21:46:00Z,96.00,99.00,99.00,99.00,99.00,99.00,98.00,90.00,64.92,29.00,4.00,1.00,1.00,1.00
2026-04-02T21:47:00Z,96.00,99.00,99.00,99.00,99.00,99.00,98.00,90.00,64.92,29.00,7.79,1.00,1.00,1.00
2026-04-02T21:50:00Z,96.00,99.00,99.00,99.00,99.00,99.00,98.00,90.00,64.92,29.00,7.79,1.00,1.00,1.00
2026-04-02T21:58:00Z,96.00,99.00,99.00,99.00,99.00,99.00,98.00,90.00,64.92,29.00,6.00,1.00,1.00,1.00
2026-04-02T21:59:00Z,96.00,99.00,99.00,99.00,99.00,99.00,98.00,90.00,70.17,29.00,6.00,1.00,1.00,1.00
2026-04-02T22:04:00Z,96.00,99.00,99.00,99.00,99.00,99.00,98.00,90.00,70.00,29.00,6.00,1.00,1.00,1.00
2026-04-02T22:11:00Z,96.00,99.00,99.00,99.00,99.00,99.00,98.00,90.00,70.00,31.00,6.00,1.00,1.00,1.00
2026-04-02T22:16:00Z,96.00,99.00,99.00,99.00,99.00,99.00,98.00,90.00,68.66,31.00,6.00,1.00,1.00,1.00
2026-04-02T22:17:00Z,96.00,99.00,99.00,99.00,99.00,99.00,98.00,90.00,68.66,29.00,6.00,1.00,1.00,1.00
2026-04-02T22:23:00Z,96.00,99.00,99.00,99.00,99.00,99.00,98.00,90.00,68.66,31.12,6.00,1.00,1.00,1.00
2026-04-02T22:28:00Z,96.00,99.00,99.00,99.00,99.00,99.00,98.00,90.00,68.66,31.66,6.00,1.00,1.00,1.00
2026-04-02T22:32:00Z,96.00,99.00,99.00,99.00,99.00,99.00,98.00,90.00,68.66,31.66,7.00,1.00,1.00,1.00
2026-04-02T22:41:00Z,96.00,99.00,99.00,99.00,99.00,99.00,98.00,90.00,64.00,31.73,7.00,1.00,1.00,1.00
2026-04-02T22:44:00Z,96.00,99.00,99.00,99.00,99.00,99.00,98.00,90.00,74.00,31.73,7.00,1.00,1.00,1.00
2026-04-02T23:02:00Z,96.00,99.00,99.00,99.00,99.00,99.00,98.00,90.00,74.00,31.66,7.00,1.00,1.00,1.00
2026-04-02T23:05:00Z,96.00,99.00,99.00,99.00,99.00,99.00,98.00,90.00,74.46,31.66,7.00,1.00,1.00,1.00
2026-04-02T23:12:00Z,96.00,99.00,99.00,99.00,99.00,99.00,98.00,90.00,74.46,32.68,7.00,1.00,1.00,1.00
2026-04-02T23:13:00Z,96.00,99.00,99.00,99.00,99.00,99.00,98.00,90.00,74.46,32.91,7.00,1.00,1.00,1.00
2026-04-02T23:22:00Z,96.00,99.00,99.00,99.00,99.00,99.00,98.00,90.00,76.00,32.91,7.00,1.00,1.00,1.00
2026-04-02T23:30:00Z,96.00,99.00,99.00,99.00,99.00,99.00,98.00,90.00,76.00,32.91,7.00,1.00,1.00,1.00
2026-04-02T23:40:00Z,96.00,99.00,99.00,99.00,99.00,99.00,98.00,90.00,78.45,32.91,7.00,1.00,1.00,1.00
2026-04-02T23:42:00Z,96.00,99.00,99.00,99.00,99.00,99.00,98.00,90.00,78.45,33.00,7.00,1.00,1.00,1.00
2026-04-02T23:47:00Z,96.00,99.00,99.00,99.00,99.00,99.00,98.00,90.00,78.45,38.00,7.00,1.00,1.00,1.00
2026-04-02T23:49:00Z,96.00,99.00,99.00,99.00,99.00,99.00,98.00,90.00,78.45,38.00,7.00,1.00,1.00,1.00
2026-04-02T23:51:00Z,96.00,99.00,99.00,99.00,99.00,99.00,98.00,90.00,78.45,38.00,6.80,1.00,1.00,1.00
2026-04-02T23:56:00Z,96.00,99.00,99.00,99.00,99.00,99.00,98.00,90.00,78.45,38.00,11.42,1.00,1.00,1.00
2026-04-02T23:57:00Z,96.00,99.00,99.00,99.00,99.00,99.00,98.00,90.00,78.45,38.00,11.42,1.00,1.00,1.00
2026-04-03T00:07:00Z,96.00,99.00,99.00,99.00,99.00,99.00,98.00,90.00,78.45,44.36,11.27,1.00,1.00,1.00
2026-04-03T00:08:00Z,96.00,99.00,99.00,99.00,99.00,99.00,98.00,90.00,78.45,44.36,11.27,1.00,1.00,1.00
2026-04-03T00:11:00Z,96.00,99.00,99.00,99.00,99.00,99.00,98.00,90.00,76.00,44.36,11.27,1.00,1.00,1.00
2026-04-03T00:23:00Z,96.00,99.00,99.00,99.00,99.00,99.00,98.00,90.00,76.00,38.00,11.27,1.00,1.00,1.00
2026-04-03T00:31:00Z,96.00,99.00,99.00,99.00,99.00,99.00,98.00,90.00,76.00,38.00,11.27,1.00,1.00,1.00
2026-04-03T00:34:00Z,96.00,99.00,99.00,99.00,99.00,99.00,98.00,90.00,76.00,40.00,11.27,1.00,1.00,1.00
2026-04-03T00:39:00Z,96.00,99.00,99.00,99.00,99.00,99.00,98.00,90.00,76.00,40.00,7.01,1.00,1.00,1.00
2026-04-03T00:43:00Z,96.00,99.00,99.00,99.00,99.00,99.00,98.00,90.00,77.00,40.00,7.01,1.00,1.00,1.00
2026-04-03T00:44:00Z,96.00,99.00,99.00,99.00,99.00,99.00,98.00,90.00,77.00,42.17,7.01,1.00,1.00,1.00
2026-04-03T00:46:00Z,96.00,99.00,99.00,99.00,99.00,99.00,98.00,90.00,77.00,42.17,7.01,1.00,1.00,1.00
2026-04-03T00:47:00Z,96.00,99.00,99.00,99.00,99.00,99.00,98.00,90.00,77.00,42.17,7.01,1.00,1.00,1.00
2026-04-03T00:50:00Z,96.00,99.00,99.00,99.00,99.00,99.00,98.00,90.00,77.00,43.00,7.01,1.00,1.00,1.00
2026-04-03T00:54:00Z,96.00,99.00,99.00,99.00,99.00,99.00,98.00,90.00,77.00,43.00,10.40,1.00,1.00,1.00
2026-04-03T01:03:00Z,96.00,99.00,99.00,99.00,99.00,99.00,98.00,90.00,80.91,44.54,10.40,1.00,1.00,1.00
2026-04-03T01:19:00Z,96.00,99.00,99.00,99.00,99.00,99.00,98.00,90.00,80.91,45.00,10.40,1.00,1.00,1.00
2026-04-03T01:20:00Z,96.00,99.00,99.00,99.00,99.00,99.00,98.00,90.00,80.91,45.00,10.40,1.00,1.00,1.00
2026-04-03T01:23:00Z,96.00,99.00,99.00,99.00,99.00,99.00,98.00,90.00,80.91,45.00,17.49,1.00,1.00,1.00
2026-04-03T01:27:00Z,96.00,99.00,99.00,99.00,99.00,99.00,98.00,90.00,80.91,45.00,19.90,1.00,1.00,1.00
2026-04-03T01:44:00Z,96.00,99.00,99.00,99.00,99.00,99.00,98.00,90.00,80.91,41.22,19.90,1.00,1.00,1.00
2026-04-03T01:45:00Z,96.00,99.00,99.00,99.00,99.00,99.00,98.00,93.87,80.90,41.22,19.90,1.00,1.00,1.00
2026-04-03T01:53:00Z,96.00,99.00,99.00,99.00,99.00,99.00,98.00,93.87,81.00,41.22,19.90,1.00,1.00,1.00
2026-04-03T02:03:00Z,96.00,99.00,99.00,99.00,99.00,99.00,98.00,93.87,81.00,45.57,19.90,1.00,1.00,1.00
2026-04-03T02:04:00Z,96.00,99.00,99.00,99.00,99.00,99.00,98.00,93.87,81.00,45.57,19.19,1.00,1.00,1.00
2026-04-03T02:09:00Z,96.00,99.00,99.00,99.00,99.00,99.00,98.00,93.87,81.00,45.57,19.19,1.00,1.00,1.00
2026-04-03T02:12:00Z,96.00,99.00,99.00,99.00,99.00,99.00,98.00,93.87,81.00,48.00,19.19,1.00,1.00,1.00
2026-04-03T02:15:00Z,96.00,99.00,99.00,99.00,99.00,99.00,98.00,93.87,81.00,48.46,19.19,1.00,1.00,1.00
2026-04-03T02:18:00Z,96.00,99.00,99.00,99.00,99.00,99.00,98.00,93.87,81.00,48.46,21.00,1.00,1.00,1.00
2026-04-03T02:34:00Z,96.00,99.00,99.00,99.00,99.00,99.00,98.00,93.87,81.00,48.46,20.00,1.00,1.00,1.00
2026-04-03T02:35:00Z,96.00,99.00,99.00,99.00,99.00,99.00,98.00,93.87,81.00,48.46,20.00,1.00,1.00,1.00
2026-04-03T02:37:00Z,96.00,99.00,99.00,99.00,99.00,99.00,98.00,93.87,83.00,48.46,20.00,1.00,1.00,1.00
2026-04-03T02:43:00Z,96.00,99.00,99.00,99.00,99.00,99.00,98.00,93.87,83.00,48.46,21.00,1.00,1.00,1.00
2026-04-03T02:49:00Z,96.00,99.00,99.00,99.00,99.00,99.00,98.00,93.87,83.00,54.78,21.00,1.00,1.00,1.00
2026-04-03T02:55:00Z,96.00,99.00,99.00,99.00,99.00,99.00,98.00,93.87,83.00,54.78,21.00,1.00,1.00,1.00
2026-04-03T02:56:00Z,96.00,99.00,99.00,99.00,99.00,99.00,98.00,93.87,83.00,54.94,21.00,1.00,1.00,1.00
2026-04-03T03:10:00Z,96.00,99.00,99.00,99.00,99.00,99.00,98.00,93.87,83.00,54.94,21.00,1.00,1.00,1.00
2026-04-03T03:18:00Z,96.00,99.00,99.00,99.00,99.00,99.00,98.00,93.00,83.00,54.94,21.00,1.00,1.00,1.00
2026-04-03T03:23:00Z,96.00,99.00,99.00,99.00,99.00,99.00,98.00,93.00,83.00,54.94,23.00,1.00,1.00,1.00
2026-04-03T03:36:00Z,96.00,99.00,99.00,99.00,99.00,99.00,98.00,93.00,83.00,54.94,23.00,1.00,1.00,1.00
2026-04-03T03:40:00Z,96.00,99.00,99.00,99.00,99.00,99.00,98.00,93.00,83.00,54.07,23.00,1.00,1.00,1.00
2026-04-03T03:56:00Z,96.00,99.00,99.00,99.00,99.00,99.00,99.00,93.00,83.00,54.07,23.00,1.00,1.00,1.00
2026-04-03T04:12:00Z,96.00,99.00,99.00,99.00,99.00,99.00,99.00,93.00,83.00,54.07,23.00,1.00,1.00,1.00
2026-04-03T04:15:00Z,96.00,99.00,99.00,99.00,99.00,99.00,99.00,93.00,83.00,57.00,23.00,1.00,1.00,1.00
2026-04-03T04:26:00Z,96.00,99.00,99.00,99.00,99.00,99.00,99.00,93.00,81.00,57.00,23.00,1.00,1.00,1.00
2026-04-03T04:28:00Z,96.00,99.00,99.00,99.00,99.00,99.00,99.00,93.00,81.00,57.00,23.00,1.00,1.00,1.00
2026-04-03T04:33:00Z,96.00,99.00,99.00,99.00,99.00,99.00,99.00,94.00,81.00,57.00,23.00,1.00,1.00,1.00
2026-04-03T04:37:00Z,96.00,99.00,99.00,99.00,99.00,99.00,99.00,94.00,89.30,57.00,23.00,1.00,1.00,1.00
2026-04-03T04:54:00Z,96.00,99.00,99.00,99.00,99.00,99.00,99.00,94.00,89.30,51.80,27.36,1.00,1.00,1.00
2026-04-03T05:13:00Z,96.00,99.00,99.00,99.00,99.00,99.00,99.00,94.00,89.30,51.80,24.58,1.00,1.00,1.00
2026-04-03T05:21:00Z,96.00,99.00,99.00,99.00,99.00,99.00,99.00,94.00,89.30,51.80,21.50,1.00,1.00,1.00
2026-04-03T05:29:00Z,96.00,99.00,99.00,99.00,99.00,99.00,99.00,94.00,89.30,46.75,21.50,1.00,1.00,1.00
2026-04-03T05:34:00Z,96.00,99.00,99.00,99.00,99.00,99.00,99.00,94.00,85.00,46.75,21.50,1.00,1.00,1.00
2026-04-03T05:37:00Z,96.00,99.00,99.00,99.00,99.00,99.00,99.00,94.00,85.00,49.89,21.50,1.00,1.00,1.00
2026-04-03T05:42:00Z,96.00,99.00,99.00,99.00,99.00,99.00,99.00,94.00,85.00,51.00,21.50,1.00,1.00,1.00
2026-04-03T06:15:00Z,96.00,99.00,99.00,99.00,99.00,99.00,99.00,94.00,85.00,51.00,20.00,1.00,1.00,1.00
2026-04-03T06:41:00Z,96.00,99.00,99.00,99.00,99.00,99.00,99.00,94.00,85.00,47.00,20.00,1.00,1.00,1.00
2026-04-03T06:59:00Z,96.00,99.00,99.00,99.00,99.00,99.00,99.00,94.00,85.00,50.00,20.00,1.00,1.00,1.00
2026-04-03T07:16:00Z,96.00,99.00,99.00,99.00,99.00,99.00,99.00,94.00,85.00,51.80,20.00,1.00,1.00,1.00
2026-04-03T07:18:00Z,96.00,99.00,99.00,99.00,99.00,99.00,99.00,94.00,85.00,51.80,24.47,1.00,1.00,1.00
2026-04-03T07:36:00Z,96.00,99.00,99.00,99.00,99.00,99.00,99.00,94.00,85.00,51.80,24.00,1.00,1.00,1.00
2026-04-03T07:42:00Z,96.00,99.00,99.00,99.00,99.00,99.00,99.00,94.00,86.00,51.80,24.00,1.00,1.00,1.00
2026-04-03T08:17:00Z,96.00,99.00,99.00,99.00,99.00,99.00,99.00,94.00,86.00,51.80,19.03,1.00,1.00,1.00
2026-04-03T08:33:00Z,96.00,99.00,99.00,99.00,99.00,99.00,99.00,94.00,86.00,51.80,19.88,1.00,1.00,1.00
2026-04-03T11:21:00Z,96.00,99.00,99.00,99.00,99.00,99.00,99.00,94.00,86.00,42.73,19.88,1.00,1.00,1.00
2026-04-03T12:07:00Z,96.00,99.00,99.00,99.00,99.00,99.00,99.00,94.00,86.00,42.73,19.88,1.00,1.00,1.00
2026-04-03T12:15:00Z,96.00,99.00,99.00,99.00,99.00,99.00,99.00,90.33,86.00,42.73,19.88,1.00,1.00,1.00
2026-04-03T12:29:00Z,96.00,99.00,99.00,99.00,99.00,99.00,99.00,90.33,86.00,43.00,19.88,1.00,1.00,1.00
2026-04-03T12:31:00Z,96.00,99.00,99.00,99.00,99.00,99.00,99.00,90.33,86.00,43.00,19.88,1.00,1.00,1.00
2026-04-03T12:36:00Z,96.00,99.00,99.00,99.00,99.00,99.00,99.00,94.99,86.00,43.00,19.88,1.00,1.00,1.00
2026-04-03T12:37:00Z,96.00,99.00,99.00,99.00,99.00,99.00,99.00,94.99,86.00,44.00,19.88,1.00,1.00,1.00
2026-04-03T12:54:00Z,96.00,99.00,99.00,99.00,99.00,99.00,99.00,94.99,86.00,44.00,19.88,1.00,1.00,1.00
2026-04-03T13:03:00Z,96.00,99.00,99.00,99.00,99.00,99.00,99.00,93.63,86.00,44.00,19.88,1.00,1.00,1.00
2026-04-03T13:05:00Z,96.00,99.00,99.00,99.00,99.00,99.00,99.00,93.63,86.00,46.65,19.88,1.00,1.00,1.00
2026-04-03T13:11:00Z,96.00,99.00,99.00,99.00,99.00,99.00,99.00,95.88,86.00,46.65,19.88,1.00,1.00,1.00
2026-04-03T13:24:00Z,96.00,99.00,99.00,99.00,99.00,99.00,99.00,95.88,86.00,46.65,20.63,1.00,1.00,1.00
2026-04-03T13:40:00Z,96.00,99.00,99.00,99.00,99.00,99.00,99.00,95.88,86.00,46.65,20.65,1.00,1.00,1.00
2026-04-03T13:44:00Z,96.00,99.00,99.00,99.00,99.00,99.00,99.00,95.88,86.00,46.65,20.65,1.00,1.00,1.00
2026-04-03T13:45:00Z,96.00,99.00,99.00,99.00,99.00,99.00,99.00,97.95,86.00,46.65,20.65,1.00,1.00,1.00
2026-04-03T13:46:00Z,96.00,99.00,99.00,99.00,99.00,99.00,99.00,97.95,86.00,45.00,16.00,1.00,1.00,1.00
2026-04-03T13:58:00Z,96.00,99.00,99.00,99.00,99.00,99.00,99.00,97.95,86.00,45.00,16.00,1.00,1.00,1.00
2026-04-03T13:59:00Z,96.00,99.00,99.00,99.00,99.00,99.00,99.00,97.95,86.00,45.00,22.00,1.00,1.00,1.00
2026-04-03T14:00:00Z,96.00,99.00,99.00,99.00,99.00,99.00,99.00,97.95,86.00,45.00,24.00,1.00,1.00,1.00
2026-04-03T14:05:00Z,96.00,99.00,99.00,99.00,99.00,99.00,99.00,97.95,86.00,45.00,25.00,1.00,1.00,1.00
2026-04-03T14:07:00Z,96.00,99.00,99.00,99.00,99.00,99.00,99.00,97.95,86.00,45.00,25.00,1.00,1.00,1.00
2026-04-03T14:09:00Z,96.00,99.00,99.00,99.00,99.00,99.00,99.00,97.95,86.00,45.00,25.00,1.00,1.00,1.00
2026-04-03T14:12:00Z,96.00,99.00,99.00,99.00,99.00,99.00,99.00,97.95,86.00,45.00,25.00,1.00,1.00,1.00
2026-04-03T14:13:00Z,96.00,99.00,99.00,99.00,99.00,99.00,99.00,96.00,86.00,45.00,25.00,1.00,1.00,1.00
2026-04-03T14:19:00Z,96.00,99.00,99.00,99.00,99.00,99.00,99.00,96.00,86.00,45.00,25.00,1.00,1.00,1.00
2026-04-03T14:20:00Z,96.00,99.00,99.00,99.00,99.00,99.00,99.00,96.00,86.00,45.00,25.00,1.00,1.00,1.00
2026-04-03T14:25:00Z,96.00,99.00,99.00,99.00,99.00,99.00,99.00,96.00,86.00,45.00,23.16,1.00,1.00,1.00
2026-04-03T14:27:00Z,96.00,99.00,99.00,99.00,99.00,99.00,99.00,96.00,86.00,45.00,23.16,1.00,1.00,1.00
2026-04-03T14:32:00Z,96.00,99.00,99.00,99.00,99.00,99.00,99.00,96.00,86.00,45.00,23.16,1.00,1.00,1.00
2026-04-03T14:33:00Z,96.00,99.00,99.00,99.00,99.00,99.00,99.00,97.95,86.00,45.00,23.16,1.00,1.00,1.00
2026-04-03T14:34:00Z,96.00,99.00,99.00,99.00,99.00,99.00,99.00,97.95,86.00,44.00,14.90,1.00,1.00,1.00
2026-04-03T14:39:00Z,96.00,99.00,99.00,99.00,99.00,99.00,99.00,97.00,86.00,44.00,12.00,1.00,1.00,1.00
2026-04-03T14:42:00Z,96.00,99.00,99.00,99.00,99.00,99.00,99.00,97.00,86.00,44.43,12.00,1.00,1.00,1.00
2026-04-03T14:49:00Z,96.00,99.00,99.00,99.00,99.00,99.00,99.00,97.00,86.00,45.00,12.00,1.00,1.00,1.00
2026-04-03T14:54:00Z,96.00,99.00,99.00,99.00,99.00,99.00,99.00,98.00,86.00,45.00,12.08,1.00,1.00,1.00
2026-04-03T14:55:00Z,96.00,99.00,99.00,99.00,99.00,99.00,99.00,98.00,86.00,45.00,12.08,1.00,1.00,1.00
2026-04-03T14:59:00Z,96.00,99.00,99.00,99.00,99.00,99.00,99.00,98.00,86.00,45.00,12.08,1.00,1.00,1.00
2026-04-03T15:00:00Z,96.00,99.00,99.00,99.00,99.00,99.00,99.00,98.00,86.00,45.00,12.08,1.00,1.00,1.00
2026-04-03T15:01:00Z,96.00,99.00,99.00,99.00,99.00,99.00,99.00,98.00,86.00,43.45,12.08,1.00,1.00,1.00
2026-04-03T15:02:00Z,96.00,99.00,99.00,99.00,99.00,99.00,99.00,98.00,86.00,43.45,18.64,1.00,1.00,1.00
2026-04-03T15:03:00Z,96.00,99.00,99.00,99.00,99.00,99.00,99.00,98.00,86.00,43.00,18.64,1.00,1.00,1.00
2026-04-03T15:10:00Z,96.00,99.00,99.00,99.00,99.00,99.00,99.00,98.00,86.00,43.70,18.64,1.00,1.00,1.00
2026-04-03T15:13:00Z,96.00,99.00,99.00,99.00,99.00,99.00,99.00,98.00,86.00,44.00,18.64,1.00,1.00,1.00
2026-04-03T15:14:00Z,96.00,99.00,99.00,99.00,99.00,99.00,99.00,98.00,86.00,44.00,18.00,1.00,1.00,1.00
2026-04-03T15:26:00Z,96.00,99.00,99.00,99.00,99.00,99.00,99.00,98.00,86.00,44.00,18.00,1.00,1.00,1.00
2026-04-03T15:33:00Z,96.00,99.00,99.00,99.00,99.00,99.00,99.00,98.00,86.00,45.00,18.00,1.00,1.00,1.00
2026-04-03T15:34:00Z,96.00,99.00,99.00,99.00,99.00,99.00,99.00,98.00,86.00,45.37,18.00,1.00,1.00,1.00
2026-04-03T15:43:00Z,96.00,99.00,99.00,99.00,99.00,99.00,99.00,98.00,86.00,45.37,18.00,1.00,1.00,1.00
2026-04-03T15:44:00Z,96.00,99.00,99.00,99.00,99.00,99.00,99.00,98.00,86.00,48.00,18.00,1.00,1.00,1.00
2026-04-03T15:47:00Z,96.00,99.00,99.00,99.00,99.00,99.00,99.00,98.00,86.00,48.00,17.00,1.00,1.00,1.00
2026-04-03T15:51:00Z,96.00,99.00,99.00,99.00,99.00,99.00,99.00,98.00,86.00,48.00,17.00,1.00,1.00,1.00
2026-04-03T15:53:00Z,96.00,99.00,99.00,99.00,99.00,99.00,99.00,98.00,86.00,48.00,17.00,1.00,1.00,1.00
2026-04-03T15:54:00Z,96.00,99.00,99.00,99.00,99.00,99.00,99.00,98.00,86.00,48.00,16.21,1.00,1.00,1.00
2026-04-03T15:55:00Z,96.00,99.00,99.00,99.00,99.00,99.00,99.00,98.00,92.00,48.00,16.21,1.00,1.00,1.00
2026-04-03T15:56:00Z,96.00,99.00,99.00,99.00,99.00,99.00,99.00,98.00,92.00,48.00,19.00,1.00,1.00,1.00
2026-04-03T15:58:00Z,96.00,99.00,99.00,99.00,99.00,99.00,99.00,98.00,92.00,51.00,19.00,1.00,1.00,1.00
2026-04-03T16:04:00Z,96.00,99.00,99.00,99.00,99.00,99.00,99.00,98.00,92.00,51.84,19.00,1.00,1.00,1.00
2026-04-03T16:06:00Z,96.00,99.00,99.00,99.00,99.00,99.00,99.00,98.00,92.00,51.84,19.00,1.00,1.00,1.00
2026-04-03T16:13:00Z,96.00,99.00,99.00,99.00,99.00,99.00,99.00,98.00,92.00,54.00,19.00,1.00,1.00,1.00
2026-04-03T16:18:00Z,96.00,99.00,99.00,99.00,99.00,99.00,99.00,98.00,92.00,48.12,15.39,1.00,1.00,1.00
2026-04-03T16:19:00Z,96.00,99.00,99.00,99.00,99.00,99.00,99.00,98.00,92.00,45.00,15.39,1.00,1.00,1.00
2026-04-03T16:20:00Z,96.00,99.00,99.00,99.00,99.00,99.00,99.00,98.00,92.00,44.59,15.39,1.00,1.00,1.00
2026-04-03T16:21:00Z,96.00,99.00,99.00,99.00,99.00,99.00,99.00,98.00,91.00,44.59,15.39,1.00,1.00,1.00
2026-04-03T16:25:00Z,96.00,99.00,99.00,99.00,99.00,99.00,99.00,98.00,91.00,44.59,15.39,1.00,1.00,1.00
2026-04-03T16:32:00Z,96.00,99.00,99.00,99.00,99.00,99.00,99.00,98.00,90.00,40.41,9.18,1.00,1.00,1.00
2026-04-03T16:34:00Z,96.00,99.00,99.00,99.00,99.00,99.00,99.00,98.00,89.00,40.41,9.18,1.00,1.00,1.00
2026-04-03T16:37:00Z,96.00,99.00,99.00,99.00,99.00,99.00,99.00,98.00,89.00,40.41,2.95,1.00,1.00,1.00
2026-04-03T16:42:00Z,96.00,99.00,99.00,99.00,99.00,99.00,99.00,97.00,87.00,35.19,2.95,1.00,1.00,1.00
2026-04-03T16:44:00Z,96.00,99.00,99.00,99.00,99.00,99.00,99.00,97.00,87.00,35.19,2.00,1.00,1.00,1.00
2026-04-03T16:45:00Z,96.00,99.00,99.00,99.00,99.00,99.00,99.00,97.00,87.00,35.94,2.00,1.00,1.00,1.00
2026-04-03T16:46:00Z,96.00,99.00,99.00,99.00,99.00,99.00,99.00,97.00,87.00,35.38,2.00,1.00,1.00,1.00
2026-04-03T16:48:00Z,96.00,99.00,99.00,99.00,99.00,99.00,99.00,97.00,87.00,32.14,2.00,1.00,1.00,1.00
2026-04-03T16:52:00Z,96.00,99.00,99.00,99.00,99.00,99.00,99.00,97.00,87.00,34.27,2.00,1.00,1.00,1.00
2026-04-03T16:53:00Z,96.00,99.00,99.00,99.00,99.00,99.00,99.00,96.00,87.00,35.00,2.00,1.00,1.00,1.00
2026-04-03T16:54:00Z,96.00,99.00,99.00,99.00,99.00,99.00,99.00,97.00,84.07,35.00,2.00,1.00,1.00,1.00
2026-04-03T16:55:00Z,96.00,99.00,99.00,99.00,99.00,99.00,99.00,97.00,84.07,35.00,1.00,1.00,1.00,1.00
2026-04-03T16:57:00Z,96.00,99.00,99.00,99.00,99.00,99.00,99.00,97.00,84.07,35.00,2.00,1.00,1.00,1.00
2026-04-03T16:58:00Z,96.00,99.00,99.00,99.00,99.00,99.00,99.00,96.00,84.07,35.00,2.00,1.00,1.00,1.00
2026-04-03T16:59:00Z,96.00,99.00,99.00,99.00,99.00,99.00,99.00,96.00,84.07,35.00,2.00,1.00,1.00,1.00
2026-04-03T17:01:00Z,96.00,99.00,99.00,99.00,99.00,99.00,99.00,96.00,84.07,36.00,2.00,1.00,1.00,1.00
2026-04-03T17:02:00Z,96.00,99.00,99.00,99.00,99.00,99.00,99.00,96.00,81.16,35.00,2.00,1.00,1.00,1.00
2026-04-03T17:04:00Z,96.00,99.00,99.00,99.00,99.00,99.00,99.00,96.00,82.62,35.00,2.00,1.00,1.00,1.00
2026-04-03T17:06:00Z,96.00,99.00,99.00,99.00,99.00,99.00,99.00,96.00,80.00,35.00,2.00,1.00,1.00,1.00
2026-04-03T17:07:00Z,96.00,99.00,99.00,99.00,99.00,99.00,99.00,96.00,80.00,35.00,2.00,1.00,1.00,1.00
2026-04-03T17:08:00Z,96.00,99.00,99.00,99.00,99.00,99.00,99.00,95.00,80.00,35.00,2.00,1.00,1.00,1.00
2026-04-03T17:10:00Z,96.00,99.00,99.00,99.00,99.00,99.00,99.00,95.00,80.00,35.00,2.00,1.00,1.00,1.00
2026-04-03T17:13:00Z,96.00,99.00,99.00,99.00,99.00,99.00,99.00,95.00,78.00,35.00,2.00,1.00,1.00,1.00
2026-04-03T17:16:00Z,96.00,99.00,99.00,99.00,99.00,99.00,99.00,95.00,82.24,35.00,2.00,1.00,1.00,1.00
2026-04-03T17:17:00Z,96.00,99.00,99.00,99.00,99.00,99.00,99.00,95.00,82.24,24.62,2.00,1.00,1.00,1.00
2026-04-03T17:18:00Z,96.00,99.00,99.00,99.00,99.00,99.00,99.00,91.09,77.11,24.47,2.00,1.00,1.00,1.00
2026-04-03T17:20:00Z,96.00,99.00,99.00,99.00,99.00,99.00,99.00,88.78,77.11,24.73,2.00,1.00,1.00,1.00
2026-04-03T17:23:00Z,96.00,99.00,99.00,99.00,99.00,99.00,99.00,88.78,77.11,24.73,2.00,1.00,1.00,1.00
2026-04-03T17:24:00Z,96.00,99.00,99.00,99.00,99.00,99.00,99.00,88.78,77.11,25.00,2.00,1.00,1.00,1.00
2026-04-03T17:25:00Z,96.00,99.00,99.00,99.00,99.00,99.00,99.00,88.78,77.11,25.00,2.00,1.00,1.00,1.00
2026-04-03T17:27:00Z,96.00,99.00,99.00,99.00,99.00,99.00,99.00,88.78,77.11,25.00,2.00,1.00,1.00,1.00
2026-04-03T17:29:00Z,96.00,99.00,99.00,99.00,99.00,99.00,99.00,88.78,68.00,25.00,2.00,1.00,1.00,1.00
2026-04-03T17:30:00Z,96.00,99.00,99.00,99.00,99.00,99.00,99.00,88.78,68.00,25.00,2.00,1.00,1.00,1.00
2026-04-03T17:34:00Z,96.00,99.00,99.00,99.00,99.00,99.00,99.00,88.78,68.00,23.00,2.00,1.00,1.00,1.00
2026-04-03T17:35:00Z,96.00,99.00,99.00,99.00,99.00,99.00,99.00,88.78,68.00,22.30,2.00,1.00,1.00,1.00
2026-04-03T17:41:00Z,96.00,99.00,99.00,99.00,99.00,99.00,99.00,88.78,68.00,22.04,2.00,1.00,1.00,1.00
2026-04-03T17:42:00Z,96.00,99.00,99.00,99.00,99.00,99.00,99.00,94.00,56.99,19.00,2.00,1.00,1.00,1.00
2026-04-03T17:43:00Z,96.00,99.00,99.00,99.00,99.00,99.00,99.00,94.00,56.99,18.80,2.00,1.00,1.00,1.00
2026-04-03T17:44:00Z,96.00,99.00,99.00,99.00,99.00,99.00,99.00,79.87,64.00,14.00,2.00,1.00,1.00,1.00
2026-04-03T17:45:00Z,96.00,99.00,99.00,99.00,99.00,99.00,99.00,79.87,72.00,14.00,2.00,1.00,1.00,1.00
2026-04-03T17:47:00Z,96.00,99.00,99.00,99.00,99.00,99.00,99.00,79.87,72.00,14.51,2.00,1.00,1.00,1.00
2026-04-03T17:48:00Z,96.00,99.00,99.00,99.00,99.00,99.00,99.00,79.87,59.18,14.51,2.00,1.00,1.00,1.00
2026-04-03T17:49:00Z,96.00,99.00,99.00,99.00,99.00,99.00,99.00,79.87,59.18,19.76,2.00,1.00,1.00,1.00
2026-04-03T17:50:00Z,96.00,99.00,99.00,99.00,99.00,99.00,99.00,79.87,66.00,19.76,2.00,1.00,1.00,1.00
2026-04-03T17:51:00Z,96.00,99.00,99.00,99.00,99.00,99.00,99.00,79.87,54.55,20.00,2.00,1.00,1.00,1.00
2026-04-03T17:57:00Z,96.00,99.00,99.00,99.00,99.00,99.00,99.00,79.87,54.55,18.00,2.00,1.00,1.00,1.00
2026-04-03T18:01:00Z,96.00,99.00,99.00,99.00,99.00,99.00,99.00,79.87,64.00,18.00,2.00,1.00,1.00,1.00
2026-04-03T18:02:00Z,96.00,99.00,99.00,99.00,99.00,99.00,99.00,79.87,67.00,18.00,2.00,1.00,1.00,1.00
2026-04-03T18:03:00Z,96.00,99.00,99.00,99.00,99.00,99.00,99.00,79.87,67.00,18.00,2.00,1.00,1.00,1.00
2026-04-03T18:06:00Z,96.00,99.00,99.00,99.00,99.00,99.00,99.00,79.87,67.00,17.00,2.00,1.00,1.00,1.00
2026-04-03T18:08:00Z,96.00,99.00,99.00,99.00,99.00,99.00,99.00,79.87,67.00,18.00,2.00,1.00,1.00,1.00
2026-04-03T18:18:00Z,96.00,99.00,99.00,99.00,99.00,99.00,99.00,79.87,70.74,18.00,2.00,1.00,1.00,1.00
2026-04-03T18:31:00Z,99.00,99.00,99.00,99.00,99.00,99.00,99.00,79.87,70.74,17.00,2.00,1.00,1.00,1.00
2026-04-03T18:43:00Z,99.00,99.00,99.00,99.00,99.00,99.00,99.00,79.87,70.74,17.00,2.00,1.00,1.00,1.00
2026-04-03T18:48:00Z,99.00,99.00,99.00,99.00,99.00,99.00,99.00,79.87,70.74,18.00,2.00,1.00,1.00,1.00
2026-04-03T18:52:00Z,99.00,99.00,99.00,99.00,99.00,99.00,99.00,79.87,70.74,18.00,1.00,1.00,1.00,1.00
2026-04-03T18:53:00Z,99.00,99.00,99.00,99.00,99.00,99.00,99.00,79.87,70.74,15.20,1.00,1.00,1.00,1.00
2026-04-03T18:56:00Z,99.00,99.00,99.00,99.00,99.00,99.00,99.00,79.87,63.05,14.04,1.00,1.00,1.00,1.00
2026-04-03T18:58:00Z,99.00,99.00,99.00,99.00,99.00,99.00,99.00,79.87,63.05,19.61,1.00,1.00,1.00,1.00
2026-04-03T19:02:00Z,99.00,99.00,99.00,99.00,99.00,99.00,99.00,79.87,68.00,19.61,1.00,1.00,1.00,1.00
2026-04-03T19:03:00Z,99.00,99.00,99.00,99.00,99.00,99.00,99.00,92.00,68.00,14.51,1.00,1.00,1.00,1.00
2026-04-03T19:04:00Z,99.00,99.00,99.00,99.00,99.00,99.00,99.00,92.00,68.00,14.51,1.00,1.00,1.00,1.00
2026-04-03T19:07:00Z,99.00,99.00,99.00,99.00,99.00,99.00,99.00,92.00,68.00,16.00,1.00,1.00,1.00,1.00
2026-04-03T19:08:00Z,99.00,99.00,99.00,99.00,99.00,99.00,99.00,92.00,68.00,16.00,1.00,1.00,1.00,1.00
2026-04-03T19:11:00Z,99.00,99.00,99.00,99.00,99.00,99.00,99.00,92.00,68.00,11.48,1.00,1.00,1.00,1.00
2026-04-03T19:12:00Z,99.00,99.00,99.00,99.00,99.00,99.00,99.00,89.00,68.00,11.96,1.00,1.00,1.00,1.00
2026-04-03T19:23:00Z,99.00,99.00,99.00,99.00,99.00,99.00,99.00,89.00,68.00,15.00,1.00,1.00,1.00,1.00
2026-04-03T19:24:00Z,99.00,99.00,99.00,99.00,99.00,99.00,99.00,79.00,68.00,15.00,1.00,1.00,1.00,1.00
2026-04-03T19:25:00Z,99.00,99.00,99.00,99.00,99.00,99.00,99.00,79.00,63.00,15.00,1.00,1.00,1.00,1.00
2026-04-03T19:29:00Z,99.00,99.00,99.00,99.00,99.00,99.00,99.00,79.00,63.00,17.00,1.00,1.00,1.00,1.00
2026-04-03T19:32:00Z,99.00,99.00,99.00,99.00,99.00,99.00,99.00,79.00,62.00,17.00,1.00,1.00,1.00,1.00
2026-04-03T19:33:00Z,99.00,99.00,99.00,99.00,99.00,99.00,99.00,91.00,60.18,13.33,2.00,1.00,1.00,1.00
2026-04-03T19:36:00Z,99.00,99.00,99.00,99.00,99.00,99.00,99.00,91.00,60.18,14.00,2.00,1.00,1.00,1.00
2026-04-03T19:39:00Z,99.00,99.00,99.00,99.00,99.00,99.00,99.00,92.00,60.18,14.00,2.00,1.00,1.00,1.00
2026-04-03T19:46:00Z,99.00,99.00,99.00,99.00,99.00,99.00,99.00,92.00,60.18,14.00,2.00,1.00,1.00,1.00
2026-04-03T19:49:00Z,99.00,99.00,99.00,99.00,99.00,99.00,99.00,92.00,60.18,14.00,2.00,1.00,1.00,1.00
2026-04-03T19:50:00Z,99.00,99.00,99.00,99.00,99.00,99.00,99.00,92.00,60.18,18.37,2.00,1.00,1.00,1.00
2026-04-03T19:51:00Z,99.00,99.00,99.00,99.00,99.00,99.00,99.00,92.00,60.18,18.37,2.00,1.00,1.00,1.00
2026-04-03T19:52:00Z,99.00,99.00,99.00,99.00,99.00,99.00,99.00,92.00,60.18,18.37,3.00,1.00,1.00,1.00
2026-04-03T19:54:00Z,99.00,99.00,99.00,99.00,99.00,99.00,99.00,92.00,68.00,16.98,3.00,1.00,1.00,1.00
2026-04-03T20:14:00Z,99.00,99.00,99.00,99.00,99.00,99.00,99.00,93.00,68.00,16.98,3.00,1.00,1.00,1.00
2026-04-03T20:16:00Z,99.00,99.00,99.00,99.00,99.00,99.00,99.00,93.00,68.00,20.00,3.00,1.00,1.00,1.00
2026-04-03T20:19:00Z,99.00,99.00,99.00,99.00,99.00,99.00,99.00,93.00,68.00,20.00,3.00,1.00,1.00,1.00
2026-04-03T20:24:00Z,99.00,99.00,99.00,99.00,99.00,99.00,99.00,93.00,72.80,20.00,3.00,1.00,1.00,1.00
2026-04-03T20:29:00Z,99.00,99.00,99.00,99.00,99.00,99.00,99.00,93.00,72.80,20.00,3.05,1.00,1.00,1.00
2026-04-03T20:30:00Z,99.00,99.00,99.00,99.00,99.00,99.00,99.00,93.00,84.00,22.39,3.05,1.00,1.00,1.00
2026-04-03T20:37:00Z,99.00,99.00,99.00,99.00,99.00,99.00,99.00,93.00,84.00,23.12,3.05,1.00,1.00,1.00
2026-04-03T20:42:00Z,99.00,99.00,99.00,99.00,99.00,99.00,99.00,93.00,84.00,23.12,1.08,1.00,1.00,1.00
2026-04-03T20:43:00Z,99.00,99.00,99.00,99.00,99.00,99.00,99.00,93.00,84.00,18.44,1.08,1.00,1.00,1.00
2026-04-03T20:48:00Z,99.00,99.00,99.00,99.00,99.00,99.00,99.00,93.00,84.00,18.44,1.08,1.00,1.00,1.00
2026-04-03T20:58:00Z,99.00,99.00,99.00,99.00,99.00,99.00,99.00,93.00,75.72,15.01,1.08,1.00,1.00,1.00
2026-04-03T20:59:00Z,99.00,99.00,99.00,99.00,99.00,99.00,99.00,93.00,75.72,16.00,1.08,1.00,1.00,1.00
2026-04-03T21:00:00Z,99.00,99.00,99.00,99.00,99.00,99.00,99.00,93.00,75.72,16.00,1.00,1.00,1.00,1.00
2026-04-03T21:09:00Z,99.00,99.00,99.00,99.00,99.00,99.00,99.00,93.00,75.72,16.00,2.00,1.00,1.00,1.00
2026-04-03T21:11:00Z,99.00,99.00,99.00,99.00,99.00,99.00,99.00,93.00,75.77,16.00,1.00,1.00,1.00,1.00
2026-04-03T21:13:00Z,99.00,99.00,99.00,99.00,99.00,99.00,99.00,95.00,75.77,16.00,1.00,1.00,1.00,1.00
2026-04-03T21:14:00Z,99.00,99.00,99.00,99.00,99.00,99.00,99.00,95.00,75.77,18.00,1.00,1.00,1.00,1.00
2026-04-03T21:16:00Z,99.00,99.00,99.00,99.00,99.00,99.00,99.00,95.00,84.03,18.00,1.00,1.00,1.00,1.00
2026-04-03T21:17:00Z,99.00,99.00,99.00,99.00,99.00,99.00,99.00,95.00,84.03,12.58,1.00,1.00,1.00,1.00
2026-04-03T21:18:00Z,99.00,99.00,99.00,99.00,99.00,99.00,99.00,95.00,84.03,16.00,1.00,1.00,1.00,1.00
2026-04-03T21:19:00Z,99.00,99.00,99.00,99.00,99.00,99.00,99.00,95.00,71.20,16.00,1.00,1.00,1.00,1.00
2026-04-03T21:22:00Z,99.00,99.00,99.00,99.00,99.00,99.00,99.00,95.00,71.20,15.00,1.00,1.00,1.00,1.00
2026-04-03T21:24:00Z,99.00,99.00,99.00,99.00,99.00,99.00,99.00,95.00,71.20,15.00,2.00,1.00,1.00,1.00
2026-04-03T21:31:00Z,99.00,99.00,99.00,99.00,99.00,99.00,99.00,95.00,71.20,14.00,2.00,1.00,1.00,1.00
2026-04-03T21:35:00Z,99.00,99.00,99.00,99.00,99.00,99.00,99.00,95.00,71.20,19.89,2.00,1.00,1.00,1.00
2026-04-03T21:41:00Z,99.00,99.00,99.00,99.00,99.00,99.00,99.00,95.00,73.19,11.61,2.00,1.00,1.00,1.00
2026-04-03T21:42:00Z,99.00,99.00,99.00,99.00,99.00,99.00,99.00,95.00,73.19,10.33,2.00,1.00,1.00,1.00
2026-04-03T21:46:00Z,99.00,99.00,99.00,99.00,99.00,99.00,99.00,95.00,73.19,11.00,3.36,1.00,1.00,1.00
2026-04-03T21:47:00Z,99.00,99.00,99.00,99.00,99.00,99.00,99.00,93.00,69.00,11.00,3.36,1.00,1.00,1.00
2026-04-03T21:49:00Z,99.00,99.00,99.00,99.00,99.00,99.00,99.00,93.00,69.00,11.00,3.36,1.00,1.00,1.00
2026-04-03T21:51:00Z,99.00,99.00,99.00,99.00,99.00,99.00,99.00,93.00,69.00,10.00,3.36,1.00,1.00,1.00
2026-04-03T21:53:00Z,99.00,99.00,99.00,99.00,99.00,99.00,99.00,93.00,67.44,10.00,3.36,1.00,1.00,1.00
2026-04-03T21:57:00Z,99.00,99.00,99.00,99.00,99.00,99.00,99.00,93.00,67.44,6.92,3.36,1.00,1.00,1.00
2026-04-03T22:01:00Z,99.00,99.00,99.00,99.00,99.00,99.00,99.00,93.00,67.44,9.00,3.36,1.00,1.00,1.00
2026-04-03T22:02:00Z,99.00,99.00,99.00,99.00,99.00,99.00,99.00,93.00,67.44,9.00,3.36,1.00,1.00,1.00
2026-04-03T22:06:00Z,99.00,99.00,99.00,99.00,99.00,99.00,99.00,89.00,67.44,9.00,3.36,1.00,1.00,1.00
2026-04-03T22:07:00Z,99.00,99.00,99.00,99.00,99.00,99.00,99.00,88.00,67.44,9.00,3.36,1.00,1.00,1.00
2026-04-03T22:08:00Z,99.00,99.00,99.00,99.00,99.00,99.00,99.00,88.00,67.44,9.00,3.68,1.00,1.00,1.00
2026-04-03T22:13:00Z,99.00,99.00,99.00,99.00,99.00,99.00,99.00,88.00,69.00,9.00,3.68,1.00,1.00,1.00
2026-04-03T22:17:00Z,99.00,99.00,99.00,99.00,99.00,99.00,99.00,88.00,69.00,5.45,3.68,1.00,1.00,1.00
2026-04-03T22:23:00Z,99.00,99.00,99.00,99.00,99.00,99.00,99.00,91.00,69.00,5.45,3.68,1.00,1.00,1.00
2026-04-03T22:25:00Z,99.00,99.00,99.00,99.00,99.00,99.00,99.00,91.00,69.00,8.30,3.68,1.00,1.00,1.00
2026-04-03T22:28:00Z,99.00,99.00,99.00,99.00,99.00,99.00,99.00,91.00,69.00,8.96,3.68,1.00,1.00,1.00
2026-04-03T22:29:00Z,99.00,99.00,99.00,99.00,99.00,99.00,99.00,91.00,69.00,9.72,3.68,1.00,1.00,1.00
2026-04-03T22:31:00Z,99.00,99.00,99.00,99.00,99.00,99.00,99.00,92.00,69.00,9.72,3.68,1.00,1.00,1.00
2026-04-03T22:35:00Z,99.00,99.00,99.00,99.00,99.00,99.00,99.00,92.00,69.00,7.00,3.68,1.00,1.00,1.00
2026-04-03T22:39:00Z,99.00,99.00,99.00,99.00,99.00,99.00,99.00,92.00,69.00,6.45,3.68,1.00,1.00,1.00
2026-04-03T22:46:00Z,99.00,99.00,99.00,99.00,99.00,99.00,99.00,92.00,69.00,6.00,3.68,1.00,1.00,1.00
2026-04-03T22:53:00Z,99.00,99.00,99.00,99.00,99.00,99.00,99.00,92.00,69.00,9.41,3.68,1.00,1.00,1.00
2026-04-03T22:55:00Z,99.00,99.00,99.00,99.00,99.00,99.00,99.00,92.00,72.00,9.41,3.68,1.00,1.00,1.00
2026-04-03T22:59:00Z,99.00,99.00,99.00,99.00,99.00,99.00,99.00,92.91,72.00,9.41,3.68,1.00,1.00,1.00
2026-04-03T23:01:00Z,99.00,99.00,99.00,99.00,99.00,99.00,99.00,92.91,72.00,9.14,3.68,1.00,1.00,1.00
2026-04-03T23:02:00Z,99.00,99.00,99.00,99.00,99.00,99.00,99.00,92.91,72.00,9.14,3.68,1.00,1.00,1.00
2026-04-03T23:04:00Z,99.00,99.00,99.00,99.00,99.00,99.00,99.00,92.91,74.00,9.14,3.68,1.00,1.00,1.00
2026-04-03T23:10:00Z,99.00,99.00,99.00,99.00,99.00,99.00,99.00,92.91,74.00,9.14,3.68,1.00,1.00,1.00
2026-04-03T23:14:00Z,99.00,99.00,99.00,99.00,99.00,99.00,99.00,92.91,66.63,9.14,3.68,1.00,1.00,1.00
2026-04-03T23:18:00Z,99.00,99.00,99.00,99.00,99.00,99.00,99.00,92.91,66.63,10.00,3.68,1.00,1.00,1.00
2026-04-03T23:20:00Z,99.00,99.00,99.00,99.00,99.00,99.00,99.00,92.91,66.63,9.85,3.68,1.00,1.00,1.00
2026-04-03T23:22:00Z,99.00,99.00,99.00,99.00,99.00,99.00,99.00,92.91,73.99,9.85,3.68,1.00,1.00,1.00
2026-04-03T23:27:00Z,99.00,99.00,99.00,99.00,99.00,99.00,99.00,88.38,73.99,9.85,3.68,1.00,1.00,1.00
2026-04-03T23:35:00Z,99.00,99.00,99.00,99.00,99.00,99.00,99.00,88.38,73.99,6.00,3.68,1.00,1.00,1.00
2026-04-03T23:38:00Z,99.00,99.00,99.00,99.00,99.00,99.00,99.00,88.38,73.99,4.45,3.68,1.00,1.00,1.00
2026-04-03T23:40:00Z,99.00,99.00,99.00,99.00,99.00,99.00,99.00,88.38,73.99,4.45,1.00,1.00,1.00,1.00
2026-04-03T23:51:00Z,99.00,99.00,99.00,99.00,99.00,99.00,99.00,88.38,73.99,8.00,1.00,1.00,1.00,1.00
2026-04-03T23:52:00Z,99.00,99.00,99.00,99.00,99.00,99.00,99.00,88.38,73.99,7.00,1.00,1.00,1.00,1.00
2026-04-03T23:54:00Z,99.00,99.00,99.00,99.00,99.00,99.00,99.00,88.38,73.99,7.00,1.00,1.00,1.00,1.00
2026-04-03T23:56:00Z,99.00,99.00,99.00,99.00,99.00,99.00,99.00,88.38,73.99,6.00,1.00,1.00,1.00,1.00
2026-04-04T00:02:00Z,99.00,99.00,99.00,99.00,99.00,99.00,99.00,88.86,73.99,6.00,1.00,1.00,1.00,1.00
2026-04-04T00:06:00Z,99.00,99.00,99.00,99.00,99.00,99.00,97.60,88.86,73.79,6.00,1.00,1.00,1.00,1.00
2026-04-04T00:07:00Z,99.00,99.00,99.00,99.00,99.00,99.00,97.60,88.86,73.00,6.00,1.00,1.00,1.00,1.00
2026-04-04T00:08:00Z,99.00,99.00,99.00,99.00,99.00,99.00,97.60,88.86,74.00,6.00,1.00,1.00,1.00,1.00
2026-04-04T00:09:00Z,99.00,99.00,99.00,99.00,99.00,99.00,97.60,88.86,74.00,5.69,1.00,1.00,1.00,1.00
2026-04-04T00:25:00Z,99.00,99.00,99.00,99.00,99.00,99.00,97.60,88.86,74.00,5.69,1.00,1.00,1.00,1.00
2026-04-04T00:28:00Z,99.00,99.00,99.00,99.00,99.00,99.00,97.60,83.65,74.00,5.69,1.00,1.00,1.00,1.00
2026-04-04T00:30:00Z,99.00,99.00,99.00,99.00,99.00,99.00,97.60,83.65,68.68,5.69,1.00,1.00,1.00,1.00
2026-04-04T00:32:00Z,99.00,99.00,99.00,99.00,99.00,99.00,97.60,83.65,72.64,4.00,1.00,1.00,1.00,1.00
2026-04-04T00:34:00Z,99.00,99.00,99.00,99.00,99.00,99.00,97.60,83.65,66.72,9.00,1.00,1.00,1.00,1.00
2026-04-04T00:35:00Z,99.00,99.00,99.00,99.00,99.00,99.00,97.60,83.65,64.23,9.00,1.00,1.00,1.00,1.00
2026-04-04T00:36:00Z,99.00,99.00,99.00,99.00,99.00,99.00,97.60,89.00,64.23,9.00,1.00,1.00,1.00,1.00
2026-04-04T00:41:00Z,99.00,99.00,99.00,99.00,99.00,99.00,97.60,89.00,64.23,7.83,1.00,1.00,1.00,1.00
2026-04-04T00:48:00Z,99.00,99.00,99.00,99.00,99.00,99.00,97.60,89.00,64.23,7.83,1.00,1.00,1.00,1.00
2026-04-04T01:01:00Z,99.00,99.00,99.00,99.00,99.00,99.00,97.60,89.00,64.23,9.76,1.00,1.00,1.00,1.00
2026-04-04T01:03:00Z,99.00,99.00,99.00,99.00,99.00,99.00,97.60,94.15,64.23,4.00,1.00,1.00,1.00,1.00
2026-04-04T01:14:00Z,99.00,99.00,99.00,99.00,99.00,99.00,97.60,94.15,66.00,4.00,1.00,1.00,1.00,1.00
2026-04-04T01:18:00Z,99.00,99.00,99.00,99.00,99.00,99.00,97.60,82.27,66.00,4.00,1.00,1.00,1.00,1.00
2026-04-04T01:42:00Z,99.00,99.00,99.00,99.00,99.00,99.00,97.60,82.27,66.00,4.00,1.00,1.00,1.00,1.00
2026-04-04T01:46:00Z,99.00,99.00,99.00,99.00,99.00,99.00,97.60,82.27,66.00,4.00,1.00,1.00,1.00,1.00
2026-04-04T01:48:00Z,99.00,99.00,99.00,99.00,99.00,99.00,97.60,82.27,66.00,8.98,1.00,1.00,1.00,1.00
2026-04-04T01:51:00Z,99.00,99.00,99.00,99.00,99.00,99.00,97.60,95.00,66.00,5.07,1.00,1.00,1.00,1.00
2026-04-04T02:07:00Z,99.00,99.00,99.00,99.00,99.00,99.00,97.60,95.00,66.00,5.07,1.00,1.00,1.00,1.00
2026-04-04T02:12:00Z,99.00,99.00,99.00,99.00,99.00,99.00,97.60,95.00,69.00,5.07,1.00,1.00,1.00,1.00
2026-04-04T02:17:00Z,99.00,99.00,99.00,99.00,99.00,99.00,97.60,95.00,69.00,7.81,1.00,1.00,1.00,1.00
2026-04-04T02:21:00Z,99.00,99.00,99.00,99.00,99.00,99.00,97.60,95.00,69.00,5.00,1.00,1.00,1.00,1.00
2026-04-04T02:31:00Z,99.00,99.00,99.00,99.00,99.00,99.00,97.60,90.00,69.00,5.00,1.00,1.00,1.00,1.00
2026-04-04T02:34:00Z,99.00,99.00,99.00,99.00,99.00,99.00,97.60,89.86,69.95,5.00,1.00,1.00,1.00,1.00
2026-04-04T02:35:00Z,99.00,99.00,99.00,99.00,99.00,99.00,97.60,89.86,66.00,5.00,1.00,1.00,1.00,1.00
2026-04-04T02:37:00Z,99.00,99.00,99.00,99.00,99.00,99.00,97.60,89.86,67.02,5.00,1.00,1.00,1.00,1.00
2026-04-04T02:49:00Z,99.00,99.00,99.00,99.00,99.00,99.00,97.60,89.86,67.02,5.00,1.00,1.00,1.00,1.00
2026-04-04T03:02:00Z,99.00,99.00,99.00,99.00,99.00,99.00,97.60,89.63,67.02,5.00,1.00,1.00,1.00,1.00
2026-04-04T03:16:00Z,99.00,99.00,99.00,99.00,99.00,99.00,97.60,89.63,72.55,5.00,1.00,1.00,1.00,1.00
2026-04-04T03:20:00Z,99.00,99.00,99.00,99.00,99.00,99.00,97.60,94.82,72.55,5.00,1.00,1.00,1.00,1.00
2026-04-04T03:23:00Z,99.00,99.00,99.00,99.00,99.00,99.00,97.60,94.82,72.55,7.64,1.00,1.00,1.00,1.00
2026-04-04T03:36:00Z,99.00,99.00,99.00,99.00,99.00,99.00,97.60,95.00,72.55,5.00,1.00,1.00,1.00,1.00
2026-04-04T03:39:00Z,99.00,99.00,99.00,99.00,99.00,99.00,97.60,85.36,72.55,5.00,1.00,1.00,1.00,1.00
2026-04-04T03:40:00Z,99.00,99.00,99.00,99.00,99.00,99.00,97.60,85.36,72.55,7.95,1.00,1.00,1.00,1.00
2026-04-04T03:44:00Z,99.00,99.00,99.00,99.00,99.00,99.00,97.60,85.36,72.55,7.75,1.00,1.00,1.00,1.00
2026-04-04T03:49:00Z,99.00,99.00,99.00,99.00,99.00,99.00,97.60,85.36,74.92,7.75,1.00,1.00,1.00,1.00
2026-04-04T03:50:00Z,99.00,99.00,99.00,99.00,99.00,99.00,97.60,85.36,74.92,5.00,1.00,1.00,1.00,1.00
2026-04-04T03:51:00Z,99.00,99.00,99.00,99.00,99.00,99.00,97.60,85.36,74.96,5.00,1.00,1.00,1.00,1.00
2026-04-04T04:21:00Z,99.00,99.00,99.00,99.00,99.00,99.00,97.60,85.36,74.96,5.00,1.00,1.00,1.00,1.00
2026-04-04T04:22:00Z,99.00,99.00,99.00,99.00,99.00,99.00,97.60,85.36,75.00,5.00,1.00,1.00,1.00,1.00
2026-04-04T04:25:00Z,99.00,99.00,99.00,99.00,99.00,99.00,97.60,85.36,75.00,8.00,1.00,1.00,1.00,1.00
2026-04-04T04:26:00Z,99.00,99.00,99.00,99.00,99.00,99.00,97.60,85.36,70.06,8.48,1.00,1.00,1.00,1.00
2026-04-04T04:31:00Z,99.00,99.00,99.00,99.00,99.00,99.00,97.60,85.36,70.06,6.00,1.00,1.00,1.00,1.00
2026-04-04T04:33:00Z,99.00,99.00,99.00,99.00,99.00,99.00,97.60,85.36,74.71,6.00,1.00,1.00,1.00,1.00
2026-04-04T04:35:00Z,99.00,99.00,99.00,99.00,99.00,99.00,97.60,85.36,74.71,8.78,1.00,1.00,1.00,1.00
2026-04-04T04:52:00Z,99.00,99.00,99.00,99.00,99.00,99.00,97.60,85.36,75.00,8.78,1.00,1.00,1.00,1.00
2026-04-04T05:00:00Z,99.00,99.00,99.00,99.00,99.00,99.00,97.60,85.36,75.00,9.00,1.00,1.00,1.00,1.00
2026-04-04T05:06:00Z,99.00,99.00,99.00,99.00,99.00,99.00,97.60,85.36,75.00,9.00,1.00,1.00,1.00,1.00
2026-04-04T05:25:00Z,99.00,99.00,99.00,99.00,99.00,99.00,97.60,85.36,75.00,9.00,1.00,1.00,1.00,1.00
2026-04-04T05:26:00Z,99.00,99.00,99.00,99.00,99.00,99.00,97.60,85.36,75.00,9.00,1.00,1.00,1.00,1.00
2026-04-04T05:31:00Z,99.00,99.00,99.00,99.00,99.00,99.00,97.60,85.36,75.00,9.00,1.00,1.00,1.00,1.00
2026-04-04T05:35:00Z,99.00,99.00,99.00,99.00,99.00,99.00,97.60,94.00,75.00,9.00,1.00,1.00,1.00,1.00
2026-04-04T05:38:00Z,99.00,99.00,99.00,99.00,99.00,99.00,97.60,94.00,75.00,10.12,1.00,1.00,1.00,1.00
2026-04-04T05:46:00Z,99.00,99.00,99.00,99.00,99.00,99.00,97.60,94.00,75.00,10.12,1.00,1.00,1.00,1.00
2026-04-04T05:53:00Z,99.00,99.00,99.00,99.00,99.00,99.00,97.60,94.00,75.00,10.12,1.00,1.00,1.00,1.00
2026-04-04T06:04:00Z,99.00,99.00,99.00,99.00,99.00,99.00,97.60,94.00,75.00,7.00,1.00,1.00,1.00,1.00
2026-04-04T06:08:00Z,99.00,99.00,99.00,99.00,99.00,99.00,97.60,94.00,72.00,7.00,1.00,1.00,1.00,1.00
2026-04-04T06:27:00Z,99.00,99.00,99.00,99.00,99.00,99.00,97.60,93.00,72.00,7.00,1.00,1.00,1.00,1.00
2026-04-04T06:31:00Z,99.00,99.00,99.00,99.00,99.00,99.00,97.60,94.00,72.00,7.00,1.00,1.00,1.00,1.00
2026-04-04T06:35:00Z,99.00,99.00,99.00,99.00,99.00,99.00,97.60,94.00,74.00,10.88,1.00,1.00,1.00,1.00
2026-04-04T06:48:00Z,99.00,99.00,99.00,99.00,99.00,99.00,97.60,94.00,74.00,10.88,1.00,1.00,1.00,1.00
2026-04-04T07:01:00Z,99.00,99.00,99.00,99.00,99.00,99.00,97.60,94.00,74.00,10.88,1.00,1.00,1.00,1.00
2026-04-04T07:06:00Z,99.00,99.00,99.00,99.00,99.00,99.00,97.60,94.00,74.00,10.88,1.00,1.00,1.00,1.00
2026-04-04T07:26:00Z,99.00,99.00,99.00,99.00,99.00,99.00,97.60,94.00,74.00,9.00,1.00,1.00,1.00,1.00
2026-04-04T07:35:00Z,99.00,99.00,99.00,99.00,99.00,99.00,97.60,94.00,74.00,9.00,1.00,1.00,1.00,1.00
2026-04-04T07:49:00Z,99.00,99.00,99.00,99.00,99.00,99.00,97.60,94.00,74.00,9.00,1.00,1.00,1.00,1.00
2026-04-04T07:56:00Z,99.00,99.00,99.00,99.00,99.00,99.00,97.60,94.15,74.00,9.00,1.00,1.00,1.00,1.00
2026-04-04T08:08:00Z,99.00,99.00,99.00,99.00,99.00,99.00,97.60,94.15,74.00,9.00,1.00,1.00,1.00,1.00
2026-04-04T08:11:00Z,99.00,99.00,99.00,99.00,99.00,99.00,97.60,94.15,74.00,9.00,1.55,1.00,1.00,1.00
2026-04-04T08:31:00Z,99.00,99.00,99.00,99.00,99.00,99.00,97.60,95.00,74.00,9.00,1.55,1.00,1.00,1.00
2026-04-04T08:48:00Z,99.00,99.00,99.00,99.00,99.00,99.00,97.60,95.00,74.00,9.00,1.55,1.00,1.00,1.00
2026-04-04T09:30:00Z,99.00,99.00,99.00,99.00,99.00,99.00,97.60,95.00,74.00,6.00,1.55,1.00,1.00,1.00
2026-04-04T09:35:00Z,99.00,99.00,99.00,99.00,99.00,99.00,97.60,95.00,74.00,6.00,1.55,1.00,1.00,1.00
2026-04-04T09:45:00Z,99.00,99.00,99.00,99.00,99.00,99.00,97.60,95.00,74.00,6.00,1.55,1.00,1.00,1.00
2026-04-04T10:02:00Z,99.00,99.00,99.00,99.00,99.00,99.00,97.60,95.00,74.00,8.27,1.55,1.00,1.00,1.00
2026-04-04T10:04:00Z,99.00,99.00,99.00,99.00,99.00,99.00,97.60,95.00,74.00,8.53,1.55,1.00,1.00,1.00
2026-04-04T10:14:00Z,99.00,99.00,99.00,99.00,99.00,99.00,97.60,95.00,73.00,8.53,1.55,1.00,1.00,1.00
2026-04-04T10:30:00Z,99.00,99.00,99.00,99.00,99.00,99.00,97.60,95.00,73.00,7.00,1.55,1.00,1.00,1.00
2026-04-04T10:43:00Z,99.00,99.00,99.00,99.00,99.00,99.00,97.60,95.00,73.00,6.00,1.55,1.00,1.00,1.00
2026-04-04T11:13:00Z,99.00,99.00,99.00,99.00,99.00,99.00,97.60,95.00,73.00,6.00,1.55,1.00,1.00,1.00
2026-04-04T11:21:00Z,99.00,99.00,99.00,99.00,99.00,99.00,97.60,95.00,67.20,6.00,1.55,1.00,1.00,1.00
2026-04-04T11:26:00Z,99.00,99.00,99.00,99.00,99.00,99.00,97.60,95.00,67.20,5.50,1.55,1.00,1.00,1.00
2026-04-04T11:33:00Z,99.00,99.00,99.00,99.00,99.00,99.00,97.60,95.00,67.20,6.00,1.55,1.00,1.00,1.00
2026-04-04T11:41:00Z,99.00,99.00,99.00,99.00,99.00,99.00,97.60,95.00,73.12,6.00,1.55,1.00,1.00,1.00
2026-04-04T11:43:00Z,99.00,99.00,99.00,99.00,99.00,99.00,97.60,95.00,73.12,6.00,1.55,1.00,1.00,1.00
2026-04-04T12:13:00Z,99.00,99.00,99.00,99.00,99.00,99.00,97.60,95.00,73.12,5.00,1.55,1.00,1.00,1.00
2026-04-04T12:16:00Z,99.00,99.00,99.00,99.00,99.00,99.00,97.60,95.00,73.12,6.07,1.55,1.00,1.00,1.00
2026-04-04T12:18:00Z,99.00,99.00,99.00,99.00,99.00,99.00,97.60,95.00,71.04,6.07,1.55,1.00,1.00,1.00
2026-04-04T12:19:00Z,99.00,99.00,99.00,99.00,99.00,99.00,99.00,95.00,71.04,6.07,1.55,1.00,1.00,1.00
2026-04-04T12:31:00Z,99.00,99.00,99.00,99.00,99.00,99.00,99.00,95.00,71.04,6.07,1.55,1.00,1.00,1.00
2026-04-04T12:36:00Z,99.00,99.00,99.00,99.00,99.00,99.00,99.00,95.00,71.04,6.07,1.55,1.00,1.00,1.00
2026-04-04T12:44:00Z,99.00,99.00,99.00,99.00,99.00,99.00,99.00,95.00,71.04,6.07,1.00,1.00,1.00,1.00
2026-04-04T12:46:00Z,99.00,99.00,99.00,99.00,99.00,99.00,99.00,94.00,71.04,6.07,1.00,1.00,1.00,1.00
2026-04-04T12:52:00Z,99.00,99.00,99.00,99.00,99.00,99.00,99.00,94.00,71.04,4.00,1.00,1.00,1.00,1.00
2026-04-04T12:53:00Z,99.00,99.00,99.00,99.00,99.00,99.00,99.00,94.00,71.04,4.00,1.00,1.00,1.00,1.00
2026-04-04T13:26:00Z,99.00,99.00,99.00,99.00,99.00,99.00,99.00,94.00,71.04,4.09,1.00,1.00,1.00,1.00
2026-04-04T13:31:00Z,99.00,99.00,99.00,99.00,99.00,99.00,99.00,94.00,71.04,5.00,1.00,1.00,1.00,1.00
2026-04-04T13:40:00Z,99.00,99.00,99.00,99.00,99.00,99.00,99.00,94.00,71.04,4.00,1.00,1.00,1.00,1.00
2026-04-04T13:42:00Z,99.00,99.00,99.00,99.00,99.00,99.00,99.00,94.00,71.04,10.57,1.00,1.00,1.00,1.00
2026-04-04T13:47:00Z,99.00,99.00,99.00,99.00,99.00,99.00,99.00,94.00,69.48,10.57,1.00,1.00,1.00,1.00
2026-04-04T14:02:00Z,99.00,99.00,99.00,99.00,99.00,99.00,99.00,94.00,69.48,6.80,1.00,1.00,1.00,1.00
2026-04-04T14:03:00Z,99.00,99.00,99.00,99.00,99.00,99.00,99.00,94.00,69.48,2.49,1.00,1.00,1.00,1.00
2026-04-04T14:07:00Z,99.00,99.00,99.00,99.00,99.00,99.00,99.00,94.00,69.48,2.46,1.00,1.00,1.00,1.00
2026-04-04T14:10:00Z,99.00,99.00,99.00,99.00,99.00,99.00,99.00,94.34,69.48,2.46,1.00,1.00,1.00,1.00
2026-04-04T14:11:00Z,99.00,99.00,99.00,99.00,99.00,99.00,99.00,95.91,69.48,2.46,1.00,1.00,1.00,1.00
2026-04-04T14:20:00Z,99.00,99.00,99.00,99.00,99.00,99.00,99.00,96.00,69.48,2.46,1.00,1.00,1.00,1.00
2026-04-04T14:23:00Z,99.00,99.00,99.00,99.00,99.00,99.00,99.00,96.00,69.48,2.46,1.00,1.00,1.00,1.00
2026-04-04T14:28:00Z,99.00,99.00,99.00,99.00,99.00,99.00,99.00,96.00,71.52,2.46,1.00,1.00,1.00,1.00
2026-04-04T14:33:00Z,99.00,99.00,99.00,99.00,99.00,99.00,99.00,96.00,71.52,5.20,1.00,1.00,1.00,1.00
2026-04-04T15:02:00Z,99.00,99.00,99.00,99.00,99.00,99.00,99.00,96.00,72.89,5.20,1.00,1.00,1.00,1.00
2026-04-04T15:03:00Z,99.00,99.00,99.00,99.00,99.00,99.00,99.00,96.00,73.00,5.20,1.00,1.00,1.00,1.00
2026-04-04T15:11:00Z,99.00,99.00,99.00,99.00,99.00,99.00,99.00,96.00,73.00,2.00,1.00,1.00,1.00,1.00
2026-04-04T15:12:00Z,99.00,99.00,99.00,99.00,99.00,99.00,99.00,96.00,73.00,2.00,1.00,1.00,1.00,1.00
2026-04-04T15:26:00Z,99.00,99.00,99.00,99.00,99.00,99.00,99.00,96.00,73.00,3.00,1.00,1.00,1.00,1.00
2026-04-04T15:32:00Z,99.00,99.00,99.00,99.00,99.00,99.00,99.00,96.00,73.00,3.00,1.00,1.00,1.00,1.00
2026-04-04T15:34:00Z,99.00,99.00,99.00,99.00,99.00,99.00,99.00,96.00,73.64,3.00,1.00,1.00,1.00,1.00
2026-04-04T15:53:00Z,99.00,99.00,99.00,99.00,99.00,99.00,99.00,96.00,74.00,3.00,1.00,1.00,1.00,1.00
2026-04-04T15:54:00Z,99.00,99.00,99.00,99.00,99.00,99.00,99.00,96.00,74.00,3.00,1.00,1.00,1.00,1.00
2026-04-04T15:55:00Z,99.00,99.00,99.00,99.00,99.00,99.00,99.00,96.00,74.00,3.00,1.00,1.00,1.00,1.00
2026-04-04T15:57:00Z,99.00,99.00,99.00,99.00,99.00,99.00,99.00,96.00,74.00,2.00,1.00,1.00,1.00,1.00
2026-04-04T16:00:00Z,99.00,99.00,99.00,99.00,99.00,99.00,99.00,96.00,74.00,3.00,1.00,1.00,1.00,1.00
2026-04-04T16:01:00Z,99.00,99.00,99.00,99.00,99.00,99.00,99.00,96.00,74.00,3.00,1.00,1.00,1.00,1.00
2026-04-04T16:04:00Z,99.00,99.00,99.00,99.00,99.00,99.00,99.00,96.00,74.00,3.00,1.00,1.00,1.00,1.00
2026-04-04T16:08:00Z,99.00,99.00,99.00,99.00,99.00,99.00,99.00,96.00,74.00,3.00,1.00,1.00,1.00,1.00
2026-04-04T16:11:00Z,99.00,99.00,99.00,99.00,99.00,99.00,99.00,96.00,74.00,3.00,1.00,1.00,1.00,1.00
2026-04-04T16:14:00Z,99.00,99.00,99.00,99.00,99.00,99.00,99.00,96.00,73.00,3.00,1.00,1.00,1.00,1.00
2026-04-04T16:19:00Z,99.00,99.00,99.00,99.00,99.00,99.00,99.00,96.00,73.00,2.00,1.00,1.00,1.00,1.00
2026-04-04T16:21:00Z,99.00,99.00,99.00,99.00,99.00,99.00,99.00,96.00,74.00,2.00,1.00,1.00,1.00,1.00
2026-04-04T16:22:00Z,99.00,99.00,99.00,99.00,99.00,99.00,99.00,96.00,74.00,2.00,1.00,1.00,1.00,1.00
2026-04-04T16:29:00Z,99.00,99.00,99.00,99.00,99.00,99.00,99.00,96.00,74.00,3.42,1.00,1.00,1.00,1.00
2026-04-04T16:42:00Z,99.00,99.00,99.00,99.00,99.00,99.00,99.00,96.00,70.39,3.42,1.00,1.00,1.00,1.00
2026-04-04T16:43:00Z,99.00,99.00,99.00,99.00,99.00,99.00,99.00,96.00,70.39,2.00,1.00,1.00,1.00,1.00
2026-04-04T16:49:00Z,99.00,99.00,99.00,99.00,99.00,99.00,99.00,96.00,65.90,2.00,1.00,1.00,1.00,1.00
2026-04-04T16:51:00Z,99.00,99.00,99.00,99.00,99.00,99.00,99.00,96.00,73.15,2.00,1.00,1.00,1.00,1.00
2026-04-04T16:57:00Z,99.00,99.00,99.00,99.00,99.00,99.00,99.00,96.00,73.15,3.00,1.00,1.00,1.00,1.00
2026-04-04T16:58:00Z,99.00,99.00,99.00,99.00,99.00,99.00,99.00,96.00,73.15,2.00,1.00,1.00,1.00,1.00
2026-04-04T16:59:00Z,99.00,99.00,99.00,99.00,99.00,99.00,99.00,96.00,68.00,2.00,1.00,1.00,1.00,1.00
2026-04-04T17:00:00Z,99.00,99.00,99.00,99.00,99.00,99.00,99.00,96.00,67.09,3.00,1.00,1.00,1.00,1.00
2026-04-04T17:04:00Z,99.00,99.00,99.00,99.00,99.00,99.00,99.00,95.00,67.09,3.00,1.00,1.00,1.00,1.00
2026-04-04T17:08:00Z,99.00,99.00,99.00,99.00,99.00,99.00,99.00,95.00,67.09,2.00,1.00,1.00,1.00,1.00
2026-04-04T17:14:00Z,99.00,99.00,99.00,99.00,99.00,99.00,99.00,95.00,66.00,2.00,1.00,1.00,1.00,1.00
2026-04-04T17:17:00Z,99.00,99.00,99.00,99.00,99.00,99.00,99.00,96.00,67.50,2.00,1.00,1.00,1.00,1.00
2026-04-04T17:20:00Z,99.00,99.00,99.00,99.00,99.00,99.00,99.00,96.00,67.50,2.00,1.00,1.00,1.00,1.00
2026-04-04T17:23:00Z,99.00,99.00,99.00,99.00,99.00,99.00,99.00,96.00,67.00,2.00,1.00,1.00,1.00,1.00
2026-04-04T17:24:00Z,99.00,99.00,99.00,99.00,99.00,99.00,99.00,96.00,67.00,3.00,1.00,1.00,1.00,1.00
2026-04-04T17:29:00Z,99.00,99.00,99.00,99.00,99.00,99.00,99.00,96.00,72.00,2.00,1.00,1.00,1.00,1.00
2026-04-04T17:33:00Z,99.00,99.00,99.00,99.00,99.00,99.00,99.00,96.00,66.66,2.00,1.00,1.00,1.00,1.00
2026-04-04T17:34:00Z,99.00,99.00,99.00,99.00,99.00,99.00,99.00,96.00,66.26,2.00,1.00,1.00,1.00,1.00
2026-04-04T17:41:00Z,99.00,99.00,99.00,99.00,99.00,99.00,99.00,96.00,71.00,2.00,1.00,1.00,1.00,1.00
2026-04-04T17:48:00Z,99.00,99.00,99.00,99.00,99.00,99.00,99.00,96.00,66.34,2.00,1.00,1.00,1.00,1.00
2026-04-04T17:51:00Z,99.00,99.00,99.00,99.00,99.00,99.00,99.00,96.00,63.15,2.00,1.00,1.00,1.00,1.00
2026-04-04T17:52:00Z,99.00,99.00,99.00,99.00,99.00,99.00,99.00,94.70,63.15,2.00,1.00,1.00,1.00,1.00
2026-04-04T17:56:00Z,99.00,99.00,99.00,99.00,99.00,99.00,99.00,94.70,63.16,2.00,1.00,1.00,1.00,1.00
2026-04-04T17:59:00Z,99.00,99.00,99.00,99.00,99.00,99.00,99.00,92.13,63.16,2.00,1.00,1.00,1.00,1.00
2026-04-04T18:00:00Z,99.00,99.00,99.00,99.00,99.00,99.00,99.00,92.13,63.16,2.00,1.00,1.00,1.00,1.00
2026-04-04T18:08:00Z,99.00,99.00,99.00,99.00,99.00,99.00,99.00,90.77,63.16,2.00,1.00,1.00,1.00,1.00
2026-04-04T18:10:00Z,99.00,99.00,99.00,99.00,99.00,99.00,99.00,90.77,64.11,2.00,1.00,1.00,1.00,1.00
2026-04-04T18:17:00Z,99.00,99.00,99.00,99.00,99.00,99.00,99.00,90.77,68.00,2.00,1.00,1.00,1.00,1.00
2026-04-04T18:33:00Z,99.00,99.00,99.00,99.00,99.00,99.00,99.00,92.00,68.00,2.00,1.00,1.00,1.00,1.00
2026-04-04T18:35:00Z,99.00,99.00,99.00,99.00,99.00,99.00,99.00,92.00,68.00,2.00,1.00,1.00,1.00,1.00
2026-04-04T18:37:00Z,99.00,99.00,99.00,99.00,99.00,99.00,99.00,92.00,68.00,2.00,1.00,1.00,1.00,1.00
2026-04-04T18:54:00Z,99.00,99.00,99.00,99.00,99.00,99.00,99.00,92.00,60.39,1.24,1.00,1.00,1.00,1.00
2026-04-04T18:56:00Z,99.00,99.00,99.00,99.00,99.00,99.00,99.00,92.00,60.25,1.24,1.00,1.00,1.00,1.00
2026-04-04T19:01:00Z,99.00,99.00,99.00,99.00,99.00,99.00,99.00,92.00,60.00,1.24,1.00,1.00,1.00,1.00
2026-04-04T19:02:00Z,99.00,99.00,99.00,99.00,99.00,99.00,99.00,93.08,60.00,1.24,1.00,1.00,1.00,1.00
2026-04-04T19:03:00Z,99.00,99.00,99.00,99.00,99.00,99.00,99.00,93.08,61.92,1.24,1.00,1.00,1.00,1.00
2026-04-04T19:04:00Z,99.00,99.00,99.00,99.00,99.00,99.00,99.00,93.08,64.00,1.24,1.00,1.00,1.00,1.00
2026-04-04T19:07:00Z,99.00,99.00,99.00,99.00,99.00,99.00,99.00,93.08,64.00,1.00,1.00,1.00,1.00,1.00
2026-04-04T19:23:00Z,99.00,99.00,99.00,99.00,99.00,99.00,99.00,93.08,62.00,1.00,1.00,1.00,1.00,1.00
2026-04-04T19:34:00Z,99.00,99.00,99.00,99.00,99.00,99.00,99.00,93.08,62.00,1.00,1.00,1.00,1.00,1.00
2026-04-04T19:35:00Z,99.00,99.00,99.00,99.00,99.00,99.00,99.00,93.08,62.29,1.00,1.00,1.00,1.00,1.00
2026-04-04T19:40:00Z,99.00,99.00,99.00,99.00,99.00,99.00,99.00,93.08,62.29,1.00,1.00,1.00,1.00,1.00
2026-04-04T19:45:00Z,99.00,99.00,99.00,99.00,99.00,99.00,99.00,93.08,62.29,1.00,1.00,1.00,1.00,1.00
2026-04-04T20:00:00Z,99.00,99.00,99.00,99.00,99.00,99.00,99.00,93.08,62.29,1.00,1.00,1.00,1.00,1.00
2026-04-04T20:09:00Z,99.00,99.00,99.00,99.00,99.00,99.00,99.00,93.08,61.00,1.00,1.00,1.00,1.00,1.00
2026-04-04T20:17:00Z,99.00,99.00,99.00,99.00,99.00,99.00,99.00,93.08,61.00,1.00,1.00,1.00,1.00,1.00
2026-04-04T20:18:00Z,99.00,99.00,99.00,99.00,99.00,99.00,99.00,96.00,61.00,1.00,1.00,1.00,1.00,1.00
2026-04-04T20:51:00Z,99.00,99.00,99.00,99.00,99.00,99.00,99.00,96.00,60.09,1.00,1.00,1.00,1.00,1.00
2026-04-04T20:54:00Z,99.00,99.00,99.00,99.00,99.00,99.00,99.00,96.00,64.00,1.00,1.00,1.00,1.00,1.00
2026-04-04T20:59:00Z,99.00,99.00,99.00,99.00,99.00,99.00,99.00,92.00,64.00,1.00,1.00,1.00,1.00,1.00
2026-04-04T21:05:00Z,99.00,99.00,99.00,99.00,99.00,99.00,99.00,92.00,64.00,1.00,1.00,1.00,1.00,1.00
2026-04-04T21:06:00Z,99.00,99.00,99.00,99.00,99.00,99.00,99.00,92.00,64.00,1.00,1.00,1.00,1.00,1.00
2026-04-04T21:43:00Z,99.00,99.00,99.00,99.00,99.00,99.00,99.00,92.00,64.00,1.00,1.00,1.00,1.00,1.00
2026-04-04T21:44:00Z,99.00,99.00,99.00,99.00,99.00,99.00,99.00,96.00,64.00,1.00,1.00,1.00,1.00,1.00
2026-04-04T21:50:00Z,99.00,99.00,99.00,99.00,99.00,99.00,99.00,96.00,64.00,1.00,1.00,1.00,1.00,1.00
2026-04-04T21:51:00Z,99.00,99.00,99.00,99.00,99.00,99.00,99.00,96.00,70.00,1.00,1.00,1.00,1.00,1.00
2026-04-04T21:52:00Z,99.00,99.00,99.00,99.00,99.00,99.00,99.00,96.00,59.00,1.00,1.00,1.00,1.00,1.00
2026-04-04T21:53:00Z,99.00,99.00,99.00,99.00,99.00,99.00,99.00,96.00,59.00,1.00,1.00,1.00,1.00,1.00
2026-04-04T22:13:00Z,99.00,99.00,99.00,99.00,99.00,99.00,99.00,96.00,59.00,1.00,1.00,1.00,1.00,1.00
2026-04-04T22:20:00Z,99.00,99.00,99.00,99.00,99.00,99.00,99.00,96.00,68.75,1.00,1.00,1.00,1.00,1.00
2026-04-04T22:23:00Z,99.00,99.00,99.00,99.00,99.00,99.00,99.00,96.00,61.00,1.00,1.00,1.00,1.00,1.00
2026-04-04T22:40:00Z,99.00,99.00,99.00,99.00,99.00,99.00,99.00,95.00,61.00,1.00,1.00,1.00,1.00,1.00
2026-04-04T22:46:00Z,99.00,99.00,99.00,99.00,99.00,99.00,99.00,95.00,71.40,1.00,1.00,1.00,1.00,1.00
2026-04-04T22:48:00Z,99.00,99.00,99.00,99.00,99.00,99.00,99.00,95.00,71.05,1.00,1.00,1.00,1.00,1.00
2026-04-04T22:51:00Z,99.00,99.00,99.00,99.00,99.00,99.00,99.00,95.00,73.19,1.00,1.00,1.00,1.00,1.00
2026-04-04T23:17:00Z,99.00,99.00,99.00,99.00,99.00,99.00,99.00,95.00,73.19,1.00,1.00,1.00,1.00,1.00
2026-04-04T23:30:00Z,99.00,99.00,99.00,99.00,99.00,99.00,99.00,95.00,74.00,1.00,1.00,1.00,1.00,1.00
2026-04-04T23:33:00Z,99.00,99.00,99.00,99.00,99.00,99.00,99.00,94.00,74.00,1.00,1.00,1.00,1.00,1.00
2026-04-04T23:38:00Z,99.00,99.00,99.00,99.00,99.00,99.00,99.00,94.00,74.00,1.00,1.00,1.00,1.00,1.00
2026-04-04T23:46:00Z,99.00,99.00,99.00,99.00,99.00,99.00,99.00,94.00,74.00,1.00,1.00,1.00,1.00,1.00
2026-04-04T23:49:00Z,99.00,99.00,99.00,99.00,99.00,99.00,99.00,94.00,74.00,1.00,1.00,1.00,1.00,1.00
2026-04-04T23:50:00Z,99.00,99.00,99.00,99.00,99.00,99.00,99.00,94.00,72.75,1.00,1.00,1.00,1.00,1.00
2026-04-04T23:56:00Z,99.00,99.00,99.00,99.00,99.00,99.00,99.00,94.00,71.00,1.00,1.00,1.00,1.00,1.00
2026-04-04T23:57:00Z,99.00,99.00,99.00,99.00,99.00,99.00,99.00,94.00,71.00,1.00,1.00,1.00,1.00,1.00
2026-04-05T00:08:00Z,99.00,99.00,99.00,99.00,99.00,99.00,99.00,94.00,71.00,1.00,1.00,1.00,1.00,1.00
2026-04-05T00:16:00Z,99.00,99.00,99.00,99.00,99.00,99.00,99.00,94.00,74.00,1.00,1.00,1.00,1.00,1.00
2026-04-05T00:29:00Z,99.00,99.00,99.00,99.00,99.00,99.00,99.00,94.00,74.00,1.00,1.00,1.00,1.00,1.00
2026-04-05T00:44:00Z,99.00,99.00,99.00,99.00,99.00,99.00,99.00,92.17,74.00,1.00,1.00,1.00,1.00,1.00
2026-04-05T00:54:00Z,99.00,99.00,99.00,99.00,99.00,99.00,99.00,95.00,74.00,1.00,1.00,1.00,1.00,1.00
2026-04-05T00:56:00Z,99.00,99.00,99.00,99.00,99.00,99.00,99.00,95.00,74.00,1.00,1.00,1.00,1.00,1.00
2026-04-05T01:16:00Z,99.00,99.00,99.00,99.00,99.00,99.00,99.00,95.00,74.00,1.00,1.00,1.00,1.00,1.00
2026-04-05T01:21:00Z,99.00,99.00,99.00,99.00,99.00,99.00,99.00,95.00,74.00,1.00,1.00,1.00,1.00,1.00
2026-04-05T01:27:00Z,99.00,99.00,99.00,99.00,99.00,99.00,99.00,95.00,74.00,1.00,1.00,1.00,1.00,1.00
2026-04-05T01:31:00Z,99.00,99.00,99.00,99.00,99.00,99.00,99.00,95.00,79.25,1.00,1.00,1.00,1.00,1.00
2026-04-05T01:36:00Z,99.00,99.00,99.00,99.00,99.00,99.00,99.00,93.00,79.25,1.00,1.00,1.00,1.00,1.00
2026-04-05T01:40:00Z,99.00,99.00,99.00,99.00,99.00,99.00,99.00,93.00,83.47,1.00,1.00,1.00,1.00,1.00
2026-04-05T01:41:00Z,99.00,99.00,99.00,99.00,99.00,99.00,99.00,93.00,83.00,1.00,1.00,1.00,1.00,1.00
2026-04-05T01:42:00Z,99.00,99.00,99.00,99.00,99.00,99.00,99.00,93.00,83.00,1.00,1.00,1.00,1.00,1.00
2026-04-05T01:43:00Z,99.00,99.00,99.00,99.00,99.00,99.00,99.00,93.00,83.00,1.00,1.00,1.00,1.00,1.00
2026-04-05T01:44:00Z,99.00,99.00,99.00,99.00,99.00,99.00,99.00,93.00,84.00,1.00,1.00,1.00,1.00,1.00
2026-04-05T01:57:00Z,99.00,99.00,99.00,99.00,99.00,99.00,99.00,93.00,84.89,1.00,1.00,1.00,1.00,1.00
2026-04-05T01:58:00Z,99.00,99.00,99.00,99.00,99.00,99.00,99.00,95.00,84.89,1.00,1.00,1.00,1.00,1.00
2026-04-05T02:06:00Z,99.00,99.00,99.00,99.00,99.00,99.00,99.00,95.00,84.89,1.00,1.00,1.00,1.00,1.00
2026-04-05T02:09:00Z,99.00,99.00,99.00,99.00,99.00,99.00,99.00,96.00,84.89,1.00,1.00,1.00,1.00,1.00
2026-04-05T02:12:00Z,99.00,99.00,99.00,99.00,99.00,99.00,99.00,96.00,85.14,1.00,1.00,1.00,1.00,1.00
2026-04-05T02:19:00Z,99.00,99.00,99.00,99.00,99.00,99.00,99.00,96.00,83.14,1.00,1.00,1.00,1.00,1.00
2026-04-05T02:23:00Z,99.00,99.00,99.00,99.00,99.00,99.00,99.00,96.00,83.14,1.00,1.00,1.00,1.00,1.00
2026-04-05T02:24:00Z,99.00,99.00,99.00,99.00,99.00,99.00,99.00,96.00,71.21,1.00,1.00,1.00,1.00,1.00
2026-04-05T02:30:00Z,99.00,99.00,99.00,99.00,99.00,99.00,99.00,96.00,57.87,1.00,1.00,1.00,1.00,1.00
2026-04-05T02:34:00Z,99.00,99.00,99.00,99.00,99.00,99.00,99.00,96.00,69.71,1.00,1.00,1.00,1.00,1.00
2026-04-05T02:38:00Z,99.00,99.00,99.00,99.00,99.00,99.00,99.00,96.00,68.66,1.00,1.00,1.00,1.00,1.00
2026-04-05T02:51:00Z,99.00,99.00,99.00,99.00,99.00,99.00,99.00,96.00,67.00,1.00,1.00,1.00,1.00,1.00
2026-04-05T02:53:00Z,99.00,99.00,99.00,99.00,99.00,99.00,99.00,94.12,67.00,1.00,1.00,1.00,1.00,1.00
2026-04-05T02:59:00Z,99.00,99.00,99.00,99.00,99.00,99.00,99.00,94.12,67.00,1.00,1.00,1.00,1.00,1.00
2026-04-05T03:00:00Z,99.00,99.00,99.00,99.00,99.00,99.00,99.00,94.12,67.00,1.00,1.00,1.00,1.00,1.00
2026-04-05T03:35:00Z,99.00,99.00,99.00,99.00,99.00,99.00,99.00,94.12,59.79,1.00,1.00,1.00,1.00,1.00
2026-04-05T03:36:00Z,99.00,99.00,99.00,99.00,99.00,99.00,99.00,90.56,37.00,1.00,1.00,1.00,1.00,1.00
2026-04-05T03:37:00Z,99.00,99.00,99.00,99.00,99.00,99.00,99.00,79.38,41.84,1.00,1.00,1.00,1.00,1.00
2026-04-05T03:38:00Z,99.00,99.00,99.00,99.00,99.00,99.00,99.00,93.00,33.04,1.00,1.00,1.00,1.00,1.00
2026-04-05T03:39:00Z,99.00,99.00,99.00,99.00,99.00,99.00,99.00,72.52,39.57,1.00,1.00,1.00,1.00,1.00
2026-04-05T03:43:00Z,99.00,99.00,99.00,99.00,99.00,99.00,99.00,72.52,37.00,1.00,1.00,1.00,1.00,1.00
2026-04-05T03:46:00Z,99.00,99.00,99.00,99.00,99.00,99.00,99.00,72.52,35.22,1.00,1.00,1.00,1.00,1.00
2026-04-05T03:47:00Z,99.00,99.00,99.00,99.00,99.00,99.00,99.00,72.52,29.00,1.00,1.00,1.00,1.00,1.00
2026-04-05T03:48:00Z,99.00,99.00,99.00,99.00,99.00,99.00,99.00,72.52,29.10,1.00,1.00,1.00,1.00,1.00
2026-04-05T03:49:00Z,99.00,99.00,99.00,99.00,99.00,99.00,99.00,75.13,30.00,1.00,1.00,1.00,1.00,1.00
2026-04-05T03:50:00Z,99.00,99.00,99.00,99.00,99.00,99.00,99.00,75.13,33.56,1.00,1.00,1.00,1.00,1.00
2026-04-05T03:52:00Z,99.00,99.00,99.00,99.00,99.00,99.00,99.00,75.13,36.03,1.00,1.00,1.00,1.00,1.00
2026-04-05T03:53:00Z,99.00,99.00,99.00,99.00,99.00,99.00,99.00,85.99,37.00,1.00,1.00,1.00,1.00,1.00
2026-04-05T03:54:00Z,99.00,99.00,99.00,99.00,99.00,99.00,99.00,85.99,35.00,1.00,1.00,1.00,1.00,1.00
2026-04-05T03:55:00Z,99.00,99.00,99.00,99.00,99.00,99.00,99.00,85.99,27.26,1.00,1.00,1.00,1.00,1.00
2026-04-05T04:01:00Z,99.00,99.00,99.00,99.00,99.00,99.00,99.00,85.99,39.59,1.00,1.00,1.00,1.00,1.00
2026-04-05T04:03:00Z,99.00,99.00,99.00,99.00,99.00,99.00,99.00,85.99,29.00,1.00,1.00,1.00,1.00,1.00
2026-04-05T04:04:00Z,99.00,99.00,99.00,99.00,99.00,99.00,99.00,85.99,22.00,1.00,1.00,1.00,1.00,1.00
2026-04-05T04:16:00Z,99.00,99.00,99.00,99.00,99.00,99.00,99.00,85.99,25.00,1.00,1.00,1.00,1.00,1.00
2026-04-05T04:18:00Z,99.00,99.00,99.00,99.00,99.00,99.00,99.00,85.99,20.00,1.00,1.00,1.00,1.00,1.00
2026-04-05T04:20:00Z,99.00,99.00,99.00,99.00,99.00,99.00,99.00,84.00,20.00,1.00,1.00,1.00,1.00,1.00
2026-04-05T04:22:00Z,99.00,99.00,99.00,99.00,99.00,99.00,99.00,84.00,18.00,1.00,1.00,1.00,1.00,1.00
2026-04-05T04:26:00Z,99.00,99.00,99.00,99.00,99.00,99.00,99.00,83.00,15.33,1.00,1.00,1.00,1.00,1.00
2026-04-05T04:27:00Z,99.00,99.00,99.00,99.00,99.00,99.00,99.00,83.00,16.00,1.00,1.00,1.00,1.00,1.00
2026-04-05T04:31:00Z,99.00,99.00,99.00,99.00,99.00,99.00,99.00,83.00,16.00,1.00,1.00,1.00,1.00,1.00
2026-04-05T04:33:00Z,99.00,99.00,99.00,99.00,99.00,99.00,99.00,83.00,16.58,1.00,1.00,1.00,1.00,1.00
2026-04-05T04:34:00Z,99.00,99.00,99.00,99.00,99.00,99.00,99.00,83.00,16.00,1.00,1.00,1.00,1.00,1.00
2026-04-05T04:41:00Z,99.00,99.00,99.00,99.00,99.00,99.00,99.00,83.00,16.75,1.00,1.00,1.00,1.00,1.00
2026-04-05T04:50:00Z,99.00,99.00,99.00,99.00,99.00,99.00,99.00,83.00,17.92,1.00,1.00,1.00,1.00,1.00
2026-04-05T04:57:00Z,99.00,99.00,99.00,99.00,99.00,99.00,99.00,83.00,20.00,1.00,1.00,1.00,1.00,1.00
2026-04-05T05:07:00Z,99.00,99.00,99.00,99.00,99.00,99.00,99.00,83.00,25.00,1.00,1.00,1.00,1.00,1.00
2026-04-05T05:10:00Z,99.00,99.00,99.00,99.00,99.00,99.00,99.00,83.14,25.00,1.00,1.00,1.00,1.00,1.00
2026-04-05T05:18:00Z,99.00,99.00,99.00,99.00,99.00,99.00,99.00,80.00,25.00,1.00,1.00,1.00,1.00,1.00
2026-04-05T05:19:00Z,99.00,99.00,99.00,99.00,99.00,99.00,99.00,81.70,24.00,1.00,1.00,1.00,1.00,1.00
2026-04-05T05:27:00Z,99.00,99.00,99.00,99.00,99.00,99.00,99.00,81.70,24.00,1.00,1.00,1.00,1.00,1.00
2026-04-05T05:29:00Z,99.00,99.00,99.00,99.00,99.00,99.00,99.00,81.70,24.00,1.00,1.00,1.00,1.00,1.00
2026-04-05T05:45:00Z,99.00,99.00,99.00,99.00,99.00,99.00,99.00,78.50,24.00,1.00,1.00,1.00,1.00,1.00
2026-04-05T05:48:00Z,99.00,99.00,99.00,99.00,99.00,99.00,99.00,78.50,20.24,1.00,1.00,1.00,1.00,1.00
2026-04-05T05:53:00Z,99.00,99.00,99.00,99.00,99.00,99.00,99.00,78.50,24.00,1.00,1.00,1.00,1.00,1.00
2026-04-05T05:56:00Z,99.00,99.00,99.00,99.00,99.00,99.00,99.00,78.50,24.00,1.00,1.00,1.00,1.00,1.00
2026-04-05T05:59:00Z,99.00,99.00,99.00,99.00,99.00,99.00,99.00,77.54,24.00,1.00,1.00,1.00,1.00,1.00
2026-04-05T06:09:00Z,99.00,99.00,99.00,99.00,99.00,99.00,99.00,77.54,16.32,1.00,1.00,1.00,1.00,1.00
2026-04-05T06:10:00Z,99.00,99.00,99.00,99.00,99.00,99.00,99.00,77.54,17.02,1.00,1.00,1.00,1.00,1.00
2026-04-05T06:13:00Z,99.00,99.00,99.00,99.00,99.00,99.00,99.00,77.54,15.09,1.00,1.00,1.00,1.00,1.00
2026-04-05T06:22:00Z,99.00,99.00,99.00,99.00,99.00,99.00,99.00,77.54,15.01,1.00,1.00,1.00,1.00,1.00
2026-04-05T06:26:00Z,99.00,99.00,99.00,99.00,99.00,99.00,99.00,77.00,15.01,1.00,1.00,1.00,1.00,1.00
2026-04-05T06:27:00Z,99.00,99.00,99.00,99.00,99.00,99.00,99.00,75.26,15.01,1.00,1.00,1.00,1.00,1.00
2026-04-05T06:32:00Z,99.00,99.00,99.00,99.00,99.00,99.00,99.00,75.26,16.26,1.00,1.00,1.00,1.00,1.00
2026-04-05T06:33:00Z,99.00,99.00,99.00,99.00,99.00,99.00,99.00,83.00,13.89,1.00,1.00,1.00,1.00,1.00
2026-04-05T06:35:00Z,99.00,99.00,99.00,99.00,99.00,99.00,99.00,73.23,13.89,1.00,1.00,1.00,1.00,1.00
2026-04-05T06:41:00Z,99.00,99.00,99.00,99.00,99.00,99.00,99.00,72.59,13.89,1.00,1.00,1.00,1.00,1.00
2026-04-05T06:46:00Z,99.00,99.00,99.00,99.00,99.00,99.00,99.00,72.59,13.11,1.00,1.00,1.00,1.00,1.00
2026-04-05T07:05:00Z,99.00,99.00,99.00,99.00,99.00,99.00,99.00,72.59,11.08,1.00,1.00,1.00,1.00,1.00
2026-04-05T07:12:00Z,99.00,99.00,99.00,99.00,99.00,99.00,99.00,72.59,10.00,1.00,1.00,1.00,1.00,1.00
2026-04-05T07:19:00Z,99.00,99.00,99.00,99.00,99.00,99.00,99.00,71.25,10.00,1.00,1.00,1.00,1.00,1.00
2026-04-05T07:21:00Z,99.00,99.00,99.00,99.00,99.00,99.00,99.00,71.33,10.00,1.00,1.00,1.00,1.00,1.00
2026-04-05T07:22:00Z,99.00,99.00,99.00,99.00,99.00,99.00,99.00,73.02,10.00,1.00,1.00,1.00,1.00,1.00
2026-04-05T07:29:00Z,99.00,99.00,99.00,99.00,99.00,99.00,99.00,73.02,8.60,1.00,1.00,1.00,1.00,1.00
2026-04-05T07:30:00Z,99.00,99.00,99.00,99.00,99.00,99.00,99.00,73.02,8.60,1.00,1.00,1.00,1.00,1.00
2026-04-05T07:31:00Z,99.00,99.00,99.00,99.00,99.00,99.00,99.00,73.02,6.31,1.00,1.00,1.00,1.00,1.00
2026-04-05T07:48:00Z,99.00,99.00,99.00,99.00,99.00,99.00,99.00,71.33,6.31,1.00,1.00,1.00,1.00,1.00
2026-04-05T08:21:00Z,99.00,99.00,99.00,99.00,99.00,99.00,99.00,71.33,6.31,1.00,1.00,1.00,1.00,1.00
2026-04-05T08:30:00Z,99.00,99.00,99.00,99.00,99.00,99.00,99.00,71.33,9.00,1.00,1.00,1.00,1.00,1.00
2026-04-05T08:59:00Z,99.00,99.00,99.00,99.00,99.00,99.00,99.00,71.33,9.00,1.00,1.00,1.00,1.00,1.00
2026-04-05T09:11:00Z,99.00,99.00,99.00,99.00,99.00,99.00,99.00,72.00,9.00,1.00,1.00,1.00,1.00,1.00
2026-04-05T09:12:00Z,99.00,99.00,99.00,99.00,99.00,99.00,99.00,71.00,9.00,1.00,1.00,1.00,1.00,1.00
2026-04-05T09:22:00Z,99.00,99.00,99.00,99.00,99.00,99.00,99.00,72.00,9.00,1.00,1.00,1.00,1.00,1.00
2026-04-05T09:26:00Z,99.00,99.00,99.00,99.00,99.00,99.00,99.00,72.00,6.00,1.00,1.00,1.00,1.00,1.00
2026-04-05T09:33:00Z,99.00,99.00,99.00,99.00,99.00,99.00,99.00,72.00,9.79,1.00,1.00,1.00,1.00,1.00
2026-04-05T09:34:00Z,99.00,99.00,99.00,99.00,99.00,99.00,99.00,72.00,10.50,1.00,1.00,1.00,1.00,1.00
2026-04-05T09:38:00Z,99.00,99.00,99.00,99.00,99.00,99.00,99.00,75.00,10.50,1.00,1.00,1.00,1.00,1.00
2026-04-05T09:56:00Z,99.00,96.00,99.00,99.00,99.00,99.00,99.00,75.00,10.50,1.00,1.00,1.00,1.00,1.00
2026-04-05T09:59:00Z,99.00,96.00,99.00,99.00,99.00,99.00,99.00,73.00,10.50,1.00,1.00,1.00,1.00,1.00
2026-04-05T10:00:00Z,99.00,96.00,99.00,99.00,99.00,99.00,99.00,73.00,10.50,1.00,1.00,1.00,1.00,1.00
2026-04-05T10:22:00Z,99.00,96.00,99.00,99.00,99.00,99.00,99.00,73.00,10.50,1.00,1.00,1.00,1.00,1.00
2026-04-05T10:30:00Z,99.00,96.00,99.00,99.00,99.00,99.00,99.00,73.00,12.64,1.00,1.00,1.00,1.00,1.00
2026-04-05T11:29:00Z,99.00,96.00,99.00,99.00,99.00,99.00,99.00,73.00,9.00,1.00,1.00,1.00,1.00,1.00
2026-04-05T11:57:00Z,99.00,96.00,99.00,99.00,99.00,99.00,99.00,73.00,13.00,1.00,1.00,1.00,1.00,1.00
2026-04-05T12:06:00Z,99.00,96.00,99.00,99.00,99.00,99.00,99.00,76.83,13.00,1.00,1.00,1.00,1.00,1.00
2026-04-05T12:07:00Z,99.00,96.00,99.00,99.00,99.00,99.00,99.00,76.83,10.00,1.00,1.00,1.00,1.00,1.00
2026-04-05T12:47:00Z,99.00,96.00,99.00,99.00,99.00,99.00,99.00,78.00,10.00,1.00,1.00,1.00,1.00,1.00
2026-04-05T13:06:00Z,99.00,96.00,99.00,99.00,99.00,99.00,99.00,78.00,10.83,1.00,1.00,1.00,1.00,1.00
2026-04-05T13:12:00Z,99.00,96.00,99.00,99.00,99.00,99.00,99.00,78.00,14.00,1.00,1.00,1.00,1.00,1.00
2026-04-05T13:43:00Z,99.00,96.00,99.00,99.00,99.00,99.00,99.00,78.00,14.00,1.00,1.00,1.00,1.00,1.00
2026-04-05T13:54:00Z,99.00,96.00,99.00,99.00,99.00,99.00,99.00,79.66,14.00,1.00,1.00,1.00,1.00,1.00
2026-04-05T14:01:00Z,99.00,96.00,99.00,99.00,99.00,99.00,99.00,82.33,11.14,1.00,1.00,1.00,1.00,1.00
2026-04-05T14:09:00Z,99.00,96.00,99.00,99.00,99.00,99.00,99.00,81.00,11.14,1.00,1.00,1.00,1.00,1.00
2026-04-05T14:12:00Z,99.00,96.00,99.00,99.00,99.00,99.00,99.00,81.00,11.14,1.00,1.00,1.00,1.00,1.00
2026-04-05T14:30:00Z,99.00,96.00,99.00,99.00,99.00,99.00,99.00,81.00,11.00,1.00,1.00,1.00,1.00,1.00
2026-04-05T14:31:00Z,99.00,96.00,99.00,99.00,99.00,99.00,99.00,81.00,12.00,1.00,1.00,1.00,1.00,1.00
2026-04-05T14:33:00Z,99.00,96.00,99.00,99.00,99.00,99.00,99.00,78.00,12.00,1.00,1.00,1.00,1.00,1.00
2026-04-05T14:38:00Z,99.00,96.00,99.00,99.00,99.00,99.00,99.00,77.16,12.00,1.00,1.00,1.00,1.00,1.00
2026-04-05T14:39:00Z,99.00,96.00,99.00,99.00,99.00,99.00,99.00,81.16,10.00,1.00,1.00,1.00,1.00,1.00
2026-04-05T14:40:00Z,99.00,96.00,99.00,99.00,99.00,99.00,99.00,81.16,7.53,1.00,1.00,1.00,1.00,1.00
2026-04-05T14:52:00Z,99.00,96.00,99.00,99.00,99.00,99.00,99.00,81.16,9.36,1.00,1.00,1.00,1.00,1.00
2026-04-05T14:53:00Z,99.00,96.00,99.00,99.00,99.00,99.00,99.00,81.40,9.36,1.00,1.00,1.00,1.00,1.00
2026-04-05T14:54:00Z,99.00,96.00,99.00,99.00,99.00,99.00,99.00,82.00,9.36,1.00,1.00,1.00,1.00,1.00
2026-04-05T14:55:00Z,99.00,96.00,99.00,99.00,99.00,99.00,99.00,82.00,9.00,1.00,1.00,1.00,1.00,1.00
2026-04-05T14:56:00Z,99.00,96.00,99.00,99.00,99.00,99.00,99.00,82.00,7.00,1.00,1.00,1.00,1.00,1.00
2026-04-05T14:57:00Z,99.00,96.00,99.00,99.00,99.00,99.00,99.00,82.00,7.00,1.00,1.00,1.00,1.00,1.00
2026-04-05T15:02:00Z,99.00,96.00,99.00,99.00,99.00,99.00,99.00,82.00,7.48,1.00,1.00,1.00,1.00,1.00
2026-04-05T15:06:00Z,99.00,96.00,99.00,99.00,99.00,99.00,99.00,82.00,4.00,1.00,1.00,1.00,1.00,1.00
2026-04-05T15:07:00Z,99.00,96.00,99.00,99.00,99.00,99.00,99.00,82.00,4.00,1.00,1.00,1.00,1.00,1.00
2026-04-05T15:08:00Z,99.00,96.00,99.00,99.00,99.00,99.00,99.00,82.00,4.00,1.00,1.00,1.00,1.00,1.00
2026-04-05T15:12:00Z,99.00,96.00,99.00,99.00,99.00,99.00,99.00,82.00,5.99,1.00,1.00,1.00,1.00,1.00
2026-04-05T15:14:00Z,99.00,96.00,99.00,99.00,99.00,99.00,99.00,82.00,2.89,1.00,1.00,1.00,1.00,1.00
2026-04-05T15:19:00Z,99.00,96.00,99.00,99.00,99.00,99.00,99.00,83.40,2.89,1.00,1.00,1.00,1.00,1.00
2026-04-05T15:20:00Z,99.00,96.00,99.00,99.00,99.00,99.00,99.00,83.37,2.89,1.00,1.00,1.00,1.00,1.00
2026-04-05T15:23:00Z,99.00,96.00,99.00,99.00,99.00,99.00,99.00,83.37,5.00,1.00,1.00,1.00,1.00,1.00
2026-04-05T15:28:00Z,99.00,96.00,99.00,99.00,99.00,99.00,99.00,84.00,5.00,1.00,1.00,1.00,1.00,1.00
2026-04-05T15:30:00Z,99.00,96.00,99.00,99.00,99.00,99.00,99.00,84.00,5.00,1.00,1.00,1.00,1.00,1.00
2026-04-05T15:31:00Z,99.00,96.00,99.00,99.00,99.00,99.00,99.00,84.00,4.45,1.00,1.00,1.00,1.00,1.00
2026-04-05T15:32:00Z,99.00,96.00,99.00,99.00,99.00,99.00,99.00,84.00,5.68,1.00,1.00,1.00,1.00,1.00
2026-04-05T15:33:00Z,99.00,96.00,99.00,99.00,99.00,99.00,99.00,84.00,6.93,1.00,1.00,1.00,1.00,1.00
2026-04-05T15:34:00Z,99.00,96.00,99.00,99.00,99.00,99.00,99.00,83.19,6.93,1.00,1.00,1.00,1.00,1.00
2026-04-05T15:38:00Z,99.00,96.00,99.00,99.00,99.00,99.00,99.00,83.00,6.93,1.00,1.00,1.00,1.00,1.00
2026-04-05T15:41:00Z,99.00,96.00,99.00,99.00,99.00,99.00,99.00,83.00,8.22,1.00,1.00,1.00,1.00,1.00
2026-04-05T15:43:00Z,99.00,96.00,99.00,99.00,99.00,99.00,99.00,83.00,8.00,1.00,1.00,1.00,1.00,1.00
2026-04-05T15:52:00Z,99.00,96.00,99.00,99.00,99.00,99.00,99.00,83.00,9.29,1.00,1.00,1.00,1.00,1.00
2026-04-05T15:53:00Z,99.00,96.00,99.00,99.00,99.00,99.00,99.00,83.00,2.62,1.00,1.00,1.00,1.00,1.00
2026-04-05T15:56:00Z,99.00,96.00,99.00,99.00,99.00,99.00,99.00,83.00,5.51,1.00,1.00,1.00,1.00,1.00
2026-04-05T16:00:00Z,99.00,96.00,99.00,99.00,99.00,99.00,99.00,83.00,7.00,1.00,1.00,1.00,1.00,1.00
2026-04-05T16:07:00Z,99.00,96.00,99.00,99.00,99.00,99.00,99.00,83.00,13.28,1.00,1.00,1.00,1.00,1.00
2026-04-05T16:11:00Z,99.00,96.00,99.00,99.00,99.00,99.00,99.00,83.00,12.00,1.00,1.00,1.00,1.00,1.00
2026-04-05T16:12:00Z,99.00,96.00,99.00,99.00,99.00,99.00,99.00,83.00,12.00,1.00,1.00,1.00,1.00,1.00
2026-04-05T16:17:00Z,99.00,96.00,99.00,99.00,99.00,99.00,99.00,83.00,12.00,1.00,1.00,1.00,1.00,1.00
2026-04-05T16:38:00Z,99.00,96.00,99.00,99.00,99.00,99.00,99.00,83.00,12.00,1.00,1.00,1.00,1.00,1.00
2026-04-05T16:40:00Z,99.00,96.00,99.00,99.00,99.00,99.00,99.00,82.00,12.00,1.00,1.00,1.00,1.00,1.00
2026-04-05T16:50:00Z,99.00,96.00,99.00,99.00,99.00,99.00,99.00,82.00,12.00,1.00,1.00,1.00,1.00,1.00
2026-04-05T16:53:00Z,99.00,96.00,99.00,99.00,99.00,99.00,99.00,82.00,13.22,1.00,1.00,1.00,1.00,1.00
2026-04-05T16:54:00Z,99.00,96.00,99.00,99.00,99.00,99.00,99.00,82.00,15.85,1.00,1.00,1.00,1.00,1.00
2026-04-05T16:59:00Z,99.00,96.00,99.00,99.00,99.00,99.00,99.00,82.00,17.00,1.00,1.00,1.00,1.00,1.00
2026-04-05T17:01:00Z,99.00,96.00,99.00,99.00,99.00,99.00,99.00,87.36,17.00,1.00,1.00,1.00,1.00,1.00
2026-04-05T17:03:00Z,99.00,96.00,99.00,99.00,99.00,99.00,99.00,86.90,10.56,1.00,1.00,1.00,1.00,1.00
2026-04-05T17:07:00Z,99.00,96.00,99.00,99.00,99.00,99.00,99.00,86.90,10.56,1.00,1.00,1.00,1.00,1.00
2026-04-05T17:14:00Z,99.00,96.00,99.00,99.00,99.00,99.00,99.00,87.79,10.56,1.00,1.00,1.00,1.00,1.00
2026-04-05T17:15:00Z,99.00,96.00,99.00,99.00,99.00,99.00,99.00,87.79,7.00,1.00,1.00,1.00,1.00,1.00
2026-04-05T17:16:00Z,99.00,96.00,99.00,99.00,99.00,99.00,99.00,83.00,7.00,1.00,1.00,1.00,1.00,1.00
2026-04-05T17:17:00Z,99.00,96.00,99.00,99.00,99.00,99.00,99.00,83.00,8.36,1.00,1.00,1.00,1.00,1.00
2026-04-05T17:18:00Z,99.00,96.00,99.00,99.00,99.00,99.00,99.00,83.00,7.00,1.00,1.00,1.00,1.00,1.00
2026-04-05T17:20:00Z,99.00,96.00,99.00,99.00,99.00,99.00,99.00,87.00,6.00,1.00,1.00,1.00,1.00,1.00
2026-04-05T17:22:00Z,99.00,96.00,99.00,99.00,99.00,99.00,99.00,87.00,6.00,1.00,1.00,1.00,1.00,1.00
2026-04-05T17:23:00Z,99.00,96.00,99.00,99.00,99.00,99.00,99.00,87.00,9.34,1.00,1.00,1.00,1.00,1.00
2026-04-05T17:24:00Z,99.00,96.00,99.00,99.00,99.00,99.00,99.00,87.00,7.00,1.00,1.00,1.00,1.00,1.00
2026-04-05T17:26:00Z,99.00,96.00,99.00,99.00,99.00,99.00,99.00,87.00,6.00,1.00,1.00,1.00,1.00,1.00
2026-04-05T17:28:00Z,99.00,96.00,99.00,99.00,99.00,99.00,99.00,87.00,6.00,1.00,1.00,1.00,1.00,1.00
2026-04-05T17:29:00Z,99.00,96.00,99.00,99.00,99.00,99.00,99.00,87.00,5.00,1.00,1.00,1.00,1.00,1.00
2026-04-05T17:31:00Z,99.00,96.00,99.00,99.00,99.00,99.00,99.00,87.00,5.00,1.00,1.00,1.00,1.00,1.00
2026-04-05T17:33:00Z,99.00,96.00,99.00,99.00,99.00,99.00,99.00,87.00,5.00,1.00,1.00,1.00,1.00,1.00
2026-04-05T17:36:00Z,99.00,96.00,99.00,99.00,99.00,99.00,99.00,87.00,8.88,1.00,1.00,1.00,1.00,1.00
2026-04-05T17:38:00Z,99.00,96.00,99.00,99.00,99.00,99.00,99.00,87.25,15.00,1.00,1.00,1.00,1.00,1.00
2026-04-05T17:39:00Z,99.00,96.00,99.00,99.00,99.00,99.00,99.00,87.25,15.00,1.00,1.00,1.00,1.00,1.00
2026-04-05T17:46:00Z,99.00,96.00,99.00,99.00,99.00,99.00,99.00,87.25,16.00,1.00,1.00,1.00,1.00,1.00
2026-04-05T17:51:00Z,99.00,96.00,99.00,99.00,99.00,99.00,99.00,87.25,16.00,1.00,1.00,1.00,1.00,1.00
2026-04-05T17:54:00Z,99.00,96.00,99.00,99.00,99.00,99.00,99.00,87.25,15.00,1.00,1.00,1.00,1.00,1.00
2026-04-05T18:02:00Z,99.00,96.00,99.00,99.00,99.00,99.00,99.00,88.00,16.00,1.00,1.00,1.00,1.00,1.00
2026-04-05T18:04:00Z,99.00,96.00,99.00,99.00,99.00,99.00,99.00,88.00,16.00,1.00,1.00,1.00,1.00,1.00
2026-04-05T18:08:00Z,99.00,96.00,99.00,99.00,99.00,99.00,99.00,83.32,16.00,1.00,1.00,1.00,1.00,1.00
2026-04-05T18:11:00Z,99.00,96.00,99.00,99.00,99.00,99.00,99.00,83.32,17.00,1.00,1.00,1.00,1.00,1.00
2026-04-05T18:13:00Z,99.00,96.00,99.00,99.00,99.00,99.00,99.00,83.32,16.00,1.00,1.00,1.00,1.00,1.00
2026-04-05T18:14:00Z,99.00,96.00,99.00,99.00,99.00,99.00,99.00,83.32,8.35,1.00,1.00,1.00,1.00,1.00
2026-04-05T18:15:00Z,99.00,96.00,99.00,99.00,99.00,99.00,99.00,83.32,11.87,1.00,1.00,1.00,1.00,1.00
2026-04-05T18:17:00Z,99.00,96.00,99.00,99.00,99.00,99.00,99.00,83.31,11.87,1.00,1.00,1.00,1.00,1.00
2026-04-05T18:19:00Z,99.00,96.00,99.00,99.00,99.00,99.00,99.00,77.54,5.15,1.00,1.00,1.00,1.00,1.00
2026-04-05T18:24:00Z,99.00,96.00,99.00,99.00,99.00,99.00,99.00,77.54,10.00,1.00,1.00,1.00,1.00,1.00
2026-04-05T18:25:00Z,99.00,96.00,99.00,99.00,99.00,99.00,99.00,77.54,7.00,1.00,1.00,1.00,1.00,1.00
2026-04-05T18:27:00Z,99.00,96.00,99.00,99.00,99.00,99.00,99.00,72.09,7.00,1.00,1.00,1.00,1.00,1.00
2026-04-05T18:28:00Z,99.00,96.00,99.00,99.00,99.00,99.00,99.00,71.82,7.00,1.00,1.00,1.00,1.00,1.00
2026-04-05T18:32:00Z,99.00,96.00,99.00,99.00,99.00,99.00,99.00,49.07,7.00,1.00,1.00,1.00,1.00,1.00
2026-04-05T18:33:00Z,99.00,96.00,99.00,99.00,99.00,99.00,99.00,38.00,8.57,1.00,1.00,1.00,1.00,1.00
2026-04-05T18:34:00Z,99.00,96.00,99.00,99.00,99.00,99.00,99.00,42.00,8.57,1.00,1.00,1.00,1.00,1.00
2026-04-05T18:37:00Z,99.00,96.00,99.00,99.00,99.00,99.00,99.00,67.90,6.53,1.00,1.00,1.00,1.00,1.00
2026-04-05T18:43:00Z,99.00,96.00,99.00,99.00,99.00,99.00,99.00,73.30,9.00,1.00,1.00,1.00,1.00,1.00
2026-04-05T18:51:00Z,99.00,96.00,99.00,99.00,99.00,99.00,99.00,73.30,5.00,1.00,1.00,1.00,1.00,1.00
2026-04-05T19:05:00Z,99.00,96.00,99.00,99.00,99.00,99.00,99.00,73.30,8.00,1.00,1.00,1.00,1.00,1.00
2026-04-05T19:14:00Z,99.00,96.00,99.00,99.00,99.00,99.00,99.00,73.30,7.00,1.00,1.00,1.00,1.00,1.00
2026-04-05T19:16:00Z,99.00,96.00,99.00,99.00,99.00,99.00,99.00,73.30,7.00,1.00,1.00,1.00,1.00,1.00
2026-04-05T19:23:00Z,99.00,96.00,99.00,99.00,99.00,99.00,99.00,73.30,7.71,1.00,1.00,1.00,1.00,1.00
2026-04-05T19:25:00Z,99.00,96.00,99.00,99.00,99.00,99.00,99.00,73.30,6.00,1.00,1.00,1.00,1.00,1.00
2026-04-05T19:27:00Z,99.00,96.00,99.00,99.00,99.00,99.00,99.00,74.00,6.00,1.00,1.00,1.00,1.00,1.00
2026-04-05T19:32:00Z,99.00,96.00,99.00,99.00,99.00,99.00,99.00,85.07,6.00,1.00,1.00,1.00,1.00,1.00
2026-04-05T19:40:00Z,99.00,96.00,99.00,99.00,99.00,99.00,99.00,75.83,6.00,1.00,1.00,1.00,1.00,1.00
2026-04-05T19:55:00Z,99.00,96.00,99.00,99.00,99.00,99.00,99.00,75.83,4.05,1.00,1.00,1.00,1.00,1.00
2026-04-05T19:57:00Z,99.00,96.00,99.00,99.00,99.00,99.00,99.00,75.83,3.00,1.00,1.00,1.00,1.00,1.00
2026-04-05T19:59:00Z,99.00,96.00,99.00,99.00,99.00,99.00,99.00,75.83,4.00,1.00,1.00,1.00,1.00,1.00
2026-04-05T20:00:00Z,99.00,96.00,99.00,99.00,99.00,99.00,99.00,75.83,3.00,1.00,1.00,1.00,1.00,1.00
2026-04-05T20:01:00Z,99.00,96.00,99.00,99.00,99.00,99.00,99.00,75.83,2.00,1.00,1.00,1.00,1.00,1.00
2026-04-05T20:02:00Z,99.00,96.00,99.00,99.00,99.00,99.00,99.00,72.00,2.00,1.00,1.00,1.00,1.00,1.00
2026-04-05T20:04:00Z,99.00,96.00,99.00,99.00,99.00,99.00,99.00,72.00,2.00,1.00,1.00,1.00,1.00,1.00
2026-04-05T20:05:00Z,99.00,96.00,99.00,99.00,99.00,99.00,99.00,72.00,2.00,1.00,1.00,1.00,1.00,1.00
2026-04-05T20:06:00Z,99.00,96.00,99.00,99.00,99.00,99.00,99.00,72.00,2.00,1.00,1.00,1.00,1.00,1.00
2026-04-05T20:07:00Z,99.00,96.00,99.00,99.00,99.00,99.00,99.00,72.00,2.00,1.00,1.00,1.00,1.00,1.00
2026-04-05T20:08:00Z,99.00,96.00,99.00,99.00,99.00,99.00,99.00,72.00,2.00,1.00,1.00,1.00,1.00,1.00
2026-04-05T20:09:00Z,99.00,96.00,99.00,99.00,99.00,99.00,99.00,72.00,2.00,1.00,1.00,1.00,1.00,1.00
2026-04-05T20:10:00Z,99.00,96.00,99.00,99.00,99.00,99.00,99.00,72.00,1.00,1.00,1.00,1.00,1.00,1.00
2026-04-05T20:11:00Z,99.00,96.00,99.00,99.00,99.00,99.00,99.00,74.76,1.00,1.00,1.00,1.00,1.00,1.00
2026-04-05T20:12:00Z,99.00,96.00,99.00,99.00,99.00,99.00,99.00,74.76,2.00,1.00,1.00,1.00,1.00,1.00
2026-04-05T20:13:00Z,99.00,96.00,99.00,99.00,99.00,99.00,99.00,74.76,2.00,1.00,1.00,1.00,1.00,1.00
2026-04-05T20:16:00Z,99.00,96.00,99.00,99.00,99.00,99.00,99.00,70.97,2.00,1.00,1.00,1.00,1.00,1.00
2026-04-05T20:17:00Z,99.00,96.00,99.00,99.00,99.00,99.00,99.00,70.97,2.00,1.00,1.00,1.00,1.00,1.00
2026-04-05T20:19:00Z,99.00,96.00,99.00,99.00,99.00,99.00,99.00,70.97,2.00,1.00,1.00,1.00,1.00,1.00
2026-04-05T20:20:00Z,99.00,96.00,99.00,99.00,99.00,99.00,99.00,70.97,2.00,1.00,1.00,1.00,1.00,1.00
2026-04-05T20:21:00Z,99.00,96.00,99.00,99.00,99.00,99.00,99.00,66.19,2.00,1.00,1.00,1.00,1.00,1.00
2026-04-05T20:22:00Z,99.00,96.00,99.00,99.00,99.00,99.00,99.00,65.10,2.00,1.00,1.00,1.00,1.00,1.00
2026-04-05T20:23:00Z,99.00,96.00,99.00,99.00,99.00,99.00,99.00,64.60,2.00,1.00,1.00,1.00,1.00,1.00
2026-04-05T20:30:00Z,99.00,96.00,99.00,99.00,99.00,99.00,99.00,64.60,1.00,1.00,1.00,1.00,1.00,1.00
2026-04-05T20:32:00Z,99.00,96.00,99.00,99.00,99.00,99.00,99.00,64.60,2.00,1.00,1.00,1.00,1.00,1.00
2026-04-05T20:37:00Z,99.00,96.00,99.00,99.00,99.00,99.00,99.00,64.60,2.00,1.00,1.00,1.00,1.00,1.00
2026-04-05T20:43:00Z,99.00,96.00,99.00,99.00,99.00,99.00,99.00,57.97,2.00,1.00,1.00,1.00,1.00,1.00
2026-04-05T20:44:00Z,99.00,96.00,99.00,99.00,99.00,99.00,99.00,57.97,1.00,1.00,1.00,1.00,1.00,1.00
2026-04-05T20:50:00Z,99.00,96.00,99.00,99.00,99.00,99.00,99.00,66.00,1.00,1.00,1.00,1.00,1.00,1.00
2026-04-05T20:52:00Z,99.00,96.00,99.00,99.00,99.00,99.00,99.00,72.00,1.00,1.00,1.00,1.00,1.00,1.00
2026-04-05T21:01:00Z,99.00,96.00,99.00,99.00,99.00,99.00,99.00,60.15,1.00,1.00,1.00,1.00,1.00,1.00
2026-04-05T21:02:00Z,99.00,96.00,99.00,99.00,99.00,99.00,99.00,49.46,1.00,1.00,1.00,1.00,1.00,1.00
2026-04-05T21:04:00Z,99.00,96.00,99.00,99.00,99.00,99.00,99.00,55.99,1.00,1.00,1.00,1.00,1.00,1.00
2026-04-05T21:11:00Z,99.00,96.00,99.00,99.00,99.00,99.00,99.00,45.94,1.00,1.00,1.00,1.00,1.00,1.00
2026-04-05T21:14:00Z,99.00,96.00,99.00,99.00,99.00,99.00,99.00,53.86,1.00,1.00,1.00,1.00,1.00,1.00
2026-04-05T21:15:00Z,99.00,96.00,99.00,99.00,99.00,99.00,99.00,51.76,1.00,1.00,1.00,1.00,1.00,1.00
2026-04-05T21:19:00Z,99.00,96.00,99.00,99.00,99.00,99.00,99.00,69.82,1.00,1.00,1.00,1.00,1.00,1.00
2026-04-05T21:22:00Z,99.00,96.00,99.00,99.00,99.00,99.00,99.00,69.82,2.00,1.00,1.00,1.00,1.00,1.00
2026-04-05T21:26:00Z,99.00,96.00,99.00,99.00,99.00,99.00,99.00,74.82,2.00,1.00,1.00,1.00,1.00,1.00
2026-04-05T21:28:00Z,99.00,96.00,99.00,99.00,99.00,99.00,99.00,74.92,2.00,1.00,1.00,1.00,1.00,1.00
2026-04-05T21:30:00Z,99.00,96.00,99.00,99.00,99.00,99.00,99.00,74.92,2.00,1.00,1.00,1.00,1.00,1.00
2026-04-05T21:31:00Z,99.00,96.00,99.00,99.00,99.00,99.00,99.00,74.92,2.00,1.00,1.00,1.00,1.00,1.00
2026-04-05T21:38:00Z,99.00,96.00,99.00,99.00,99.00,99.00,99.00,74.92,2.00,1.00,1.00,1.00,1.00,1.00
2026-04-05T21:39:00Z,99.00,96.00,99.00,99.00,99.00,99.00,99.00,74.92,2.00,1.00,1.00,1.00,1.00,1.00
2026-04-05T21:40:00Z,99.00,96.00,99.00,99.00,99.00,99.00,99.00,74.92,2.00,1.00,1.00,1.00,1.00,1.00
2026-04-05T21:42:00Z,99.00,96.00,99.00,99.00,99.00,99.00,99.00,88.97,2.00,1.00,1.00,1.00,1.00,1.00
2026-04-05T21:46:00Z,99.00,96.00,99.00,99.00,99.00,99.00,99.00,88.97,2.00,1.00,1.00,1.00,1.00,1.00
2026-04-05T21:47:00Z,99.00,96.00,99.00,99.00,99.00,99.00,99.00,88.97,2.00,1.00,1.00,1.00,1.00,1.00
2026-04-05T21:48:00Z,99.00,96.00,99.00,99.00,99.00,99.00,99.00,88.97,2.00,1.00,1.00,1.00,1.00,1.00
2026-04-05T21:54:00Z,99.00,96.00,99.00,99.00,99.00,99.00,99.00,92.00,2.00,1.00,1.00,1.00,1.00,1.00
2026-04-05T21:56:00Z,99.00,96.00,99.00,99.00,99.00,99.00,99.00,92.00,2.00,1.00,1.00,1.00,1.00,1.00
2026-04-05T21:58:00Z,99.00,96.00,99.00,99.00,99.00,99.00,99.00,92.00,2.00,1.00,1.00,1.00,1.00,1.00
2026-04-05T22:00:00Z,99.00,96.00,99.00,99.00,99.00,99.00,99.00,92.00,2.00,1.00,1.00,1.00,1.00,1.00
2026-04-05T22:06:00Z,99.00,96.00,99.00,99.00,99.00,99.00,99.00,92.00,2.99,1.00,1.00,1.00,1.00,1.00
2026-04-05T22:08:00Z,99.00,96.00,99.00,99.00,99.00,99.00,99.00,88.90,2.99,1.00,1.00,1.00,1.00,1.00
2026-04-05T22:15:00Z,99.00,96.00,99.00,99.00,99.00,99.00,99.00,88.90,2.99,1.00,1.00,1.00,1.00,1.00
2026-04-05T22:16:00Z,99.00,96.00,99.00,99.00,99.00,99.00,99.00,88.90,4.00,1.00,1.00,1.00,1.00,1.00
2026-04-05T22:17:00Z,99.00,96.00,99.00,99.00,99.00,99.00,99.00,88.90,4.00,1.00,1.00,1.00,1.00,1.00
2026-04-05T22:18:00Z,99.00,96.00,99.00,99.00,99.00,99.00,99.00,88.90,4.00,1.00,1.00,1.00,1.00,1.00
2026-04-05T22:19:00Z,99.00,96.00,99.00,99.00,99.00,99.00,99.00,90.03,4.00,1.00,1.00,1.00,1.00,1.00
2026-04-05T22:21:00Z,99.00,96.00,99.00,99.00,99.00,99.00,99.00,90.03,4.00,1.00,1.00,1.00,1.00,1.00
2026-04-05T22:23:00Z,99.00,96.00,99.00,99.00,99.00,99.00,99.00,90.03,4.00,1.00,1.00,1.00,1.00,1.00
2026-04-05T22:32:00Z,99.00,96.00,99.00,99.00,99.00,99.00,99.00,90.03,4.00,1.00,1.00,1.00,1.00,1.00
2026-04-05T22:33:00Z,99.00,96.00,99.00,99.00,99.00,99.00,99.00,92.00,4.00,1.00,1.00,1.00,1.00,1.00
2026-04-05T22:36:00Z,99.00,96.00,99.00,99.00,99.00,99.00,99.00,90.00,4.00,1.00,1.00,1.00,1.00,1.00
2026-04-05T22:41:00Z,99.00,96.00,99.00,99.00,99.00,99.00,99.00,93.02,4.00,1.00,1.00,1.00,1.00,1.00
2026-04-05T22:48:00Z,99.00,96.00,99.00,99.00,99.00,99.00,99.00,94.00,4.00,1.00,1.00,1.00,1.00,1.00
2026-04-05T22:54:00Z,99.00,96.00,99.00,99.00,99.00,99.00,99.00,94.00,3.00,1.00,1.00,1.00,1.00,1.00
2026-04-05T22:58:00Z,99.00,96.00,99.00,99.00,99.00,99.00,99.00,94.00,3.00,1.00,1.00,1.00,1.00,1.00
2026-04-05T22:59:00Z,99.00,96.00,99.00,99.00,99.00,99.00,99.00,94.00,3.00,1.00,1.00,1.00,1.00,1.00
2026-04-05T23:01:00Z,99.00,96.00,99.00,99.00,99.00,99.00,99.00,94.00,2.00,1.00,1.00,1.00,1.00,1.00
2026-04-05T23:02:00Z,99.00,96.00,99.00,99.00,99.00,99.00,99.00,94.00,2.62,1.00,1.00,1.00,1.00,1.00
2026-04-05T23:06:00Z,99.00,96.00,99.00,99.00,99.00,99.00,99.00,93.00,2.62,1.00,1.00,1.00,1.00,1.00
2026-04-05T23:07:00Z,99.00,96.00,99.00,99.00,99.00,99.00,99.00,93.00,2.00,1.00,1.00,1.00,1.00,1.00
2026-04-05T23:11:00Z,99.00,96.00,99.00,99.00,99.00,99.00,99.00,93.00,2.00,1.00,1.00,1.00,1.00,1.00
2026-04-05T23:13:00Z,99.00,96.00,99.00,99.00,99.00,99.00,99.00,93.00,2.00,1.00,1.00,1.00,1.00,1.00
2026-04-05T23:14:00Z,99.00,96.00,99.00,99.00,99.00,99.00,99.00,93.00,2.00,1.00,1.00,1.00,1.00,1.00
2026-04-05T23:17:00Z,99.00,96.00,99.00,99.00,99.00,99.00,99.00,93.00,2.00,1.00,1.00,1.00,1.00,1.00
2026-04-05T23:20:00Z,99.00,96.00,99.00,99.00,99.00,99.00,99.00,93.00,2.10,1.00,1.00,1.00,1.00,1.00
2026-04-05T23:25:00Z,99.00,96.00,99.00,99.00,99.00,99.00,99.00,93.00,2.10,1.00,1.00,1.00,1.00,1.00
2026-04-05T23:29:00Z,99.00,96.00,99.00,99.00,99.00,99.00,99.00,93.00,2.00,1.00,1.00,1.00,1.00,1.00
2026-04-05T23:33:00Z,99.00,96.00,99.00,99.00,99.00,99.00,99.00,94.00,2.00,1.00,1.00,1.00,1.00,1.00
2026-04-05T23:36:00Z,99.00,96.00,99.00,99.00,99.00,99.00,99.00,94.00,2.00,1.00,1.00,1.00,1.00,1.00
2026-04-05T23:39:00Z,99.00,96.00,99.00,99.00,99.00,99.00,99.00,94.00,2.00,1.00,1.00,1.00,1.00,1.00
2026-04-05T23:44:00Z,99.00,96.00,99.00,99.00,99.00,99.00,99.00,94.00,2.00,1.00,1.00,1.00,1.00,1.00
2026-04-05T23:50:00Z,99.00,96.00,99.00,99.00,99.00,99.00,99.00,96.00,2.00,1.00,1.00,1.00,1.00,1.00
2026-04-05T23:54:00Z,99.00,96.00,99.00,99.00,99.00,99.00,99.00,96.97,2.00,1.00,1.00,1.00,1.00,1.00
2026-04-05T23:56:00Z,99.00,96.00,99.00,99.00,99.00,99.00,99.00,97.00,2.00,1.00,1.00,1.00,1.00,1.00
2026-04-05T23:58:00Z,99.00,96.00,99.00,99.00,99.00,99.00,99.00,97.00,4.92,1.00,1.00,1.00,1.00,1.00
2026-04-06T00:06:00Z,99.00,96.00,99.00,99.00,99.00,99.00,99.00,97.00,4.92,1.00,1.00,1.00,1.00,1.00
2026-04-06T00:07:00Z,99.00,96.00,99.00,99.00,99.00,99.00,99.00,97.00,4.92,1.00,1.00,1.00,1.00,1.00
2026-04-06T00:09:00Z,99.00,96.00,99.00,99.00,99.00,99.00,99.00,97.00,4.92,1.00,1.00,1.00,1.00,1.00
2026-04-06T00:10:00Z,99.00,96.00,99.00,99.00,99.00,99.00,99.00,97.00,3.00,1.00,1.00,1.00,1.00,1.00
2026-04-06T00:12:00Z,99.00,96.00,99.00,99.00,99.00,99.00,99.00,97.00,3.00,1.00,1.00,1.00,1.00,1.00
2026-04-06T00:13:00Z,99.00,96.00,99.00,99.00,99.00,99.00,99.00,97.00,4.76,1.00,1.00,1.00,1.00,1.00
2026-04-06T00:18:00Z,99.00,96.00,99.00,99.00,99.00,99.00,99.00,97.00,4.34,1.00,1.00,1.00,1.00,1.00
2026-04-06T00:34:00Z,99.00,96.00,99.00,99.00,99.00,99.00,99.00,95.07,4.34,1.00,1.00,1.00,1.00,1.00
2026-04-06T00:35:00Z,99.00,96.00,99.00,99.00,99.00,99.00,99.00,95.07,5.01,1.00,1.00,1.00,1.00,1.00
2026-04-06T00:36:00Z,99.00,96.00,99.00,99.00,99.00,99.00,99.00,95.07,5.00,1.00,1.00,1.00,1.00,1.00
2026-04-06T00:37:00Z,99.00,96.00,99.00,99.00,99.00,99.00,99.00,97.00,5.00,1.00,1.00,1.00,1.00,1.00
2026-04-06T00:47:00Z,99.00,96.00,99.00,99.00,99.00,99.00,99.00,97.00,5.00,1.00,1.00,1.00,1.00,1.00
2026-04-06T00:50:00Z,99.00,96.00,99.00,99.00,99.00,99.00,99.00,97.00,5.00,1.00,1.00,1.00,1.00,1.00
2026-04-06T00:51:00Z,99.00,96.00,99.00,99.00,99.00,99.00,99.00,97.00,3.00,1.00,1.00,1.00,1.00,1.00
2026-04-06T00:54:00Z,99.00,96.00,99.00,99.00,99.00,99.00,99.00,97.00,3.00,1.00,1.00,1.00,1.00,1.00
2026-04-06T00:55:00Z,99.00,96.00,99.00,99.00,99.00,99.00,99.00,97.00,5.00,1.00,1.00,1.00,1.00,1.00
2026-04-06T00:57:00Z,99.00,96.00,99.00,99.00,99.00,99.00,99.00,97.00,5.00,1.00,1.00,1.00,1.00,1.00
2026-04-06T00:59:00Z,99.00,96.00,99.00,99.00,99.00,99.00,99.00,97.00,5.00,1.00,1.00,1.00,1.00,1.00
2026-04-06T01:04:00Z,99.00,96.00,99.00,99.00,99.00,99.00,99.00,97.00,5.25,1.00,1.00,1.00,1.00,1.00
2026-04-06T01:05:00Z,99.00,96.00,99.00,99.00,99.00,99.00,99.00,97.00,5.00,1.00,1.00,1.00,1.00,1.00
2026-04-06T01:09:00Z,99.00,96.00,99.00,99.00,99.00,99.00,99.00,97.00,4.25,1.00,1.00,1.00,1.00,1.00
2026-04-06T01:10:00Z,99.00,96.00,99.00,99.00,99.00,99.00,99.00,97.00,5.91,1.00,1.00,1.00,1.00,1.00
2026-04-06T01:14:00Z,99.00,96.00,99.00,99.00,99.00,99.00,99.00,97.00,6.00,1.00,1.00,1.00,1.00,1.00
2026-04-06T01:16:00Z,99.00,96.00,99.00,99.00,99.00,99.00,99.00,97.00,6.00,1.00,1.00,1.00,1.00,1.00
2026-04-06T01:23:00Z,99.00,96.00,99.00,99.00,99.00,99.00,99.00,97.00,6.00,1.00,1.00,1.00,1.00,1.00
2026-04-06T01:24:00Z,99.00,96.00,99.00,99.00,99.00,99.00,99.00,97.00,6.00,1.00,1.00,1.00,1.00,1.00
2026-04-06T01:27:00Z,99.00,96.00,99.00,99.00,99.00,99.00,99.00,97.00,6.00,1.00,1.00,1.00,1.00,1.00
2026-04-06T01:29:00Z,99.00,96.00,99.00,99.00,99.00,99.00,99.00,97.00,6.00,1.00,1.00,1.00,1.00,1.00
2026-04-06T01:33:00Z,99.00,96.00,99.00,99.00,99.00,99.00,99.00,94.23,6.00,1.00,1.00,1.00,1.00,1.00
2026-04-06T01:35:00Z,99.00,96.00,99.00,99.00,99.00,99.00,99.00,97.00,6.00,1.00,1.00,1.00,1.00,1.00
2026-04-06T01:36:00Z,99.00,96.00,99.00,99.00,99.00,99.00,99.00,97.00,6.00,1.00,1.00,1.00,1.00,1.00
2026-04-06T01:37:00Z,99.00,96.00,99.00,99.00,99.00,99.00,99.00,97.36,6.00,1.00,1.00,1.00,1.00,1.00
2026-04-06T01:39:00Z,99.00,96.00,99.00,99.00,99.00,99.00,99.00,97.36,6.00,1.00,1.00,1.00,1.00,1.00
2026-04-06T01:44:00Z,99.00,96.00,99.00,99.00,99.00,99.00,99.00,97.36,6.00,1.00,1.00,1.00,1.00,1.00
2026-04-06T01:46:00Z,99.00,96.00,99.00,99.00,99.00,99.00,99.00,97.36,4.00,1.00,1.00,1.00,1.00,1.00
2026-04-06T01:52:00Z,99.00,96.00,99.00,99.00,99.00,99.00,99.00,97.36,6.00,1.00,1.00,1.00,1.00,1.00
2026-04-06T01:57:00Z,99.00,96.00,99.00,99.00,99.00,99.00,99.00,97.36,6.00,1.00,1.00,1.00,1.00,1.00
2026-04-06T01:59:00Z,99.00,96.00,99.00,99.00,99.00,99.00,99.00,97.00,6.00,1.00,1.00,1.00,1.00,1.00
2026-04-06T02:00:00Z,99.00,96.00,99.00,99.00,99.00,99.00,99.00,97.00,6.00,1.00,1.00,1.00,1.00,1.00
2026-04-06T02:07:00Z,99.00,96.00,99.00,99.00,99.00,99.00,99.00,97.00,6.00,1.00,1.00,1.00,1.00,1.00
2026-04-06T02:08:00Z,99.00,96.00,99.00,99.00,99.00,99.00,99.00,97.00,6.00,1.00,1.00,1.00,1.00,1.00
2026-04-06T02:10:00Z,99.00,96.00,99.00,99.00,99.00,99.00,99.00,97.00,6.00,1.00,1.00,1.00,1.00,1.00
2026-04-06T02:11:00Z,99.00,96.00,99.00,99.00,99.00,99.00,99.00,97.00,6.00,1.00,1.00,1.00,1.00,1.00
2026-04-06T02:12:00Z,99.00,96.00,99.00,99.00,99.00,99.00,99.00,97.00,6.00,1.00,1.00,1.00,1.00,1.00
2026-04-06T02:19:00Z,99.00,96.00,99.00,99.00,99.00,99.00,99.00,97.00,6.00,1.00,1.00,1.00,1.00,1.00
2026-04-06T02:20:00Z,99.00,96.00,99.00,99.00,99.00,99.00,99.00,97.00,6.00,1.00,1.00,1.00,1.00,1.00
2026-04-06T02:24:00Z,99.00,96.00,99.00,99.00,99.00,99.00,99.00,97.00,6.00,1.00,1.00,1.00,1.00,1.00
2026-04-06T02:25:00Z,99.00,96.00,99.00,99.00,99.00,99.00,99.00,97.99,6.00,1.00,1.00,1.00,1.00,1.00
2026-04-06T02:27:00Z,99.00,96.00,99.00,99.00,99.00,99.00,99.00,98.00,6.00,1.00,1.00,1.00,1.00,1.00
2026-04-06T02:30:00Z,99.00,96.00,99.00,99.00,99.00,99.00,99.00,98.00,6.00,1.00,1.00,1.00,1.00,1.00
2026-04-06T02:31:00Z,99.00,96.00,99.00,99.00,99.00,99.00,99.00,98.00,4.00,1.00,1.00,1.00,1.00,1.00
2026-04-06T02:34:00Z,99.00,96.00,99.00,99.00,99.00,99.00,99.00,98.00,2.61,1.00,1.00,1.00,1.00,1.00
2026-04-06T02:35:00Z,99.00,96.00,99.00,99.00,99.00,99.00,99.00,98.00,2.17,1.00,1.00,1.00,1.00,1.00
2026-04-06T02:36:00Z,99.00,96.00,99.00,99.00,99.00,99.00,99.00,98.00,5.00,1.00,1.00,1.00,1.00,1.00
2026-04-06T02:40:00Z,99.00,96.00,99.00,99.00,99.00,99.00,99.00,98.00,5.00,1.00,1.00,1.00,1.00,1.00
2026-04-06T02:42:00Z,99.00,96.00,99.00,99.00,99.00,99.00,99.00,98.00,5.00,1.00,1.00,1.00,1.00,1.00
2026-04-06T02:46:00Z,99.00,96.00,99.00,99.00,99.00,99.00,99.00,96.00,5.00,1.00,1.00,1.00,1.00,1.00
2026-04-06T02:56:00Z,99.00,96.00,99.00,99.00,99.00,99.00,99.00,96.00,5.00,1.00,1.00,1.00,1.00,1.00
2026-04-06T02:57:00Z,99.00,96.00,99.00,99.00,99.00,99.00,99.00,97.00,5.00,1.00,1.00,1.00,1.00,1.00
2026-04-06T03:02:00Z,99.00,96.00,99.00,99.00,99.00,99.00,99.00,97.00,5.68,1.00,1.00,1.00,1.00,1.00
2026-04-06T03:05:00Z,99.00,96.00,99.00,99.00,99.00,99.00,99.00,97.00,2.87,1.00,1.00,1.00,1.00,1.00
2026-04-06T03:07:00Z,99.00,96.00,99.00,99.00,99.00,99.00,99.00,97.00,5.94,1.00,1.00,1.00,1.00,1.00
2026-04-06T03:09:00Z,99.00,96.00,99.00,99.00,99.00,99.00,99.00,96.00,5.68,1.00,1.00,1.00,1.00,1.00
2026-04-06T03:18:00Z,99.00,96.00,99.00,99.00,99.00,99.00,99.00,97.49,5.68,1.00,1.00,1.00,1.00,1.00
2026-04-06T03:25:00Z,99.00,96.00,99.00,99.00,99.00,99.00,99.00,97.49,5.81,1.00,1.00,1.00,1.00,1.00
2026-04-06T03:29:00Z,99.00,96.00,99.00,99.00,99.00,99.00,99.00,97.49,2.77,1.00,1.00,1.00,1.00,1.00
2026-04-06T03:30:00Z,99.00,96.00,99.00,99.00,99.00,99.00,99.00,97.49,3.00,1.00,1.00,1.00,1.00,1.00
2026-04-06T03:33:00Z,99.00,96.00,99.00,99.00,99.00,99.00,99.00,97.49,3.34,1.00,1.00,1.00,1.00,1.00
2026-04-06T03:34:00Z,99.00,96.00,99.00,99.00,99.00,99.00,99.00,97.49,3.03,1.00,1.00,1.00,1.00,1.00
2026-04-06T03:36:00Z,99.00,96.00,99.00,99.00,99.00,99.00,99.00,97.49,3.08,1.00,1.00,1.00,1.00,1.00
2026-04-06T03:38:00Z,99.00,96.00,99.00,99.00,99.00,99.00,99.00,97.49,5.85,1.00,1.00,1.00,1.00,1.00
2026-04-06T03:39:00Z,99.00,96.00,99.00,99.00,99.00,99.00,99.00,97.49,5.60,1.00,1.00,1.00,1.00,1.00
2026-04-06T03:41:00Z,99.00,96.00,99.00,99.00,99.00,99.00,99.00,97.49,6.00,1.00,1.00,1.00,1.00,1.00
2026-04-06T03:43:00Z,99.00,96.00,99.00,99.00,99.00,99.00,99.00,97.49,6.00,1.00,1.00,1.00,1.00,1.00
2026-04-06T03:50:00Z,99.00,96.00,99.00,99.00,99.00,99.00,99.00,97.49,4.00,1.00,1.00,1.00,1.00,1.00
2026-04-06T03:51:00Z,99.00,96.00,99.00,99.00,99.00,99.00,99.00,97.49,4.96,1.00,1.00,1.00,1.00,1.00
2026-04-06T03:53:00Z,99.00,96.00,99.00,99.00,99.00,99.00,99.00,97.49,6.00,1.00,1.00,1.00,1.00,1.00
2026-04-06T03:56:00Z,99.00,96.00,99.00,99.00,99.00,99.00,99.00,97.49,6.00,1.00,1.00,1.00,1.00,1.00
2026-04-06T03:58:00Z,99.00,96.00,99.00,99.00,99.00,99.00,99.00,97.49,6.00,1.00,1.00,1.00,1.00,1.00
2026-04-06T04:00:00Z,99.00,96.00,99.00,99.00,99.00,99.00,99.00,97.49,5.00,1.00,1.00,1.00,1.00,1.00
2026-04-06T04:07:00Z,99.00,96.00,99.00,99.00,99.00,99.00,99.00,97.00,5.00,1.00,1.00,1.00,1.00,1.00
2026-04-06T04:15:00Z,99.00,96.00,99.00,99.00,99.00,99.00,99.00,97.00,5.00,1.00,1.00,1.00,1.00,1.00
2026-04-06T04:17:00Z,99.00,96.00,99.00,99.00,99.00,99.00,99.00,97.00,5.00,1.00,1.00,1.00,1.00,1.00
2026-04-06T04:20:00Z,99.00,96.00,99.00,99.00,99.00,99.00,99.00,97.00,5.00,1.00,1.00,1.00,1.00,1.00
2026-04-06T04:24:00Z,99.00,96.00,99.00,99.00,99.00,99.00,99.00,97.00,5.00,1.00,1.00,1.00,1.00,1.00
2026-04-06T04:31:00Z,99.00,96.00,99.00,99.00,99.00,99.00,99.00,97.00,2.17,1.00,1.00,1.00,1.00,1.00
2026-04-06T04:32:00Z,99.00,96.00,99.00,99.00,99.00,99.00,99.00,97.00,5.00,1.00,1.00,1.00,1.00,1.00
2026-04-06T04:33:00Z,99.00,96.00,99.00,99.00,99.00,99.00,99.00,97.00,2.07,1.00,1.00,1.00,1.00,1.00
2026-04-06T04:34:00Z,99.00,96.00,99.00,99.00,99.00,99.00,99.00,95.81,6.00,1.00,1.00,1.00,1.00,1.00
2026-04-06T04:37:00Z,99.00,96.00,99.00,99.00,99.00,99.00,99.00,97.00,6.00,1.00,1.00,1.00,1.00,1.00
2026-04-06T04:38:00Z,99.00,96.00,99.00,99.00,99.00,99.00,99.00,97.00,6.00,1.00,1.00,1.00,1.00,1.00
2026-04-06T04:48:00Z,99.00,96.00,99.00,99.00,99.00,99.00,99.00,97.00,5.00,1.00,1.00,1.00,1.00,1.00
2026-04-06T04:51:00Z,99.00,96.00,99.00,99.00,99.00,99.00,99.00,98.00,4.84,1.00,1.00,1.00,1.00,1.00
2026-04-06T04:53:00Z,99.00,96.00,99.00,99.00,99.00,99.00,99.00,98.00,4.98,1.00,1.00,1.00,1.00,1.00
2026-04-06T04:54:00Z,99.00,96.00,99.00,99.00,99.00,99.00,99.00,98.00,4.00,1.00,1.00,1.00,1.00,1.00
2026-04-06T04:55:00Z,99.00,96.00,99.00,99.00,99.00,99.00,99.00,98.00,5.00,1.00,1.00,1.00,1.00,1.00
2026-04-06T04:59:00Z,99.00,96.00,99.00,99.00,99.00,99.00,99.00,98.00,5.62,1.00,1.00,1.00,1.00,1.00
2026-04-06T05:04:00Z,99.00,96.00,99.00,99.00,99.00,99.00,99.00,98.00,6.00,1.00,1.00,1.00,1.00,1.00
2026-04-06T05:08:00Z,99.00,96.00,99.00,99.00,99.00,99.00,99.00,98.00,6.00,1.00,1.00,1.00,1.00,1.00
2026-04-06T05:09:00Z,99.00,96.00,99.00,99.00,99.00,99.00,99.00,98.00,6.00,1.00,1.00,1.00,1.00,1.00
2026-04-06T05:10:00Z,99.00,96.00,99.00,99.00,99.00,99.00,99.00,98.00,6.00,1.00,1.00,1.00,1.00,1.00
2026-04-06T05:17:00Z,99.00,96.00,99.00,99.00,99.00,99.00,99.00,98.00,5.00,1.00,1.00,1.00,1.00,1.00
2026-04-06T05:19:00Z,99.00,96.00,99.00,99.00,99.00,99.00,99.00,98.00,5.00,1.00,1.00,1.00,1.00,1.00
2026-04-06T05:26:00Z,99.00,96.00,99.00,99.00,99.00,99.00,99.00,98.00,3.04,1.00,1.00,1.00,1.00,1.00
2026-04-06T05:30:00Z,99.00,96.00,99.00,99.00,99.00,99.00,99.00,99.00,3.04,1.00,1.00,1.00,1.00,1.00
2026-04-06T05:33:00Z,99.00,96.00,99.00,99.00,99.00,99.00,99.00,99.00,5.00,1.00,1.00,1.00,1.00,1.00
2026-04-06T05:43:00Z,99.00,96.00,99.00,99.00,99.00,99.00,99.00,99.00,5.00,1.00,1.00,1.00,1.00,1.00
2026-04-06T05:44:00Z,99.00,96.00,99.00,99.00,99.00,99.00,99.00,99.00,5.00,1.00,1.00,1.00,1.00,1.00
2026-04-06T05:46:00Z,99.00,96.00,99.00,99.00,99.00,99.00,99.00,99.00,5.00,1.00,1.00,1.00,1.00,1.00
2026-04-06T05:47:00Z,99.00,96.00,99.00,99.00,99.00,99.00,99.00,98.00,5.00,1.00,1.00,1.00,1.00,1.00
2026-04-06T05:48:00Z,99.00,96.00,99.00,99.00,99.00,99.00,99.00,98.00,5.00,1.00,1.00,1.00,1.00,1.00
2026-04-06T05:49:00Z,99.00,96.00,99.00,99.00,99.00,99.00,99.00,98.00,5.00,1.00,1.00,1.00,1.00,1.00
2026-04-06T05:52:00Z,99.00,96.00,99.00,99.00,99.00,99.00,99.00,98.00,5.00,1.00,1.00,1.00,1.00,1.00
2026-04-06T06:00:00Z,99.00,96.00,99.00,99.00,99.00,99.00,99.00,98.00,5.00,1.00,1.00,1.00,1.00,1.00
2026-04-06T06:08:00Z,99.00,96.00,99.00,99.00,99.00,99.00,99.00,98.00,5.62,1.00,1.00,1.00,1.00,1.00
2026-04-06T06:09:00Z,99.00,96.00,99.00,99.00,99.00,99.00,99.00,98.00,6.00,1.00,1.00,1.00,1.00,1.00
2026-04-06T06:14:00Z,99.00,96.00,99.00,99.00,99.00,99.00,99.00,98.00,2.39,1.00,1.00,1.00,1.00,1.00
2026-04-06T06:17:00Z,99.00,96.00,99.00,99.00,99.00,99.00,99.00,99.00,2.39,1.00,1.00,1.00,1.00,1.00
2026-04-06T06:38:00Z,99.00,96.00,99.00,99.00,99.00,99.00,99.00,99.00,6.00,1.00,1.00,1.00,1.00,1.00
2026-04-06T06:39:00Z,99.00,96.00,99.00,99.00,99.00,99.00,99.00,99.00,6.00,1.00,1.00,1.00,1.00,1.00
2026-04-06T06:42:00Z,99.00,96.00,99.00,99.00,99.00,99.00,99.00,99.00,5.93,1.00,1.00,1.00,1.00,1.00
2026-04-06T06:44:00Z,99.00,96.00,99.00,99.00,99.00,99.00,99.00,99.00,6.00,1.00,1.00,1.00,1.00,1.00
2026-04-06T06:52:00Z,99.00,96.00,99.00,99.00,99.00,99.00,99.00,99.00,4.00,1.00,1.00,1.00,1.00,1.00
2026-04-06T07:00:00Z,99.00,96.00,99.00,99.00,99.00,99.00,99.00,99.00,4.00,1.00,1.00,1.00,1.00,1.00
2026-04-06T07:05:00Z,99.00,96.00,99.00,99.00,99.00,99.00,99.00,99.00,5.00,1.00,1.00,1.00,1.00,1.00
2026-04-06T07:24:00Z,99.00,96.00,99.00,99.00,99.00,99.00,99.00,99.00,5.00,1.00,1.00,1.00,1.00,1.00
2026-04-06T07:58:00Z,99.00,96.00,99.00,99.00,99.00,99.00,99.00,99.00,5.00,1.00,1.00,1.00,1.00,1.00
2026-04-06T08:01:00Z,99.00,96.00,99.00,99.00,99.00,99.00,99.00,99.00,5.00,1.00,1.00,1.00,1.00,1.00
2026-04-06T08:04:00Z,99.00,96.00,99.00,99.00,99.00,99.00,99.00,99.00,2.77,1.00,1.00,1.00,1.00,1.00
2026-04-06T08:05:00Z,99.00,96.00,99.00,99.00,99.00,99.00,99.00,99.00,2.07,1.00,1.00,1.00,1.00,1.00
2026-04-06T08:17:00Z,99.00,96.00,99.00,99.00,99.00,99.00,99.00,99.00,5.84,1.00,1.00,1.00,1.00,1.00
2026-04-06T08:22:00Z,99.00,96.00,99.00,99.00,99.00,99.00,99.00,99.00,6.27,1.00,1.00,1.00,1.00,1.00
2026-04-06T08:43:00Z,99.00,96.00,99.00,99.00,99.00,99.00,99.00,99.00,6.98,1.00,1.00,1.00,1.00,1.00
2026-04-06T08:56:00Z,99.00,96.00,99.00,99.00,99.00,99.00,99.00,99.00,6.98,1.00,1.00,1.00,1.00,1.00
2026-04-06T09:10:00Z,99.00,96.00,99.00,99.00,99.00,99.00,99.00,99.00,6.98,1.00,1.00,1.00,1.00,1.00
2026-04-06T09:13:00Z,99.00,96.00,99.00,99.00,99.00,99.00,99.00,99.00,6.98,1.00,1.00,1.00,1.00,1.00
2026-04-06T09:24:00Z,99.00,96.00,99.00,99.00,99.00,99.00,99.00,98.00,6.98,1.00,1.00,1.00,1.00,1.00
2026-04-06T09:37:00Z,99.00,96.00,99.00,99.00,99.00,99.00,99.00,99.00,6.98,1.00,1.00,1.00,1.00,1.00
2026-04-06T09:44:00Z,99.00,96.00,99.00,99.00,99.00,99.00,99.00,99.00,6.98,1.00,1.00,1.00,1.00,1.00
2026-04-06T10:16:00Z,99.00,96.00,99.00,99.00,99.00,99.00,99.00,99.00,6.98,1.00,1.00,1.00,1.00,1.00
2026-04-06T10:25:00Z,99.00,96.00,99.00,99.00,99.00,99.00,99.00,99.00,6.98,1.00,1.00,1.00,1.00,1.00
2026-04-06T10:26:00Z,99.00,96.00,99.00,99.00,99.00,99.00,99.00,99.00,6.20,1.00,1.00,1.00,1.00,1.00
2026-04-06T10:35:00Z,99.00,96.00,99.00,99.00,99.00,99.00,99.00,99.00,6.20,1.00,1.00,1.00,1.00,1.00
2026-04-06T11:21:00Z,99.00,96.00,99.00,99.00,99.00,99.00,99.00,99.00,5.49,1.00,1.00,1.00,1.00,1.00
2026-04-06T11:41:00Z,99.00,96.00,99.00,99.00,99.00,99.00,99.00,99.00,6.00,1.00,1.00,1.00,1.00,1.00
2026-04-06T11:48:00Z,99.00,96.00,99.00,99.00,99.00,99.00,99.00,99.00,6.00,1.00,1.00,1.00,1.00,1.00
2026-04-06T11:54:00Z,99.00,96.00,99.00,99.00,99.00,99.00,99.00,99.00,6.00,1.00,1.00,1.00,1.00,1.00
2026-04-06T12:38:00Z,99.00,96.00,99.00,99.00,99.00,99.00,99.00,99.00,3.14,1.00,1.00,1.00,1.00,1.00
2026-04-06T12:49:00Z,99.00,96.00,99.00,99.00,99.00,99.00,99.00,99.00,4.20,1.00,1.00,1.00,1.00,1.00
2026-04-06T12:57:00Z,99.00,96.00,99.00,99.00,99.00,99.00,99.00,99.00,4.20,1.00,1.00,1.00,1.00,1.00
2026-04-06T13:02:00Z,99.00,96.00,99.00,99.00,99.00,99.00,99.00,99.00,4.20,1.00,1.00,1.00,1.00,1.00
2026-04-06T13:15:00Z,99.00,96.00,99.00,99.00,99.00,99.00,99.00,99.00,2.00,1.00,1.00,1.00,1.00,1.00
2026-04-06T13:19:00Z,99.00,96.00,99.00,99.00,99.00,99.00,99.00,99.00,2.00,1.00,1.00,1.00,1.00,1.00
2026-04-06T13:22:00Z,99.00,96.00,99.00,99.00,99.00,99.00,99.00,99.00,4.00,1.00,1.00,1.00,1.00,1.00
2026-04-06T13:23:00Z,99.00,96.00,99.00,99.00,99.00,99.00,99.00,99.00,4.00,1.00,1.00,1.00,1.00,1.00
2026-04-06T13:26:00Z,99.00,96.00,99.00,99.00,99.00,99.00,99.00,99.00,4.00,1.00,1.00,1.00,1.00,1.00
2026-04-06T13:37:00Z,99.00,96.00,99.00,99.00,99.00,99.00,99.00,99.00,3.00,1.00,1.00,1.00,1.00,1.00
2026-04-06T13:38:00Z,99.00,96.00,99.00,99.00,99.00,99.00,99.00,99.00,3.00,1.00,1.00,1.00,1.00,1.00
2026-04-06T13:39:00Z,99.00,96.00,99.00,99.00,99.00,99.00,99.00,99.00,3.38,1.00,1.00,1.00,1.00,1.00
2026-04-06T13:59:00Z,99.00,96.00,99.00,99.00,99.00,99.00,99.00,99.00,1.00,1.00,1.00,1.00,1.00,1.00