timestamp,Above 32,Above 35,Above 37,Above 40,Above 42,Above 45,Above 47,Above 50,Above 55,Above 60,Above 65,Above 70,Above 75,Above 80,Above 85,Above 90,Above 95
2026-03-03T15:05:00Z,,,,,,76.00,,,,,,,,,,,
2026-03-03T15:16:00Z,,,,,,76.00,,,,,,,,12.00,,,
2026-03-03T15:19:00Z,,,,,,76.00,,,,,,,,12.00,,7.00,7.00
2026-03-03T15:25:00Z,,,,,,76.00,,,,,,,,12.00,7.00,7.00,7.00
2026-03-03T16:04:00Z,,,,,,76.00,,,,,,,,12.00,7.00,7.00,3.00
2026-03-03T16:39:00Z,,,,,,76.00,,,57.00,,,,,12.00,7.00,7.00,3.00
2026-03-03T16:59:00Z,,,,,,76.00,,,57.00,,,,18.00,12.00,8.00,7.00,3.00
2026-03-03T17:13:00Z,,,,,,76.00,,,57.00,,,17.00,18.00,12.00,8.00,7.00,3.00
2026-03-03T18:19:00Z,,,,,,76.00,,,53.00,,,17.00,18.00,12.00,8.00,7.00,3.00
2026-03-03T19:29:00Z,,,,,,76.00,,,53.00,,34.00,17.00,18.00,12.00,8.00,7.00,3.00
2026-03-03T19:30:00Z,,,,,,76.00,,,53.00,45.00,34.00,17.00,18.00,12.00,8.00,7.00,3.00
2026-03-03T20:50:00Z,,,,,,76.00,,66.00,53.00,45.00,34.00,17.00,18.00,12.00,8.00,7.00,3.00
2026-03-03T20:51:00Z,,,,,,76.00,,66.00,56.00,45.00,34.00,17.00,18.00,12.00,8.00,7.00,3.00
2026-03-03T21:57:00Z,,,,,,76.00,,66.00,56.00,45.00,34.00,17.00,18.00,12.00,8.00,7.00,3.00
2026-03-03T23:06:00Z,,,,,,76.00,,66.00,56.88,45.00,34.00,17.00,18.00,12.00,8.00,7.00,3.00
2026-03-03T23:49:00Z,,,,,,76.00,,65.95,56.88,44.92,34.00,17.00,18.00,12.00,8.00,7.00,3.00
2026-03-03T23:50:00Z,,,,,,76.00,,65.95,57.00,44.92,34.00,17.00,18.00,12.00,8.00,7.00,3.00
2026-03-04T00:12:00Z,,,,,,76.00,,65.95,57.00,45.00,34.00,17.00,18.00,12.00,8.00,7.00,3.00
2026-03-04T01:08:00Z,,,,,,76.00,,65.95,57.00,45.00,33.54,17.00,18.00,12.00,8.00,7.00,3.00
2026-03-04T01:12:00Z,,,,,,76.00,,65.95,57.00,45.00,34.00,17.00,18.00,12.00,8.00,7.00,3.00
2026-03-04T01:39:00Z,,,,,,76.00,,65.95,56.62,45.00,34.00,17.00,18.00,12.00,8.00,7.00,3.00
2026-03-04T02:40:00Z,,,,,,76.00,,65.95,56.62,45.00,34.00,17.00,18.00,12.00,8.00,7.00,3.00
2026-03-04T02:50:00Z,,,,,,76.00,,65.95,58.00,45.00,34.00,17.00,18.00,12.00,8.00,7.00,3.00
2026-03-04T03:00:00Z,,,,,,76.00,,67.00,58.00,45.00,34.00,17.00,18.00,12.00,8.00,7.00,3.00
2026-03-04T03:35:00Z,,,,,,76.00,,67.00,58.00,45.00,34.00,17.00,18.00,12.00,8.00,5.00,3.00
2026-03-04T04:23:00Z,,,,,,76.00,,67.00,58.00,46.90,34.00,17.00,18.00,12.00,8.00,5.00,3.00
2026-03-04T06:28:00Z,,,,,,76.00,,67.00,58.00,46.66,34.00,17.00,18.00,12.00,8.00,5.00,3.00
2026-03-04T07:34:00Z,,,,,,76.00,,67.00,58.00,46.66,34.00,17.00,17.00,11.00,8.00,5.00,4.00
2026-03-04T07:35:00Z,,,,,,76.00,,67.00,58.00,47.00,37.00,25.00,17.00,11.00,8.00,5.00,4.00
2026-03-04T12:12:00Z,,,,,,76.00,,67.00,58.00,47.00,37.00,18.00,17.00,11.00,8.00,5.00,4.00
2026-03-04T13:11:00Z,,,,,,76.00,,67.00,58.00,48.00,37.00,18.00,17.00,11.00,8.00,5.00,4.00
2026-03-04T15:38:00Z,,,,,,76.00,,67.00,58.00,48.44,37.00,18.00,17.00,11.00,8.00,5.00,4.00
2026-03-04T16:10:00Z,,,,,,76.00,,67.00,58.00,48.00,37.00,18.00,17.00,11.00,8.00,5.00,3.00
2026-03-04T16:21:00Z,,,,,,76.00,,67.00,58.00,49.00,37.00,18.00,17.00,11.00,8.00,5.00,3.00
2026-03-04T16:22:00Z,,,,,,76.00,,67.00,58.00,49.00,37.00,18.00,17.00,11.00,8.00,5.00,3.00
2026-03-04T16:38:00Z,,,,,,76.00,,67.00,58.00,49.00,37.00,24.66,17.00,11.00,8.00,5.00,3.00
2026-03-04T16:57:00Z,,,,,,76.00,,67.00,58.00,49.00,37.00,24.66,17.00,11.00,8.00,5.00,3.00
2026-03-04T18:36:00Z,,,,,,76.00,,67.00,58.00,48.00,37.00,24.66,17.00,11.00,8.00,5.00,3.00
2026-03-05T00:45:00Z,,,,,,76.00,,67.00,58.00,48.00,28.00,24.66,17.00,11.00,8.00,5.00,3.00
2026-03-05T01:34:00Z,,,,,,76.00,,67.00,58.00,48.00,28.00,24.66,17.00,11.00,8.00,5.00,3.00
2026-03-05T01:35:00Z,,,,,,76.00,,67.00,58.00,49.00,28.00,24.66,17.00,11.00,8.00,5.00,3.00
2026-03-05T02:29:00Z,,,,,,76.00,,67.00,58.00,49.00,28.00,24.66,17.00,11.00,8.00,5.00,3.00
2026-03-05T02:52:00Z,,,,,,76.00,,67.00,58.00,49.00,28.00,25.00,17.00,11.00,8.00,5.00,3.00
2026-03-05T04:01:00Z,,,,,,76.00,,67.00,60.00,49.00,28.00,25.00,17.00,11.00,8.00,5.00,3.00
2026-03-05T04:02:00Z,,,,,,76.00,,67.00,60.00,49.00,28.00,25.00,17.00,11.00,8.00,5.00,3.00
2026-03-05T04:45:00Z,,,,,,79.00,,67.00,60.00,49.00,28.00,25.00,17.00,11.00,8.00,5.00,3.00
2026-03-05T06:52:00Z,,,,,,79.00,,67.00,61.00,49.00,28.00,25.00,17.00,11.00,8.00,5.00,3.00
2026-03-05T06:57:00Z,,,,,,79.00,,67.00,61.00,49.00,28.00,25.00,17.00,11.00,8.00,5.00,3.00
2026-03-05T07:05:00Z,,,,,,79.00,,67.00,61.00,49.00,28.00,25.00,17.00,11.00,8.00,5.00,3.00
2026-03-05T11:03:00Z,,,,,,79.00,,67.00,61.00,49.00,28.00,25.00,17.00,11.00,8.00,5.61,3.00
2026-03-05T12:01:00Z,,,,,,79.00,,67.00,61.00,49.00,28.00,25.00,13.00,11.00,8.00,5.61,3.00
2026-03-05T12:04:00Z,,,,,,79.00,,67.00,61.00,49.00,28.00,25.00,17.00,11.00,8.00,5.61,3.00
2026-03-05T13:41:00Z,,,,,,79.00,,70.75,61.00,49.00,28.00,25.00,17.00,11.00,8.00,5.61,3.00
2026-03-05T18:25:00Z,,,,,,79.00,,70.75,61.00,51.14,28.00,25.00,17.00,11.00,8.00,5.61,3.00
2026-03-05T18:26:00Z,,,,,,79.00,,70.75,61.00,51.14,41.00,25.00,17.00,11.00,8.00,5.61,3.00
2026-03-05T18:27:00Z,,,,,,79.00,,70.75,62.00,51.14,41.00,25.00,19.14,11.00,8.00,5.61,3.00
2026-03-05T18:28:00Z,,,,,,79.00,,70.75,62.00,51.00,41.00,25.00,19.14,11.00,8.00,5.61,3.00
2026-03-05T18:32:00Z,,,,,,79.00,,70.75,62.00,51.00,40.70,25.00,19.14,11.00,8.00,5.61,3.00
2026-03-05T18:33:00Z,,,,,,79.00,,70.75,62.00,51.00,41.00,25.00,19.14,11.00,8.00,5.61,3.00
2026-03-05T19:48:00Z,,,,,,79.00,,70.75,62.00,52.89,41.00,25.00,19.14,11.00,8.00,5.61,3.00
2026-03-05T19:58:00Z,,,,,,79.00,,70.75,62.00,52.89,41.00,25.00,19.14,11.00,7.00,5.61,3.00
2026-03-05T19:59:00Z,,,,,,79.00,,70.75,62.00,52.89,41.00,25.00,19.14,11.00,7.00,8.00,3.00
2026-03-05T20:37:00Z,,,,,,79.00,,70.75,62.00,52.89,41.00,25.00,19.14,14.87,7.00,8.00,3.00
2026-03-05T21:45:00Z,,,,,,79.00,,70.75,62.00,52.89,41.00,25.00,19.14,14.87,7.00,8.00,3.00
2026-03-05T21:47:00Z,,,,,,79.00,,70.75,62.00,52.89,41.00,25.00,19.14,20.00,7.00,8.00,3.00
2026-03-05T22:00:00Z,,,,,,79.00,,70.75,62.00,52.89,41.00,25.00,19.14,20.00,7.00,8.00,3.00
2026-03-05T22:34:00Z,,,,,,79.00,,70.75,62.00,52.89,41.00,24.00,19.14,25.00,7.00,8.00,3.00
2026-03-05T22:43:00Z,,,,,,79.00,,70.75,62.00,52.89,41.00,23.00,19.14,24.50,7.00,8.00,3.00
2026-03-05T22:51:00Z,,,,,,79.00,,70.75,62.00,52.89,41.00,23.00,19.14,24.50,7.00,8.00,3.00
2026-03-05T22:57:00Z,,,,,,79.00,,70.75,62.00,52.89,41.00,24.00,19.14,25.00,7.00,8.00,3.00
2026-03-05T23:03:00Z,,,,,,79.00,,70.75,62.00,52.89,41.00,24.00,19.14,23.45,7.00,8.00,3.00
2026-03-05T23:33:00Z,,,,,,79.00,,70.75,62.00,52.89,41.00,25.00,19.14,23.45,7.00,8.00,3.00
2026-03-06T01:22:00Z,,,,,,79.00,,70.75,62.00,57.00,48.00,25.00,19.14,23.45,7.00,8.00,3.00
2026-03-06T06:12:00Z,,,,,,79.00,,70.75,62.00,57.00,48.00,25.00,19.14,23.45,7.00,8.00,3.00
2026-03-06T06:32:00Z,,,,,,80.00,,70.75,62.00,57.00,48.00,25.00,19.14,23.45,7.00,8.00,3.00
2026-03-06T06:34:00Z,,,,,,80.00,,70.75,62.00,56.00,45.00,25.00,19.14,23.45,7.00,8.00,3.00
2026-03-06T06:35:00Z,,,,,,80.00,,70.75,62.00,56.00,45.00,36.00,19.14,23.45,7.00,8.00,3.00
2026-03-06T11:08:00Z,,,,,,80.00,,70.75,64.39,56.00,45.00,36.00,19.14,23.45,7.00,8.00,3.00
2026-03-06T11:09:00Z,,,,,,80.00,,70.75,64.39,56.00,45.00,36.00,19.14,23.45,7.00,8.00,3.00
2026-03-06T11:10:00Z,,,,,,80.00,,70.75,67.00,56.00,45.00,36.00,19.14,23.45,7.00,8.00,3.00
2026-03-06T11:47:00Z,,,,,,80.00,,70.75,67.00,56.00,45.00,30.35,19.14,23.45,7.00,8.00,3.00
2026-03-06T12:48:00Z,,,,,,80.00,,70.75,67.00,56.00,45.00,30.35,19.14,23.45,7.00,8.00,3.00
2026-03-06T12:50:00Z,,,,,,80.00,,70.75,70.00,56.00,45.00,30.35,19.14,23.45,7.00,8.00,3.00
2026-03-06T12:57:00Z,,,,,,80.00,,70.75,70.00,60.00,45.00,30.35,19.14,23.45,7.00,8.00,3.00
2026-03-06T13:42:00Z,,,,,,80.00,,70.75,61.06,60.00,45.00,30.35,19.14,14.00,7.00,8.00,3.00
2026-03-06T13:44:00Z,,,,,,80.00,,70.75,57.00,60.00,45.00,30.35,19.14,10.00,5.00,8.00,3.00
2026-03-06T13:56:00Z,,,,,,80.00,,70.75,57.00,60.00,45.00,31.00,19.14,10.00,5.00,8.00,3.00
2026-03-06T18:24:00Z,,,,,,80.00,,70.75,57.00,57.00,45.00,31.00,19.14,10.00,5.00,8.00,3.00
2026-03-06T20:34:00Z,,,,,,80.00,,70.75,57.00,57.00,46.00,31.00,19.14,10.00,5.00,8.00,3.00
2026-03-06T21:45:00Z,,,,,,80.00,,70.75,57.00,50.00,46.00,31.00,19.14,10.00,5.00,8.00,3.00
2026-03-06T21:46:00Z,,,,,,80.00,,70.75,57.00,50.00,39.00,30.00,18.00,12.00,5.00,3.00,3.00
2026-03-06T22:01:00Z,,,,,,80.00,,70.75,57.00,51.00,39.00,30.00,18.00,12.00,5.00,3.00,3.00
2026-03-06T23:01:00Z,,,,,,80.00,,70.75,65.68,51.00,39.00,30.00,18.00,12.00,5.00,3.00,3.00
2026-03-06T23:09:00Z,,,,,,80.00,,70.75,65.68,51.00,39.00,30.00,26.00,17.00,5.00,3.00,3.00
2026-03-06T23:10:00Z,,,,,,80.00,,70.75,65.68,51.00,45.29,30.00,26.00,17.00,5.00,3.00,3.00
2026-03-06T23:11:00Z,,,,,,80.00,,70.75,65.68,51.00,45.29,30.00,26.00,17.00,5.00,3.00,3.00
2026-03-06T23:54:00Z,,,,,,80.00,,70.75,66.78,51.00,45.29,30.00,26.00,17.00,5.00,3.00,3.00
2026-03-07T01:06:00Z,,,,,,80.00,,70.75,66.78,51.00,46.00,30.00,26.00,17.00,5.00,3.00,3.00
2026-03-07T01:35:00Z,,,,,,80.00,,70.75,66.78,51.00,46.00,30.00,26.00,17.38,5.00,3.00,3.00
2026-03-07T03:33:00Z,,,,,,80.00,,70.75,66.78,51.00,46.00,30.00,26.00,17.38,3.00,3.00,3.00
2026-03-07T06:44:00Z,,,,,,80.00,,77.00,66.78,51.00,46.00,30.00,26.00,17.38,3.00,3.00,3.00
2026-03-07T06:45:00Z,,,,,,80.00,,77.00,66.78,51.00,46.00,30.00,26.00,12.00,3.00,3.00,3.00
2026-03-07T07:06:00Z,,,,,,80.00,,77.00,66.78,57.51,46.00,30.00,26.00,12.00,3.00,3.00,3.00
2026-03-07T10:29:00Z,,,,,,84.00,,77.00,66.78,57.51,46.00,30.00,26.00,12.00,3.00,3.00,3.00
2026-03-07T11:11:00Z,,,,,,84.00,,77.00,66.78,57.51,46.00,30.00,26.00,12.00,3.00,3.00,3.00
2026-03-07T13:30:00Z,,,,,,84.00,,77.00,68.00,57.51,46.00,30.00,26.00,12.00,3.00,3.00,3.00
2026-03-07T15:48:00Z,,,,,,84.00,,77.00,68.00,57.51,46.00,30.00,26.00,12.00,3.23,3.00,3.00
2026-03-07T16:06:00Z,,,,,,84.00,,77.00,68.00,57.51,46.00,29.16,26.00,12.00,3.23,3.00,3.00
2026-03-07T22:27:00Z,,,,,,84.00,,77.00,68.00,57.00,46.00,29.16,26.00,12.00,3.23,3.00,3.00
2026-03-07T22:32:00Z,,,,,,84.00,,77.00,68.00,57.00,46.00,29.16,26.00,12.00,3.23,3.00,3.00
2026-03-07T22:33:00Z,,,,,,84.00,,77.00,68.00,57.00,46.00,29.16,26.00,12.00,3.23,3.00,3.00
2026-03-07T22:41:00Z,,,,,,84.00,,77.00,68.00,57.00,46.00,29.16,26.00,12.00,3.23,3.00,3.00
2026-03-08T02:01:00Z,,,,,,84.00,,77.00,66.00,57.00,46.00,29.16,26.00,12.00,3.23,3.00,3.00
2026-03-08T02:45:00Z,,,,,,84.00,,77.00,66.00,57.00,46.00,29.16,26.00,10.00,3.23,3.00,3.00
2026-03-08T03:52:00Z,,,,,,84.00,,77.00,66.00,51.00,46.00,29.16,26.00,10.00,3.23,3.00,3.00
2026-03-08T06:02:00Z,,,,,,84.00,,77.00,66.00,51.00,46.00,29.16,26.00,39.30,3.23,3.00,3.00
2026-03-08T06:04:00Z,,,,,,84.00,,77.00,66.00,51.00,46.00,44.71,26.00,39.30,3.23,3.00,3.00
2026-03-08T07:42:00Z,,,,,,84.00,,77.00,66.00,51.00,46.00,47.50,26.00,39.30,3.23,3.00,3.00
2026-03-08T07:55:00Z,,,,,,84.00,,77.00,66.00,51.00,46.00,47.00,26.00,39.30,3.23,3.00,3.00
2026-03-08T15:46:00Z,,,,,,84.00,,77.00,66.00,51.00,46.00,47.00,26.00,39.30,3.23,6.00,3.00
2026-03-08T16:02:00Z,,,,,,84.00,,77.00,66.00,51.00,46.00,47.00,26.00,14.00,3.23,6.00,3.00
2026-03-08T16:16:00Z,,,,,,93.22,,77.00,66.00,51.00,46.00,47.00,26.00,14.00,3.23,6.00,3.00
2026-03-08T18:21:00Z,,,,,,93.22,,77.00,66.00,51.00,46.00,41.00,26.00,14.00,3.23,6.00,3.00
2026-03-08T19:26:00Z,,,,,,93.22,,77.00,66.00,51.00,49.00,50.00,26.00,14.00,3.23,6.00,3.00
2026-03-08T21:33:00Z,,,,,,93.22,,77.00,69.93,51.00,49.00,50.00,26.00,14.00,3.23,6.00,3.00
2026-03-08T21:54:00Z,,,,,,93.22,,77.00,69.93,53.00,49.00,50.00,26.00,14.00,3.23,6.00,3.00
2026-03-08T22:31:00Z,,,,,,93.22,,77.00,69.93,53.00,49.00,50.00,26.00,14.00,14.82,6.00,3.00
2026-03-09T00:39:00Z,,,,,,93.22,,77.00,69.93,53.00,49.00,50.00,27.64,14.00,14.82,6.00,3.00
2026-03-09T00:40:00Z,,,,,,93.22,,77.00,69.93,53.00,49.00,33.40,27.64,14.00,14.82,6.00,3.00
2026-03-09T01:33:00Z,,,,,,93.22,,77.00,57.00,53.00,49.00,33.40,27.64,14.00,14.82,6.00,3.00
2026-03-09T01:55:00Z,,,,,,93.22,,77.00,57.00,53.00,49.00,33.40,27.64,14.00,14.82,17.72,3.00
2026-03-09T02:01:00Z,,,,,,93.22,,77.00,57.00,53.00,49.29,33.40,27.64,14.00,14.82,17.72,3.00
2026-03-09T03:35:00Z,,,,,,93.22,,77.00,57.00,56.00,49.29,33.40,27.64,14.00,14.82,17.72,3.00
2026-03-09T03:52:00Z,,,,,,93.22,,77.00,57.00,56.00,49.29,42.00,27.64,14.00,14.82,17.72,3.00
2026-03-09T04:05:00Z,,,,,,93.22,,77.00,55.00,56.00,49.29,42.00,27.64,14.00,14.82,17.72,3.00
2026-03-09T06:12:00Z,,,,,,93.22,,77.00,55.00,54.00,49.29,42.00,27.64,14.00,14.82,17.72,3.00
2026-03-09T08:30:00Z,,,,,,93.22,,77.00,55.00,54.59,49.29,42.00,27.64,14.00,14.82,17.72,3.00
2026-03-09T09:49:00Z,,,,,,93.22,,77.00,55.00,54.59,49.29,36.00,27.64,14.00,14.82,17.72,3.00
2026-03-09T14:18:00Z,,,,,,93.22,,77.00,55.00,81.38,49.29,36.00,27.64,14.00,14.82,17.72,3.00
2026-03-09T15:27:00Z,,,,,,93.22,,77.00,55.00,81.38,66.11,36.00,27.64,14.03,14.82,17.72,3.00
2026-03-09T15:32:00Z,,,,,,93.22,,77.00,55.00,81.38,66.11,36.00,27.64,17.00,14.82,17.72,3.00
2026-03-09T16:11:00Z,,,,,,93.22,,77.00,55.00,72.00,66.11,36.00,27.64,18.00,14.82,17.72,3.00
2026-03-09T16:53:00Z,,,,,,93.22,,77.00,55.00,72.00,66.11,42.80,27.64,18.00,14.82,17.72,3.00
2026-03-09T17:02:00Z,,,,,,93.22,,77.00,55.00,69.66,66.11,42.80,27.64,18.00,14.82,17.72,3.00
2026-03-09T17:26:00Z,,,,,,93.22,,77.00,55.00,69.66,66.11,48.57,27.64,18.00,14.82,17.72,3.00
2026-03-09T17:31:00Z,,,,,,93.22,,77.00,55.00,69.66,58.00,48.57,27.64,18.00,14.82,17.72,3.00
2026-03-09T18:26:00Z,,,,,,93.22,,77.00,55.00,69.66,58.00,48.58,27.64,18.00,14.82,17.72,3.00
2026-03-09T18:33:00Z,,,,,,93.22,,77.00,55.00,69.66,58.00,48.58,37.82,18.00,14.82,17.72,3.00
2026-03-09T18:45:00Z,,,,,,93.22,,77.00,55.00,69.00,55.00,44.00,30.00,19.00,14.82,17.72,3.00
2026-03-09T19:24:00Z,,,,,,93.22,,77.00,55.00,69.00,55.00,44.00,37.00,19.00,14.82,17.72,3.00
2026-03-09T19:43:00Z,,,,,,93.22,,77.00,55.00,65.79,55.00,44.00,37.00,19.00,14.82,17.72,3.00
2026-03-09T21:18:00Z,,,,,,93.22,,77.00,55.00,65.79,55.00,49.00,37.00,19.00,14.82,17.72,3.00
2026-03-09T21:58:00Z,,,,,,93.22,,77.00,80.00,65.79,55.00,49.00,37.00,19.00,14.82,17.72,3.00
2026-03-09T22:32:00Z,,,,,,93.22,,77.00,80.00,65.79,55.00,49.00,37.00,19.00,14.82,4.00,3.00
2026-03-10T00:18:00Z,,,,,,93.22,,77.00,80.00,65.79,55.00,49.88,37.00,19.00,14.82,4.00,3.00
2026-03-10T01:23:00Z,,,,,,93.22,,77.00,80.00,65.79,55.00,49.88,37.00,19.00,14.82,4.00,3.00
2026-03-10T01:24:00Z,,,,,,93.22,,77.00,80.00,65.79,55.00,49.88,37.00,19.00,14.82,6.00,3.00
2026-03-10T01:42:00Z,,,,,,93.22,,77.00,80.00,65.79,55.00,49.88,36.00,19.00,14.82,6.00,3.00
2026-03-10T02:05:00Z,,,,,,93.22,,77.00,80.00,69.00,55.00,49.88,36.00,19.00,14.82,6.00,3.00
2026-03-10T02:20:00Z,,,,,,93.22,,77.00,80.00,69.00,55.00,49.88,36.00,19.00,14.82,6.00,3.00
2026-03-10T02:58:00Z,,,,,,93.22,,77.00,80.00,69.00,55.00,49.88,29.00,19.00,14.82,6.00,3.00
2026-03-10T06:06:00Z,,,,,,93.22,,77.00,80.00,72.00,55.00,49.88,29.00,19.00,14.82,6.00,3.00
2026-03-10T06:49:00Z,,,,,,93.22,,77.00,80.00,72.00,55.00,47.00,29.00,19.00,14.82,6.00,3.00
2026-03-10T07:05:00Z,,,,,,93.22,,77.00,80.00,72.00,55.00,47.00,29.00,19.00,13.00,6.00,3.00
2026-03-10T08:12:00Z,,,,,,93.22,,77.00,80.00,72.00,55.00,47.00,29.00,19.00,13.00,6.49,3.00
2026-03-10T08:41:00Z,,,,,,93.22,,77.00,80.00,72.00,55.00,47.00,29.00,19.00,13.00,3.00,3.00
2026-03-10T09:08:00Z,,,,,,93.22,,77.00,80.00,70.00,55.00,47.00,29.00,19.00,13.00,3.00,3.00
2026-03-10T13:01:00Z,,,,,,93.22,,77.00,80.00,70.00,55.00,47.00,29.00,19.00,13.00,3.00,3.00
2026-03-10T14:25:00Z,,,,,,93.22,,77.00,80.00,70.00,55.00,44.00,29.00,19.00,13.00,3.00,3.00
2026-03-10T14:47:00Z,,,,,,93.22,,77.00,80.00,70.00,62.00,44.00,29.00,19.00,13.00,3.00,3.00
2026-03-10T17:37:00Z,,,,,,93.22,,77.00,80.00,70.00,62.00,44.00,29.00,19.00,13.00,3.00,3.00
2026-03-10T19:01:00Z,,,,,,93.22,,77.00,80.00,70.00,62.00,47.00,29.00,19.00,13.00,3.00,3.00
2026-03-10T19:07:00Z,,,,,,93.22,,77.00,80.00,70.00,62.00,47.00,36.00,19.00,13.00,3.00,3.00
2026-03-10T19:09:00Z,,,,,,93.22,,77.00,80.00,70.00,62.00,47.00,36.00,20.00,13.00,3.00,3.00
2026-03-10T21:32:00Z,,,,,,93.22,,77.00,80.00,70.00,62.00,43.42,36.00,20.00,13.00,3.00,3.00
2026-03-10T22:57:00Z,,,,,,93.22,,77.00,80.00,70.00,59.00,43.42,36.00,20.00,13.00,3.00,3.00
2026-03-10T23:04:00Z,,,,,,93.22,,77.00,80.00,70.00,56.00,45.00,36.00,20.00,13.00,3.00,3.00
2026-03-10T23:45:00Z,,,,,,93.22,,77.00,80.00,70.00,61.00,45.00,36.00,20.00,13.00,3.00,3.00
2026-03-11T00:55:00Z,,,,,,93.22,,77.00,80.00,70.00,61.00,45.00,36.00,20.00,11.00,3.00,3.00
2026-03-11T00:58:00Z,,,,,,93.22,,77.00,80.00,70.00,61.00,45.00,36.00,20.00,11.00,3.00,3.00
2026-03-11T01:37:00Z,,,,,,93.22,,77.00,80.00,70.00,61.00,50.00,36.00,20.00,11.00,3.00,3.00
2026-03-11T02:45:00Z,,,,,,93.22,,77.00,80.00,70.00,61.00,45.00,36.00,20.00,11.00,3.00,3.00
2026-03-11T03:07:00Z,,,,,,93.22,,77.00,80.00,70.00,55.10,45.00,36.00,20.00,11.00,3.00,3.00
2026-03-11T03:09:00Z,,,,,,93.22,,77.00,80.00,70.00,55.10,50.30,36.00,20.00,11.00,3.00,3.00
2026-03-11T03:51:00Z,,,,,,93.22,,77.00,80.00,70.00,55.10,51.00,36.00,20.00,11.00,3.00,3.00
2026-03-11T04:31:00Z,,,,,,93.22,,77.00,80.00,70.00,55.10,51.00,36.00,20.00,11.00,3.00,3.00
2026-03-11T04:55:00Z,,,,,,93.22,,77.00,80.00,70.00,55.10,51.00,36.00,20.00,11.00,3.00,3.00
2026-03-11T04:56:00Z,,,,,,93.22,,77.00,80.00,70.00,55.10,51.00,36.00,20.00,11.00,3.00,3.00
2026-03-11T06:23:00Z,,,,,,93.22,,77.00,80.00,70.00,55.10,51.00,36.00,20.00,11.00,6.50,3.00
2026-03-11T08:34:00Z,,,,,,93.22,,77.00,79.00,70.00,55.10,51.00,36.00,20.00,11.00,6.50,3.00
2026-03-11T08:35:00Z,,,,,,93.22,,77.00,79.00,70.00,55.10,47.00,36.00,20.00,11.00,6.50,3.00
2026-03-11T09:00:00Z,,,,,,93.22,,77.00,79.00,70.00,63.00,47.00,36.00,20.00,11.00,6.50,3.00
2026-03-11T09:20:00Z,,,,,,93.22,,77.00,79.00,70.00,63.00,47.00,36.00,20.00,11.00,6.00,3.00
2026-03-11T11:36:00Z,,,,,,93.22,,77.00,79.00,73.00,63.00,47.00,36.00,20.00,11.00,6.00,3.00
2026-03-11T13:19:00Z,,,,,,93.22,,77.00,79.00,73.00,63.00,50.00,36.00,20.00,11.00,6.00,3.00
2026-03-11T15:35:00Z,,,,,,93.22,,77.00,79.00,73.00,63.00,52.00,36.00,20.00,11.00,6.00,3.00
2026-03-11T15:52:00Z,,,,,,93.22,,77.00,79.00,73.00,63.00,52.00,36.00,20.00,11.00,6.00,3.00
2026-03-11T15:59:00Z,,,,,,87.00,,77.00,79.00,73.00,63.00,52.00,36.00,20.00,11.00,6.00,3.00
2026-03-11T18:13:00Z,,,,,,87.00,,77.00,79.00,68.77,63.00,52.00,36.00,20.00,11.00,6.00,3.00
2026-03-11T18:30:00Z,,,,,,87.00,,77.00,79.00,68.77,63.00,48.08,36.00,20.00,11.00,6.00,3.00
2026-03-11T18:51:00Z,,,,,,87.00,,77.00,79.00,72.00,63.00,48.08,36.00,20.00,11.00,6.00,3.00
2026-03-11T21:20:00Z,,,,,,87.00,,77.00,79.00,73.00,63.00,48.08,36.00,20.00,11.00,6.00,3.00
2026-03-11T22:18:00Z,,,,,,87.00,,77.00,79.00,73.00,63.00,51.00,36.00,20.00,11.00,6.00,3.00
2026-03-12T00:21:00Z,,,,,,87.00,,77.00,79.00,73.00,63.00,51.00,36.00,20.00,11.00,6.00,3.00
2026-03-12T00:56:00Z,,,,,,87.00,,77.00,79.00,73.00,63.00,51.00,36.00,20.00,11.00,6.36,3.00
2026-03-12T01:03:00Z,,,,,,87.00,,77.00,79.00,73.00,63.00,51.77,36.00,20.00,11.00,6.36,3.00
2026-03-12T01:54:00Z,,,,,,87.00,,77.00,79.00,73.00,63.00,48.58,36.00,20.00,11.00,6.36,3.00
2026-03-12T04:13:00Z,,,,,,87.00,,77.00,79.00,73.00,55.34,48.58,36.00,20.00,11.00,6.36,3.00
2026-03-12T04:24:00Z,,,,,,87.00,,77.00,79.00,73.00,60.00,48.58,36.00,20.00,11.00,6.36,3.00
2026-03-12T04:31:00Z,,,,,,87.00,,77.00,79.00,73.00,60.00,48.58,37.00,20.00,11.00,6.36,3.00
2026-03-12T04:47:00Z,,,,,,87.00,,77.00,79.00,73.00,60.00,42.87,37.00,20.00,11.00,6.36,3.00
2026-03-12T04:57:00Z,,,,,,87.00,,77.00,79.00,73.00,60.00,42.00,37.00,20.00,11.00,6.36,3.00
2026-03-12T05:54:00Z,,,,,,87.00,,77.00,79.00,73.00,60.00,42.00,29.61,20.00,11.00,6.36,3.00
2026-03-12T05:55:00Z,,,,,,87.00,,77.00,79.00,73.00,60.00,40.89,29.61,20.00,11.00,6.36,3.00
2026-03-12T06:02:00Z,,,,,,87.00,,77.00,79.00,73.00,60.00,40.89,29.61,19.00,11.00,6.36,3.00
2026-03-12T11:11:00Z,,,,,,87.00,,77.00,79.00,72.00,60.00,40.89,29.61,19.00,11.00,6.36,3.00
2026-03-12T11:47:00Z,,,,,,87.00,,77.00,79.00,72.00,60.00,40.89,29.61,19.00,11.00,6.36,3.00
2026-03-12T13:57:00Z,,,,,,87.00,,77.00,79.00,72.00,60.00,40.89,29.61,19.00,11.00,6.36,3.00
2026-03-12T16:17:00Z,,,,,,93.00,,77.00,81.00,72.00,60.00,40.89,29.61,19.00,11.00,6.36,3.00
2026-03-12T16:28:00Z,,,,,,93.00,,77.00,81.00,72.00,60.00,41.40,29.61,19.00,11.00,6.36,3.00
2026-03-12T17:36:00Z,,,,,,93.00,,77.00,81.00,72.00,60.00,44.83,29.61,19.00,11.00,6.36,3.00
2026-03-12T18:31:00Z,,,,,,93.00,,77.00,81.00,72.00,60.00,44.00,29.61,19.00,11.00,6.36,3.00
2026-03-12T18:32:00Z,,,,,,93.00,,77.00,81.00,72.00,60.00,44.00,29.61,19.00,11.00,7.00,3.00
2026-03-12T19:14:00Z,,,,,,93.00,,77.00,81.00,72.00,60.00,44.00,29.61,19.66,11.00,7.00,3.00
2026-03-12T19:21:00Z,,,,,,93.00,,77.00,81.00,72.00,60.00,44.00,29.61,19.66,11.00,7.00,3.00
2026-03-12T20:53:00Z,,,,,,93.00,,77.00,81.00,72.00,60.00,44.00,29.61,19.66,11.00,7.00,3.00
2026-03-12T21:07:00Z,,,,,,93.00,,77.00,81.00,72.00,60.00,45.00,29.61,19.66,11.00,7.00,3.00
2026-03-12T23:02:00Z,,,,,,93.00,,77.00,81.00,72.00,60.00,45.00,30.00,19.66,11.00,7.00,3.00
2026-03-12T23:22:00Z,,,,,,93.00,,77.00,81.00,72.00,60.00,39.68,30.00,19.66,11.00,7.00,3.00
2026-03-12T23:56:00Z,,,,,,93.00,,77.00,81.00,72.00,60.00,44.16,30.00,19.66,11.00,7.00,3.00
2026-03-13T01:28:00Z,,,,,,93.00,,77.00,81.00,68.00,60.00,44.16,30.00,19.66,11.00,7.00,3.00
2026-03-13T03:04:00Z,,,,,,93.00,,77.00,81.00,68.00,60.00,45.85,30.00,19.66,11.00,7.00,3.00
2026-03-13T04:03:00Z,,,,,,93.00,,77.00,81.00,68.00,60.00,45.85,30.00,19.66,11.00,7.00,3.00
2026-03-13T05:30:00Z,,,,,,93.00,,87.00,81.00,68.00,60.00,45.85,30.00,19.66,11.00,7.00,3.00
2026-03-13T06:08:00Z,,,,,,93.00,,87.00,81.00,68.00,51.77,45.85,30.00,19.66,11.00,7.00,3.00
2026-03-13T06:13:00Z,,,,,,93.00,,87.00,81.00,68.00,51.77,45.85,26.00,19.66,11.00,7.00,3.00
2026-03-13T06:23:00Z,,,,,,93.00,,86.00,81.00,68.00,51.77,45.85,26.00,19.66,11.00,7.00,3.00
2026-03-13T11:49:00Z,,,,,,93.00,,86.00,81.00,68.00,51.77,43.27,26.00,19.66,11.00,7.00,3.00
2026-03-13T16:58:00Z,,,,,,93.00,,86.00,81.00,68.00,51.77,43.27,26.00,19.66,11.00,7.00,3.00
2026-03-13T17:19:00Z,,,,,,93.00,,86.00,81.00,68.00,58.00,43.27,26.00,19.66,11.00,7.00,3.00
2026-03-13T17:30:00Z,,,,,,93.00,,86.00,81.00,68.00,50.00,43.27,26.00,19.66,11.00,7.00,3.00
2026-03-13T17:32:00Z,,,,,,93.00,,86.00,81.00,68.00,50.00,43.27,26.00,19.66,11.00,7.00,3.00
2026-03-13T18:44:00Z,,,,,,93.00,,86.00,81.00,68.00,58.00,43.27,26.00,19.66,11.00,7.00,3.00
2026-03-13T19:27:00Z,,,,,,93.00,,86.00,81.00,68.00,58.00,38.00,26.00,19.66,11.00,7.00,3.00
2026-03-13T19:39:00Z,,,,,,93.00,,86.00,81.00,68.00,58.00,37.26,26.00,19.66,11.00,7.00,3.00
2026-03-13T20:35:00Z,,,,,,93.00,,86.00,81.00,68.00,58.00,37.26,26.00,19.66,11.00,7.00,3.00
2026-03-13T20:41:00Z,,,,,,93.00,,86.00,81.00,68.00,58.00,37.26,26.00,19.66,11.00,7.00,3.00
2026-03-13T21:16:00Z,,,,,,93.00,,86.00,81.00,68.00,58.00,44.00,26.00,19.66,11.00,7.00,3.00
2026-03-13T21:49:00Z,,,,,,93.00,,86.00,81.00,68.00,57.00,44.00,26.00,19.66,11.00,7.00,3.00
2026-03-13T21:58:00Z,,,,,,93.00,,86.00,81.00,68.00,57.00,44.74,26.00,19.66,11.00,7.00,3.00
2026-03-14T01:32:00Z,,,,,,93.00,,86.00,81.00,68.00,57.00,44.74,26.00,19.66,9.00,7.00,3.00
2026-03-14T01:33:00Z,,,,,,93.00,,87.00,81.00,68.00,57.00,44.74,26.00,19.66,9.00,7.00,3.00
2026-03-14T02:34:00Z,,,,,,93.00,,87.00,81.00,68.00,52.00,44.74,26.00,19.66,9.00,7.00,3.00
2026-03-14T04:01:00Z,,,,,,93.00,,87.00,81.00,68.00,53.00,44.74,26.00,19.66,9.00,7.00,3.00
2026-03-14T04:02:00Z,,,,,,93.00,,87.00,81.00,67.37,53.00,44.74,26.00,19.66,9.00,7.00,3.00
2026-03-14T04:03:00Z,,,,,,93.00,,87.00,75.00,67.37,53.00,44.74,26.00,19.66,9.00,7.00,3.00
2026-03-14T04:04:00Z,,,,,,93.00,,82.00,75.00,67.37,53.00,44.74,26.00,19.66,9.00,7.00,3.00
2026-03-14T04:42:00Z,,,,,,93.00,,82.00,75.00,67.37,53.00,43.93,26.00,19.66,9.00,7.00,3.00
2026-03-14T05:18:00Z,,,,,,93.00,,88.00,75.00,67.37,53.00,43.93,26.00,19.66,9.00,7.00,3.00
2026-03-14T05:59:00Z,,,,,,93.00,,88.00,75.00,67.37,53.00,37.85,26.00,19.66,9.00,7.00,3.00
2026-03-14T06:00:00Z,,,,,,93.00,,88.00,76.42,67.37,53.00,37.85,25.96,19.66,9.00,7.00,3.00
2026-03-14T07:15:00Z,,,,,,93.00,,88.00,76.42,67.37,55.00,37.85,25.96,19.66,9.00,7.00,3.00
2026-03-14T07:55:00Z,,,,,,93.00,,88.00,76.42,63.00,55.00,37.85,25.96,19.66,9.00,7.00,3.00
2026-03-14T07:56:00Z,,,,,,93.00,,88.00,76.42,63.00,55.00,37.00,25.96,19.66,9.00,7.00,3.00
2026-03-14T07:57:00Z,,,,,,93.00,,88.00,76.42,63.00,55.00,37.00,25.00,19.66,9.00,7.00,3.00
2026-03-14T08:12:00Z,,,,,,93.00,,88.00,76.42,63.00,55.00,37.00,25.00,19.66,11.00,7.00,3.00
2026-03-14T11:51:00Z,,,,,,93.00,,88.00,76.42,71.00,55.00,37.00,25.00,19.66,11.00,7.00,3.00
2026-03-14T12:48:00Z,,,,,,93.00,,88.00,76.42,71.00,55.00,42.00,25.00,19.66,11.00,7.00,3.00
2026-03-14T13:37:00Z,,,,,,93.00,,88.00,76.42,71.00,55.00,42.00,25.00,19.66,11.00,7.00,3.00
2026-03-14T14:32:00Z,,,,,,93.00,,88.00,76.42,71.00,55.00,42.00,25.00,19.66,11.00,7.00,3.00
2026-03-14T14:56:00Z,,,,,,93.00,,88.00,76.42,71.00,55.00,42.00,25.00,19.66,11.00,7.00,3.00
2026-03-14T15:37:00Z,,,,,,93.00,,88.00,76.42,71.00,56.00,42.00,25.00,19.66,11.00,7.00,3.00
2026-03-14T17:04:00Z,,,,,,93.00,,88.00,76.42,71.00,56.00,36.16,25.00,19.66,11.00,7.00,3.00
2026-03-14T17:05:00Z,,,,,,93.00,,88.00,76.42,71.00,56.00,35.00,25.00,19.66,11.00,7.00,3.00
2026-03-14T19:22:00Z,,,,,,93.00,,88.00,76.42,71.00,56.00,35.70,23.00,19.66,11.00,7.00,3.00
2026-03-14T20:25:00Z,,,,,,93.00,,88.00,76.42,71.00,56.00,34.25,23.00,19.66,11.00,7.00,3.00
2026-03-14T21:27:00Z,,,,,,93.00,,88.00,76.42,71.00,56.00,40.00,23.00,19.66,11.00,7.00,3.00
2026-03-14T22:08:00Z,,,,,,93.00,,88.00,76.42,71.00,56.00,43.00,23.00,19.66,11.00,7.00,3.00
2026-03-15T00:55:00Z,,,,,,93.00,,88.00,76.42,71.00,56.00,40.00,23.00,19.66,11.00,7.00,3.00
2026-03-15T01:30:00Z,,,,,,93.00,,88.00,76.42,71.00,56.00,40.00,22.00,19.66,11.00,7.00,3.00
2026-03-15T01:47:00Z,,,,,,93.00,,88.00,76.42,71.00,56.00,42.00,22.00,19.66,11.00,7.00,3.00
2026-03-15T02:54:00Z,,,,,,93.00,,88.00,76.42,71.00,56.00,42.00,22.00,19.66,11.00,2.00,3.00
2026-03-15T03:36:00Z,,,,,,93.00,,88.00,76.42,71.00,56.00,42.00,22.00,14.00,11.00,2.00,3.00
2026-03-15T03:37:00Z,,,,,,93.00,,88.00,76.42,71.00,56.00,34.25,22.00,14.00,11.00,2.00,3.00
2026-03-15T03:42:00Z,,,,,,93.00,,86.00,76.42,71.00,56.00,34.25,22.00,14.00,11.00,2.00,3.00
2026-03-15T05:02:00Z,,,,,,93.00,,86.00,76.42,71.00,56.00,34.25,22.00,20.00,11.00,2.00,3.00
2026-03-15T05:09:00Z,,,,,,93.00,,86.00,76.42,71.00,56.00,34.25,22.00,20.00,8.00,2.00,3.00
2026-03-15T05:36:00Z,,,,,,93.00,,86.00,77.00,71.00,56.00,34.25,22.00,20.00,8.00,2.00,3.00
2026-03-15T05:38:00Z,,,,,,93.00,,86.00,77.00,71.00,56.00,42.00,22.00,20.00,8.00,2.00,3.00
2026-03-15T07:35:00Z,,,,,,93.00,,86.00,77.00,68.22,56.00,42.00,22.00,20.00,8.00,2.00,3.00
2026-03-15T08:34:00Z,,,,,,93.00,,86.00,77.00,68.22,56.00,36.00,22.00,20.00,8.00,2.00,3.00
2026-03-15T08:39:00Z,,,,,,92.00,,86.00,77.00,68.22,56.00,36.00,22.00,20.00,8.00,2.00,3.00
2026-03-15T13:32:00Z,,,,,,92.00,,86.00,77.00,68.22,56.00,36.00,22.00,14.00,8.00,2.00,3.00
2026-03-15T14:52:00Z,,,,,,92.00,,86.00,77.00,68.22,56.00,37.58,22.00,14.00,8.00,2.00,3.00
2026-03-15T15:12:00Z,,,,,,92.00,,86.00,77.00,61.00,56.00,37.58,22.00,14.00,8.00,2.00,3.00
2026-03-15T16:07:00Z,,,,,,92.00,,86.00,77.00,61.00,50.00,37.58,22.00,14.00,8.00,2.00,3.00
2026-03-15T16:17:00Z,,,,,,92.00,,86.00,77.00,61.00,50.00,37.58,27.00,20.00,8.00,2.00,3.00
2026-03-15T16:51:00Z,,,,,,92.00,,86.00,77.00,63.38,50.00,37.58,27.00,20.00,8.00,2.00,3.00
2026-03-15T18:09:00Z,,,,,,92.00,,86.00,77.00,63.38,50.00,37.58,27.00,20.00,8.00,2.00,3.00
2026-03-15T18:17:00Z,,,,,,92.00,,86.00,77.00,63.38,50.00,39.27,26.50,20.00,8.00,2.00,3.00
2026-03-15T18:28:00Z,,,,,,92.00,,86.00,77.00,63.38,50.00,39.08,26.50,20.00,10.00,2.00,3.00
2026-03-15T18:53:00Z,,,,,,92.00,,86.00,77.00,63.38,50.00,40.72,26.50,20.00,10.00,2.00,3.00
2026-03-15T19:15:00Z,,,,,,93.00,,86.00,77.00,63.38,50.00,40.72,26.50,20.00,10.00,2.00,3.00
2026-03-15T19:43:00Z,,,,,,93.00,,86.00,77.00,63.38,50.00,38.41,26.50,20.00,10.00,2.00,3.00
2026-03-15T19:59:00Z,,,,,,93.00,,86.00,77.00,63.38,50.00,38.41,27.25,20.00,10.00,2.00,3.00
2026-03-15T20:54:00Z,,,,,,93.00,,86.00,77.00,66.00,50.00,38.41,27.25,20.00,10.00,2.00,3.00
2026-03-15T21:23:00Z,,,,,,93.00,,86.00,77.00,66.00,50.00,38.41,28.00,20.00,10.00,2.00,3.00
2026-03-15T21:38:00Z,,,,,,93.00,,86.00,77.00,66.00,50.00,42.69,28.00,20.00,10.00,2.00,3.00
2026-03-15T21:41:00Z,,,,,,93.00,,86.00,77.00,66.00,50.00,37.00,28.00,20.00,10.00,2.00,3.00
2026-03-15T22:01:00Z,,,,,,93.00,,86.00,77.00,66.00,53.00,37.00,28.00,20.00,10.00,2.00,3.00
2026-03-15T22:20:00Z,,,,,,93.00,,86.00,77.00,66.00,53.00,44.00,28.00,20.00,10.00,2.00,3.00
2026-03-15T22:52:00Z,,,,,,93.00,,86.00,77.00,66.00,53.00,44.00,28.00,20.00,10.00,2.00,3.00
2026-03-16T00:59:00Z,,,,,,93.00,,86.00,77.00,66.00,53.00,43.36,28.00,20.00,10.00,2.00,3.00
2026-03-16T01:10:00Z,,,,,,93.00,,86.00,77.00,66.00,53.00,39.04,28.00,20.00,10.00,2.00,3.00
2026-03-16T01:15:00Z,,,,,,93.00,,86.00,77.00,66.00,53.00,39.00,28.00,20.00,10.00,2.00,3.00
2026-03-16T01:56:00Z,,,,,,93.00,,86.00,77.00,65.00,53.00,39.00,28.00,20.00,10.00,2.00,3.00
2026-03-16T02:10:00Z,,,,,,93.00,,86.00,77.00,65.00,53.00,42.26,28.00,20.00,10.00,2.00,3.00
2026-03-16T02:49:00Z,,,,,,93.00,,86.00,77.00,65.00,53.00,42.26,28.00,20.00,10.00,2.00,3.00
2026-03-16T02:57:00Z,,,,,,93.00,,86.00,78.91,65.00,53.00,42.26,28.00,20.00,10.00,2.00,3.00
2026-03-16T03:13:00Z,,,,,,93.00,,86.00,78.91,65.00,53.00,42.97,28.00,20.00,10.00,2.00,3.00
2026-03-16T03:20:00Z,,,,,,93.00,,86.00,78.91,65.00,53.00,43.36,28.00,20.00,10.00,2.00,3.00
2026-03-16T03:24:00Z,,,,,,93.00,,86.00,78.91,65.00,50.16,43.36,28.00,20.00,10.00,2.00,3.00
2026-03-16T03:30:00Z,,,,,,93.00,,86.00,78.91,65.00,50.16,43.57,28.00,20.00,10.00,2.00,3.00
2026-03-16T03:32:00Z,,,,,,93.00,,86.00,78.91,63.00,50.16,43.57,27.00,20.00,10.00,2.00,3.00
2026-03-16T03:35:00Z,,,,,,93.00,,86.00,78.91,63.00,50.16,43.57,27.00,20.00,10.00,6.00,3.00
2026-03-16T03:38:00Z,,,,,,93.00,,86.00,78.91,63.00,50.08,43.57,27.00,20.00,10.00,6.00,3.00
2026-03-16T03:40:00Z,,,,,,93.00,,86.00,78.91,63.00,50.08,43.57,27.00,20.00,10.00,6.00,3.00
2026-03-16T03:56:00Z,,,,,,93.00,,86.00,78.91,63.00,50.08,38.40,27.00,20.00,10.00,6.00,3.00
2026-03-16T04:04:00Z,,,,,,93.00,,86.00,78.91,63.00,50.08,36.20,25.00,20.00,10.00,6.00,3.00
2026-03-16T04:14:00Z,,,,,,93.00,,86.00,78.91,63.00,50.08,33.10,25.00,20.00,10.00,6.00,3.00
2026-03-16T04:31:00Z,,,,,,93.00,,86.00,78.91,63.00,54.00,33.10,25.00,20.00,10.00,6.00,3.00
2026-03-16T04:38:00Z,,,,,,93.00,,86.00,78.91,63.00,54.00,33.10,25.00,19.00,10.00,6.00,3.00
2026-03-16T04:44:00Z,,,,,,93.00,,86.00,78.91,63.00,54.00,33.10,25.00,19.00,10.00,6.00,3.00
2026-03-16T04:56:00Z,,,,,,93.00,,86.00,78.91,65.00,54.00,33.10,25.00,19.00,10.00,6.00,3.00
2026-03-16T04:58:00Z,,,,,,93.00,,86.00,78.91,65.00,48.00,33.10,25.00,19.00,10.00,6.00,3.00
2026-03-16T05:35:00Z,,,,,,93.00,,86.00,78.91,65.00,48.00,33.10,25.00,19.95,10.00,6.00,3.00
2026-03-16T05:54:00Z,,,,,,93.00,,86.00,78.91,65.00,53.00,33.10,25.00,19.95,10.00,6.00,3.00
2026-03-16T06:38:00Z,,,,,,93.00,,86.00,78.91,65.00,53.00,33.10,25.00,19.95,10.00,6.00,3.00
2026-03-16T06:39:00Z,,,,,,93.00,,86.00,73.04,65.00,53.00,33.10,25.00,19.95,10.00,6.00,3.00
2026-03-16T06:54:00Z,,,,,,93.00,,86.00,73.04,65.00,53.00,38.00,25.00,19.95,10.00,6.00,3.00
2026-03-16T07:05:00Z,,,,,,93.00,,86.00,73.04,65.00,47.00,38.00,25.00,19.95,10.00,6.00,3.00
2026-03-16T07:54:00Z,,,,,,93.00,,86.00,73.04,65.00,53.00,38.00,25.00,19.95,10.00,6.00,3.00
2026-03-16T08:46:00Z,,,,,,93.00,,86.00,73.04,66.00,53.00,38.00,25.00,19.95,10.00,6.00,3.00
2026-03-16T09:47:00Z,,,,,,93.00,,86.00,73.04,66.00,53.00,33.00,25.00,19.95,10.00,6.00,3.00
2026-03-16T11:07:00Z,,,,,,93.00,,86.00,73.04,61.77,53.00,33.00,25.00,19.95,10.00,6.00,3.00
2026-03-16T11:10:00Z,,,,,,93.00,,86.00,73.04,66.00,53.00,33.00,25.00,19.95,10.00,6.00,3.00
2026-03-16T12:16:00Z,,,,,,93.00,,86.00,73.04,66.00,51.98,33.00,25.00,19.95,10.00,6.00,3.00
2026-03-16T12:23:00Z,,,,,,93.00,,86.00,73.04,66.00,52.00,33.00,25.00,19.95,10.00,6.00,3.00
2026-03-16T12:24:00Z,,,,,,93.00,,86.00,73.04,66.00,52.00,33.00,25.00,19.85,10.00,6.00,3.00
2026-03-16T12:45:00Z,,,,,,93.00,,86.00,73.04,65.00,52.00,33.00,25.00,19.85,10.00,6.00,3.00
2026-03-16T13:17:00Z,,,,,,93.00,,86.00,73.04,65.00,52.00,33.00,25.00,19.85,10.00,6.00,3.00
2026-03-16T13:44:00Z,,,,,,93.00,,86.00,73.04,65.00,52.00,35.22,25.00,19.85,10.00,6.00,3.00
2026-03-16T14:40:00Z,,,,,,93.00,,86.00,73.04,65.00,52.00,37.00,25.00,19.85,10.00,6.00,3.00
2026-03-16T15:09:00Z,,,,,,93.00,,86.00,73.04,65.00,52.00,37.00,25.00,19.85,10.00,6.00,3.00
2026-03-16T15:26:00Z,,,,,,93.00,,86.00,73.04,65.00,46.27,37.00,25.00,19.85,10.00,6.00,3.00
2026-03-16T16:18:00Z,,,,,,93.00,,86.00,73.04,65.00,46.27,37.00,20.00,19.85,7.00,6.00,3.00
2026-03-16T16:28:00Z,,,,,,93.00,,86.00,73.04,65.00,46.27,28.77,20.00,19.85,7.00,6.00,3.00
2026-03-16T16:44:00Z,,,,,,93.00,,86.00,73.04,65.00,46.27,28.77,20.00,13.00,7.00,6.00,3.00
2026-03-16T17:01:00Z,,,,,,93.00,,86.00,73.04,65.00,53.00,28.77,20.00,13.00,7.00,6.00,3.00
2026-03-16T17:21:00Z,,,,,,93.00,,86.00,73.04,65.00,53.00,28.77,20.00,13.00,7.00,6.00,3.00
2026-03-16T17:32:00Z,,,,,,93.00,,86.00,73.04,65.00,53.00,28.77,20.00,13.00,3.00,6.00,3.00
2026-03-16T17:44:00Z,,,,,,93.00,,86.00,73.04,65.00,53.00,28.77,20.00,13.00,3.00,6.00,3.00
2026-03-16T17:56:00Z,,,,,,93.00,,86.00,73.04,65.00,53.00,28.77,20.00,13.00,3.00,2.00,3.00
2026-03-16T18:25:00Z,,,,,,93.00,,86.00,73.04,65.00,53.00,28.77,20.00,24.00,3.00,2.00,3.00
2026-03-16T19:18:00Z,,,,,,93.00,,86.00,73.04,65.00,53.00,28.77,23.10,24.00,3.00,2.00,3.00
2026-03-16T19:25:00Z,,,,,,93.00,,86.00,73.04,65.00,53.00,28.77,23.10,13.00,3.00,2.00,3.00
2026-03-16T19:51:00Z,,,,,,93.00,,86.00,73.04,65.00,53.00,28.77,26.00,13.00,3.00,2.00,3.00
2026-03-16T19:59:00Z,,,,,,93.00,,86.00,73.04,65.00,53.00,30.00,26.00,13.00,3.00,2.00,3.00
2026-03-16T20:07:00Z,,,,,,93.00,,86.00,73.04,65.00,53.00,30.52,26.00,13.00,3.00,2.00,3.00
2026-03-16T20:14:00Z,,,,,,93.00,,86.00,73.04,65.00,53.00,33.00,26.00,13.00,3.00,2.00,3.00
2026-03-16T20:59:00Z,,,,,,93.00,,86.00,73.04,65.00,51.00,33.00,26.00,13.00,3.00,2.00,3.00
2026-03-16T21:33:00Z,,,,,,97.00,,86.00,73.04,65.00,51.00,33.00,26.00,13.00,3.00,2.00,3.00
2026-03-16T21:50:00Z,,,,,,97.00,,86.00,73.04,65.00,51.00,30.12,26.00,13.00,3.00,2.00,3.00
2026-03-16T21:53:00Z,,,,,,97.00,,86.00,73.04,65.00,52.00,30.12,26.00,13.00,3.00,2.00,3.00
2026-03-16T22:08:00Z,,,,,,97.00,,86.00,73.04,65.00,51.00,30.12,26.00,13.00,3.00,2.00,3.00
2026-03-16T22:13:00Z,,,,,,97.00,,86.00,73.04,65.00,51.00,30.12,26.00,13.00,9.00,2.00,3.00
2026-03-16T22:49:00Z,,,,,,97.00,,86.00,77.00,65.00,51.00,30.12,26.00,13.00,9.00,2.00,3.00
2026-03-16T23:22:00Z,,,,,,97.00,,86.00,77.00,65.00,51.00,30.12,26.00,17.00,9.00,2.00,3.00
2026-03-16T23:34:00Z,,,,,,97.00,,86.00,77.00,65.58,51.00,30.12,26.00,17.00,9.00,2.00,3.00
2026-03-16T23:36:00Z,,,,,,97.00,,86.00,77.00,65.58,51.00,33.00,26.00,17.00,9.00,2.00,3.00
2026-03-16T23:47:00Z,,,,,,97.00,,86.00,77.00,65.58,50.44,33.00,26.00,17.00,9.00,2.00,3.00
2026-03-16T23:54:00Z,,,,,,97.00,,86.00,77.00,65.58,50.44,33.00,19.63,17.00,9.00,2.00,3.00
2026-03-17T00:52:00Z,,,,,,97.00,,86.00,77.00,65.00,50.44,33.00,19.63,17.00,9.00,2.00,3.00
2026-03-17T02:39:00Z,,,,,,97.00,,86.00,77.00,65.00,49.17,33.00,19.63,17.00,9.00,2.00,3.00
2026-03-17T02:41:00Z,,,,,,97.00,,86.00,77.00,65.00,49.17,33.00,19.63,17.00,9.00,2.00,3.00
2026-03-17T02:55:00Z,,,,,,97.00,,86.00,77.00,65.00,49.17,31.00,19.63,17.00,9.00,2.00,3.00
2026-03-17T03:02:00Z,,,,,,92.00,,86.00,77.00,65.00,49.17,31.00,19.63,17.00,9.00,2.00,3.00
2026-03-17T03:53:00Z,,,,,,92.00,,86.00,77.00,65.00,49.17,31.00,23.60,17.00,9.00,2.00,3.00
2026-03-17T04:00:00Z,,,,,,92.00,,86.00,77.00,65.00,51.00,31.00,23.60,17.00,9.00,2.00,3.00
2026-03-17T04:27:00Z,,,,,,92.00,,86.00,77.00,65.00,51.00,33.00,23.60,17.00,9.00,2.00,3.00
2026-03-17T04:33:00Z,,,,,,92.00,,86.00,77.00,62.80,51.00,33.00,23.60,17.00,9.00,2.00,3.00
2026-03-17T04:34:00Z,,,,,,92.00,,86.00,77.00,62.80,51.00,33.10,23.60,17.00,9.00,2.00,3.00
2026-03-17T04:37:00Z,,,,,,92.00,,86.00,77.00,62.80,51.00,33.92,23.60,17.00,9.00,2.00,3.00
2026-03-17T04:47:00Z,,,,,,92.00,,86.00,77.00,62.80,51.00,33.92,23.60,17.00,9.00,2.00,3.00
2026-03-17T04:49:00Z,,,,,,92.00,,86.00,77.00,62.80,51.00,33.92,23.60,17.00,9.00,1.66,3.00
2026-03-17T04:53:00Z,,,,,,92.00,,86.00,75.00,62.80,51.00,33.92,23.60,17.00,9.00,1.66,3.00
2026-03-17T04:57:00Z,,,,,,92.00,,86.00,75.00,62.80,51.00,34.00,23.60,17.00,9.00,1.66,3.00
2026-03-17T05:20:00Z,,,,,,92.00,,86.00,75.00,62.80,51.00,32.00,23.60,17.00,9.00,1.66,3.00
2026-03-17T05:38:00Z,,,,,,92.00,,86.00,75.00,62.80,51.00,32.00,23.60,17.00,9.00,1.00,3.00
2026-03-17T05:39:00Z,,,,,,92.73,,86.00,75.00,62.80,51.00,32.00,23.60,17.00,9.00,1.00,3.00
2026-03-17T09:22:00Z,,,,,,92.73,,86.00,75.00,62.80,51.00,32.00,23.60,17.73,8.00,4.98,3.00
2026-03-17T09:23:00Z,,,,,,92.73,,86.00,75.00,62.80,51.00,33.00,21.31,17.73,8.00,4.98,3.00
2026-03-17T10:18:00Z,,,,,,92.73,,86.00,75.00,62.80,51.00,33.00,21.31,17.73,7.00,4.98,3.00
2026-03-17T12:42:00Z,,,,,,92.73,,86.00,75.00,58.00,51.00,33.00,21.31,17.73,7.00,4.98,3.00
2026-03-17T12:50:00Z,,,,,,92.73,,86.00,75.00,58.00,45.00,33.00,21.31,17.73,7.00,4.98,3.00
2026-03-17T13:12:00Z,,,,,,92.73,,86.00,75.00,57.67,45.00,33.00,21.31,17.73,7.00,4.98,3.00
2026-03-17T13:29:00Z,,,,,,92.73,,86.00,75.00,57.67,45.00,33.00,19.32,17.73,7.00,4.98,3.00
2026-03-17T14:00:00Z,,,,,,92.73,,85.00,75.00,57.67,45.00,33.00,19.32,17.73,7.00,4.98,3.00
2026-03-17T14:05:00Z,,,,,,93.00,,85.00,75.00,57.67,45.00,33.00,19.32,17.73,7.00,4.98,3.00
2026-03-17T14:17:00Z,,,,,,93.00,,85.00,75.00,57.67,45.00,33.00,19.32,17.73,3.83,4.98,3.00
2026-03-17T14:18:00Z,,,,,,93.00,,85.00,75.00,57.67,45.00,33.00,19.32,17.73,3.83,4.98,3.00
2026-03-17T14:46:00Z,,,,,,93.00,,85.00,75.00,56.00,45.00,33.00,19.32,17.73,3.83,4.98,3.00
2026-03-17T15:11:00Z,,,,,,93.00,,85.00,75.00,56.00,45.00,33.00,19.32,17.73,6.00,4.98,3.00
2026-03-17T15:21:00Z,,,,,,93.00,,85.00,75.00,56.00,45.00,32.00,19.32,17.73,6.00,4.98,3.00
2026-03-17T15:41:00Z,,,,,,93.00,,85.00,75.00,56.00,47.00,32.00,19.32,17.73,6.00,4.98,3.00
2026-03-17T16:05:00Z,,,,,,93.00,,85.00,75.00,56.00,47.00,32.00,19.00,17.73,6.00,4.93,3.00
2026-03-17T16:06:00Z,,,,,,93.00,,85.00,75.00,56.00,47.00,32.00,19.00,17.73,6.00,4.93,3.00
2026-03-17T16:21:00Z,,,,,,93.00,,85.00,75.00,56.00,47.00,32.86,19.00,17.73,6.00,4.93,3.00
2026-03-17T16:22:00Z,,,,,,93.00,,85.00,75.00,56.00,47.00,33.00,19.00,17.73,6.00,4.93,3.00
2026-03-17T16:26:00Z,,,,,,93.00,,85.00,75.00,56.00,47.00,33.00,19.00,17.73,6.00,4.93,3.00
2026-03-17T17:07:00Z,,,,,,93.00,,85.00,75.00,56.00,47.00,33.00,19.00,17.73,6.00,4.93,3.00
2026-03-17T17:11:00Z,,,,,,93.00,,85.00,75.00,56.00,47.05,33.00,19.00,17.73,6.00,4.93,3.00
2026-03-17T17:14:00Z,,,,,,93.00,,85.00,76.00,56.00,47.05,33.00,19.00,17.73,6.00,4.93,3.00
2026-03-17T17:15:00Z,,,,,,93.00,,85.00,76.00,63.00,47.05,33.00,19.00,17.73,6.00,4.93,3.00
2026-03-17T18:03:00Z,,,,,,93.00,,85.00,76.00,63.00,50.25,33.00,19.00,17.73,6.00,4.93,3.00
2026-03-17T18:07:00Z,,,,,,93.00,,85.00,72.00,63.00,50.25,33.00,19.00,17.73,6.00,4.93,3.00
2026-03-17T18:10:00Z,,,,,,93.00,,85.00,72.00,60.00,50.25,33.00,19.00,17.73,6.00,4.93,3.00
2026-03-17T19:01:00Z,,,,,,93.00,,85.00,72.00,64.00,50.25,33.00,19.00,17.73,6.00,4.93,3.00
2026-03-17T19:59:00Z,,,,,,93.00,,85.00,72.00,60.00,50.25,33.00,19.00,17.73,6.00,4.93,3.00
2026-03-17T20:51:00Z,,,,,,93.00,,85.00,72.00,60.00,50.25,31.00,19.00,17.73,6.00,4.93,3.00
2026-03-17T21:12:00Z,,,,,,93.00,,85.00,72.00,60.00,50.25,31.00,19.00,17.73,9.18,4.93,3.00
2026-03-17T22:08:00Z,,,,,,93.00,,85.00,72.00,60.00,51.00,31.00,19.00,17.73,9.18,4.93,3.00
2026-03-17T22:36:00Z,,,,,,93.00,,85.00,72.00,59.00,51.00,31.00,19.00,17.73,9.18,4.93,3.00
2026-03-17T22:38:00Z,,,,,,93.00,,85.00,72.00,59.00,51.00,31.00,19.00,17.00,9.18,4.93,3.00
2026-03-17T23:00:00Z,,,,,,93.00,,85.00,72.00,59.00,51.00,33.00,19.00,17.00,9.18,4.93,3.00
2026-03-18T01:21:00Z,,,,,,93.00,,85.00,74.00,59.00,51.00,33.00,19.00,17.00,9.18,4.93,3.00
2026-03-18T01:24:00Z,,,,,,93.00,,85.00,74.00,61.73,51.00,33.30,19.00,17.00,9.18,4.93,3.00
2026-03-18T02:02:00Z,,,,,,93.00,,85.00,74.00,61.73,51.00,33.30,21.00,17.00,9.18,4.93,3.00
2026-03-18T02:04:00Z,,,,,,93.00,,85.00,74.00,61.73,51.00,33.30,21.00,17.19,9.18,4.93,3.00
2026-03-18T02:18:00Z,,,,,,93.00,,85.00,74.00,60.00,51.00,33.30,21.00,17.19,9.18,4.93,3.00
2026-03-18T02:24:00Z,,,,,,93.00,,85.00,74.00,60.00,51.00,33.30,21.00,17.19,9.18,4.93,3.00
2026-03-18T02:33:00Z,,,,,,93.00,,85.00,74.00,60.00,51.00,33.00,21.00,17.19,9.18,4.93,3.00
2026-03-18T03:11:00Z,,,,,,93.00,,85.00,74.00,60.00,51.00,34.00,21.00,17.19,9.18,4.93,3.00
2026-03-18T03:48:00Z,,,,,,93.00,,85.00,74.00,60.00,51.00,34.00,21.00,17.19,5.00,4.93,3.00
2026-03-18T04:59:00Z,,,,,,93.00,,85.00,74.00,60.00,44.00,34.00,21.00,17.19,5.00,4.93,3.00
2026-03-18T05:01:00Z,,,,,,93.00,,85.00,74.00,60.00,44.00,34.00,21.00,17.19,5.00,5.00,3.00
2026-03-18T05:13:00Z,,,,,,93.00,,85.00,74.00,60.00,44.00,34.00,21.00,17.00,5.00,5.00,3.00
2026-03-18T05:25:00Z,,,,,,93.00,,85.00,74.00,60.00,44.00,34.00,19.00,17.00,5.00,5.00,3.00
2026-03-18T06:02:00Z,,,,,,93.00,,85.00,74.00,60.00,48.00,34.00,19.00,17.00,5.00,5.00,3.00
2026-03-18T07:41:00Z,,,,,,93.00,,85.00,74.00,60.00,48.00,34.00,19.00,17.00,5.00,5.00,3.00
2026-03-18T07:53:00Z,,,,,,93.00,,85.00,74.00,60.00,48.00,36.00,19.00,17.00,5.00,5.00,3.00
2026-03-18T07:55:00Z,,,,,,93.00,,85.00,74.00,60.00,46.98,36.00,19.00,17.00,5.00,5.00,3.00
2026-03-18T09:34:00Z,,,,,,93.00,,85.00,74.00,60.00,46.98,36.00,19.00,16.00,5.00,5.00,3.00
2026-03-18T12:32:00Z,,,,,,93.00,,85.00,74.00,61.00,46.98,36.00,19.00,16.00,5.00,5.00,3.00
2026-03-18T13:13:00Z,,,,,,93.00,,85.00,74.00,61.00,46.98,36.00,19.00,17.00,5.00,5.00,3.00
2026-03-18T14:03:00Z,,,,,,93.00,,85.00,74.00,61.00,46.98,36.00,19.00,17.00,8.00,5.00,3.00
2026-03-18T14:14:00Z,,,,,,93.00,,85.00,74.00,61.00,46.98,36.00,19.00,17.00,8.00,5.00,3.85
2026-03-18T14:19:00Z,,,,,,93.00,,85.00,74.00,61.00,46.98,36.00,19.00,17.00,8.00,7.00,5.00
2026-03-18T16:14:00Z,,,,,,93.00,,85.00,74.00,62.00,46.98,36.00,19.00,17.00,8.00,7.00,5.00
2026-03-18T17:00:00Z,,,,,,93.00,,85.00,74.00,62.00,46.98,36.00,19.00,18.00,8.00,7.00,5.00
2026-03-18T17:01:00Z,,,,,,93.00,,85.00,74.00,62.00,46.98,36.00,19.00,18.00,8.00,7.00,5.00
2026-03-18T17:06:00Z,,,,,,93.00,,85.00,74.00,62.00,46.98,33.95,19.00,18.00,8.00,7.00,5.00
2026-03-18T17:25:00Z,,,,,,93.00,,85.00,74.00,62.00,48.00,33.95,19.00,18.00,8.00,7.00,5.00
2026-03-18T17:34:00Z,,,,,,93.00,,85.00,74.00,62.00,48.00,32.00,19.00,18.00,8.00,7.00,5.00
2026-03-18T17:46:00Z,,,,,,93.00,,85.00,74.00,62.00,45.00,32.00,19.00,18.00,8.00,7.00,5.00
2026-03-18T17:48:00Z,,,,,,93.00,,85.00,74.00,62.00,45.00,32.00,19.00,18.00,8.00,7.00,5.00
2026-03-18T18:01:00Z,,,,,,93.00,,85.00,74.00,62.00,45.00,32.00,19.00,18.00,8.00,7.00,5.00
2026-03-18T18:28:00Z,,,,,,93.00,,85.00,74.00,65.00,45.00,32.00,19.00,18.00,8.00,7.00,5.00
2026-03-18T19:07:00Z,,,,,,93.00,,85.00,74.00,65.00,47.00,32.00,19.00,18.00,8.00,7.00,5.00
2026-03-18T19:43:00Z,,,,,,93.00,,85.00,74.00,64.40,47.00,32.00,19.00,18.00,8.00,7.00,5.00
2026-03-18T20:55:00Z,,,,,,93.00,,85.00,74.00,64.40,47.00,32.74,19.00,18.00,8.00,7.00,5.00
2026-03-18T22:44:00Z,,,,,,93.00,,85.00,74.00,64.40,47.00,32.29,19.00,18.00,8.00,7.00,5.00
2026-03-18T22:45:00Z,,,,,,93.00,,85.00,74.00,64.40,47.00,32.29,22.72,18.00,8.00,7.00,5.00
2026-03-18T23:36:00Z,,,,,,93.00,,85.00,74.00,64.40,47.00,34.40,22.72,18.00,8.00,7.00,5.00
2026-03-19T00:28:00Z,,,,,,93.00,,85.00,74.00,64.40,47.00,34.40,22.72,18.00,7.00,7.00,5.00
2026-03-19T00:52:00Z,,,,,,93.00,,85.00,74.00,64.40,48.00,34.40,22.72,18.00,7.00,7.00,5.00
2026-03-19T01:14:00Z,,,,,,93.00,,85.00,74.00,64.00,48.00,34.40,22.72,18.00,7.00,7.00,5.00
2026-03-19T02:24:00Z,,,,,,93.00,,85.00,74.00,65.90,48.00,34.40,22.72,18.00,7.00,7.00,5.00
2026-03-19T05:30:00Z,,,,,,93.00,,85.00,74.00,65.90,48.00,34.40,22.72,16.00,7.00,7.00,5.00
2026-03-19T05:49:00Z,,,,,,93.00,,85.00,74.00,65.90,48.00,35.18,22.72,16.00,7.00,7.00,5.00
2026-03-19T06:24:00Z,,,,,,93.00,,85.00,74.00,65.90,49.00,35.18,22.72,16.00,7.00,7.00,5.00
2026-03-19T06:34:00Z,,,,,,93.00,,85.00,74.00,65.90,49.00,35.18,23.25,16.00,7.00,7.00,5.00
2026-03-19T06:50:00Z,,,,,,93.00,,85.00,74.00,65.90,49.00,35.18,19.00,16.00,7.00,7.00,5.00
2026-03-19T10:16:00Z,,,,,,93.00,,85.00,74.00,65.90,49.00,35.18,19.00,16.00,7.00,7.00,5.00
2026-03-19T13:35:00Z,,,,,,93.00,,85.00,74.00,65.90,49.00,35.18,19.00,16.00,7.00,7.00,5.00
2026-03-19T14:59:00Z,,,,,,93.00,,85.00,74.00,65.90,49.00,32.00,19.00,16.00,7.00,7.00,5.00
2026-03-19T15:04:00Z,,,,,,93.00,,85.00,74.00,65.90,49.00,32.00,19.00,16.00,7.54,7.00,5.00
2026-03-19T15:59:00Z,,,,,,93.00,,85.00,74.00,65.90,49.00,32.00,19.00,16.00,7.54,7.00,1.00
2026-03-19T16:18:00Z,,,,,,93.00,,85.00,74.00,63.00,49.00,32.00,19.00,16.00,7.54,7.00,1.00
2026-03-19T16:40:00Z,,,,,,92.89,,85.00,74.00,63.00,49.00,32.00,19.00,16.00,7.54,7.00,1.00
2026-03-19T16:41:00Z,,,,,,92.89,,85.00,74.00,63.00,49.00,32.00,19.00,16.00,7.54,7.00,1.00
2026-03-19T16:42:00Z,,,,,,92.89,,85.00,74.00,63.00,49.00,32.00,19.00,16.00,7.36,7.00,1.00
2026-03-19T17:47:00Z,,,,,,92.89,,85.00,74.00,63.00,46.00,32.00,19.00,16.00,7.36,7.00,1.00
2026-03-19T17:48:00Z,,,,,,92.89,,85.00,74.00,63.00,46.00,32.00,19.00,16.00,7.36,7.00,1.00
2026-03-19T18:22:00Z,,,,,,92.89,,85.00,74.00,63.00,46.00,31.00,19.00,16.00,7.36,7.00,1.00
2026-03-19T18:23:00Z,,,,,,92.89,,85.00,74.00,63.00,46.00,31.00,18.00,16.00,7.36,7.00,1.00
2026-03-19T18:30:00Z,,,,,,92.89,,85.00,74.00,63.00,46.00,31.00,18.00,16.00,7.36,7.00,1.00
2026-03-19T20:18:00Z,,,,,,92.89,,85.00,74.00,63.56,46.00,31.00,18.00,16.00,7.36,7.00,1.00
2026-03-19T20:49:00Z,,,,,,92.89,,85.00,74.00,63.00,51.00,31.00,18.00,16.00,7.36,7.00,1.00
2026-03-19T21:11:00Z,,,,,,92.89,,85.00,74.00,63.00,51.00,33.00,18.00,16.00,6.85,7.00,1.00
2026-03-19T21:24:00Z,,,,,,87.01,,85.00,74.00,63.00,51.00,33.00,18.00,16.00,6.85,7.00,1.00
2026-03-19T22:17:00Z,,,,,,87.01,,85.00,74.00,63.00,51.00,36.00,18.00,16.00,6.85,7.00,1.00
2026-03-19T22:56:00Z,,,,,,87.01,,85.00,74.00,63.00,51.00,36.00,18.00,16.00,6.85,7.00,1.00
2026-03-19T22:59:00Z,,,,,,87.01,,85.00,74.00,63.00,51.00,36.00,20.00,16.00,6.85,7.00,1.00
2026-03-19T23:00:00Z,,,,,,87.01,,85.00,74.00,63.00,51.00,36.00,20.00,16.00,6.85,7.00,1.00
2026-03-19T23:02:00Z,,,,,,87.01,,85.00,74.00,63.00,51.00,36.00,24.75,16.00,6.85,7.00,1.00
2026-03-19T23:31:00Z,,,,,,87.01,,85.00,74.00,63.00,51.00,36.00,27.47,16.00,6.85,7.00,1.00
2026-03-20T00:06:00Z,,,,,,87.01,,85.00,74.00,63.00,51.00,35.00,27.47,16.00,6.85,7.00,1.00
2026-03-20T01:15:00Z,,,,,,87.01,,85.00,74.00,63.00,47.00,35.00,27.47,16.00,6.85,7.00,1.00
2026-03-20T01:22:00Z,,,,,,87.01,,85.00,74.00,63.00,47.00,31.00,27.47,16.00,6.85,7.00,1.00
2026-03-20T01:23:00Z,,,,,,87.01,,85.00,74.00,60.85,43.99,31.00,27.47,16.00,6.85,7.00,1.00
2026-03-20T02:04:00Z,,,,,,87.01,,85.00,74.00,60.85,43.99,31.00,24.00,16.00,6.85,7.00,1.00
2026-03-20T02:51:00Z,,,,,,87.01,,85.00,74.00,60.85,43.99,35.00,24.00,16.00,6.85,7.00,1.00
2026-03-20T03:12:00Z,,,,,,87.01,,85.00,74.00,60.85,43.99,35.00,24.00,14.00,6.85,7.00,1.00
2026-03-20T03:32:00Z,,,,,,87.01,,85.00,74.00,60.85,43.99,35.00,24.00,14.00,6.85,8.00,1.00
2026-03-20T04:22:00Z,,,,,,87.01,,85.00,74.00,60.85,43.99,35.00,22.00,14.00,6.85,8.00,1.00
2026-03-20T05:41:00Z,,,,,,87.01,,85.00,74.00,60.47,43.99,35.00,22.00,14.00,6.85,8.00,1.00
2026-03-20T05:44:00Z,,,,,,87.01,,85.00,72.00,60.47,43.99,35.00,22.00,14.00,6.85,8.00,1.00
2026-03-20T08:06:00Z,,,,,,87.01,,85.00,72.00,60.47,46.30,35.00,22.00,14.00,6.85,8.00,1.00
2026-03-20T09:22:00Z,,,,,,87.01,,85.00,72.00,60.47,46.30,35.23,22.00,14.00,6.85,8.00,1.00
2026-03-20T13:44:00Z,,,,,,87.01,,85.00,72.00,60.47,46.30,35.23,22.00,16.96,6.85,8.00,1.00
2026-03-20T13:47:00Z,,,,,,87.01,,85.00,72.00,60.47,46.30,35.23,22.00,13.30,6.85,8.00,1.00
2026-03-20T14:30:00Z,,,,,,87.01,,85.00,72.00,60.47,46.30,35.23,25.00,13.30,6.85,8.00,1.00
2026-03-20T15:37:00Z,,,,,,87.01,,85.00,72.00,60.47,46.30,35.23,25.00,13.30,6.85,1.00,1.00
2026-03-20T17:53:00Z,,,,,,87.01,,85.00,72.00,65.00,46.30,35.23,25.00,13.30,6.85,1.00,1.00
2026-03-20T18:10:00Z,,,,,,87.01,,85.00,72.00,65.00,45.00,35.23,25.00,13.30,6.85,1.00,1.00
2026-03-20T19:03:00Z,,,,,,87.01,,85.00,72.00,65.00,45.00,31.00,25.00,13.30,8.00,1.00,1.00
2026-03-20T20:57:00Z,,,,,,87.01,,85.00,72.00,65.00,45.00,31.00,25.00,13.30,8.00,1.00,1.00
2026-03-20T21:05:00Z,,,,,,87.01,,85.00,72.00,65.00,45.00,31.00,25.00,13.30,8.00,1.00,1.00
2026-03-20T21:08:00Z,,,,,,87.01,,85.00,72.00,64.00,45.00,31.00,25.00,13.30,8.00,1.00,1.00
2026-03-20T21:10:00Z,,,,,,87.01,,85.00,72.00,64.00,45.00,33.53,25.00,13.30,8.00,1.00,1.00
2026-03-20T21:13:00Z,,,,,,87.01,,85.00,72.00,64.00,45.00,30.10,25.00,13.30,8.00,1.00,1.00
2026-03-20T21:56:00Z,,,,,,87.01,,85.00,72.00,60.00,45.00,30.10,25.00,13.30,8.00,1.00,1.00
2026-03-20T23:14:00Z,,,,,,87.01,,85.00,72.00,60.00,45.00,30.10,25.00,13.00,8.00,1.00,1.00
2026-03-20T23:22:00Z,,,,,,87.01,,85.00,72.00,60.00,45.00,33.00,25.00,13.00,8.00,1.00,1.00
2026-03-20T23:23:00Z,,,,,,87.01,,85.00,72.00,60.00,45.00,33.00,25.00,13.00,8.00,1.00,1.00
2026-03-20T23:38:00Z,,,,,,87.01,,85.00,72.00,60.00,48.00,33.00,25.00,13.00,8.00,1.00,1.00
2026-03-21T01:16:00Z,,,,,,87.01,,85.00,72.00,60.00,48.00,29.57,25.00,13.00,8.00,1.00,1.00
2026-03-21T01:32:00Z,,,,,,87.01,,85.00,72.00,60.00,48.00,29.57,21.00,13.00,8.00,1.00,1.00
2026-03-21T02:41:00Z,,,,,,87.01,,85.00,72.00,60.00,48.00,31.87,21.00,13.00,8.00,1.00,1.00
2026-03-21T03:55:00Z,,,,,,87.01,,85.00,72.00,65.00,48.00,31.87,21.00,13.00,8.00,1.00,1.00
2026-03-21T03:59:00Z,,,,,,87.01,,85.00,72.00,65.00,48.00,32.20,21.00,13.00,8.00,1.00,1.00
2026-03-21T04:32:00Z,,,,,,87.01,,85.00,72.00,65.50,48.00,32.20,21.00,13.00,8.00,1.00,1.00
2026-03-21T04:47:00Z,,,,,,87.01,,85.00,72.00,65.00,48.00,32.20,21.00,13.00,8.00,1.00,1.00
2026-03-21T05:03:00Z,,,,,,87.01,,85.00,72.00,65.00,48.00,30.00,21.00,13.00,8.00,1.00,1.00
2026-03-21T05:33:00Z,,,,,,87.01,,85.00,72.00,65.00,48.00,30.00,21.00,13.00,8.00,1.00,1.00
2026-03-21T05:46:00Z,,,,,,87.01,,85.00,72.00,65.00,50.78,30.00,21.00,13.00,8.00,1.00,1.00
2026-03-21T06:10:00Z,,,,,,87.01,,85.00,72.00,65.00,50.78,31.00,21.00,13.00,8.00,1.00,1.00
2026-03-21T06:20:00Z,,,,,,87.01,,85.00,72.00,65.00,49.36,31.00,21.00,13.00,8.00,1.00,1.00
2026-03-21T07:43:00Z,,,,,,87.01,,85.00,72.00,65.00,46.00,31.00,21.00,13.00,8.00,1.00,1.00
2026-03-21T08:32:00Z,,,,,,87.01,,85.00,72.00,65.00,49.33,31.00,21.00,13.00,8.00,1.00,1.00
2026-03-21T09:59:00Z,,,,,,87.01,,85.00,72.00,65.00,48.00,31.00,21.00,13.00,8.00,1.00,1.00
2026-03-21T11:21:00Z,,,,,,87.01,,85.00,72.00,65.00,48.00,31.00,21.00,17.24,8.00,1.00,1.00
2026-03-21T11:54:00Z,,,,,,87.01,,85.00,72.00,65.00,48.00,31.00,21.00,17.00,8.00,1.00,1.00
2026-03-21T12:01:00Z,,,,,,87.01,,85.00,72.00,65.00,48.00,31.00,21.00,17.00,8.00,1.00,1.00
2026-03-21T12:28:00Z,,,,,,87.01,,85.00,75.00,66.00,48.00,31.00,21.00,17.00,8.00,1.00,1.00
2026-03-21T12:29:00Z,,,,,,87.01,,85.00,75.00,66.00,47.96,31.00,21.00,17.00,8.00,1.00,1.00
2026-03-21T12:30:00Z,,,,,,87.01,,87.00,75.00,66.00,47.96,31.00,21.00,17.00,8.00,1.00,1.00
2026-03-21T13:15:00Z,,,,,,87.01,,87.00,75.00,67.00,47.96,31.00,21.00,17.00,8.00,1.00,1.00
2026-03-21T14:50:00Z,,,,,,87.01,,87.00,75.00,67.00,50.78,31.00,21.00,17.00,8.00,1.00,1.00
2026-03-21T15:53:00Z,,,,,,87.01,,87.00,75.00,67.00,47.08,31.00,21.00,17.00,8.00,1.00,1.00
2026-03-21T16:48:00Z,,,,,,87.01,,87.00,75.00,67.00,47.08,31.00,21.00,17.00,8.00,1.00,1.00
2026-03-21T16:58:00Z,,,,,,87.01,,87.00,75.00,67.00,47.08,31.00,21.00,17.00,8.00,1.00,1.00
2026-03-21T17:05:00Z,,,,,,87.01,,87.00,75.00,67.00,50.00,31.00,21.00,17.00,8.00,1.00,1.00
2026-03-21T17:17:00Z,,,,,,87.01,,87.00,75.00,67.00,50.00,32.00,21.00,17.00,8.00,1.00,1.00
2026-03-21T17:20:00Z,,,,,,87.01,,87.00,75.00,67.00,50.00,32.00,21.00,17.00,8.00,1.00,1.00
2026-03-21T17:21:00Z,,,,,,87.01,,87.00,75.00,67.00,50.00,32.00,21.00,17.00,8.00,4.00,1.00
2026-03-21T18:10:00Z,,,,,,87.01,,87.00,75.00,67.00,50.42,32.00,21.00,17.00,8.00,4.00,1.00
2026-03-21T19:06:00Z,,,,,,87.01,,87.00,75.00,61.69,50.42,32.00,21.00,17.00,8.00,4.00,1.00
2026-03-21T19:09:00Z,,,,,,87.01,,87.00,75.00,61.69,50.42,32.00,21.00,14.00,8.00,4.00,1.00
2026-03-21T19:13:00Z,,,,,,87.01,,87.00,75.00,61.69,50.42,32.00,21.00,13.00,8.00,4.00,1.00
2026-03-21T19:20:00Z,,,,,,87.01,,87.00,75.00,61.69,50.00,32.00,21.00,13.00,8.00,4.00,1.00
2026-03-21T19:41:00Z,,,,,,87.01,,87.00,75.00,61.69,50.00,31.00,21.00,13.00,8.00,4.00,1.00
2026-03-21T20:32:00Z,,,,,,87.01,,87.00,75.00,61.69,50.00,31.00,21.00,13.00,8.00,4.00,1.00
2026-03-21T20:54:00Z,,,,,,87.01,,87.00,75.00,61.69,50.00,31.00,21.00,13.00,8.00,4.00,1.00
2026-03-21T20:59:00Z,,,,,,87.01,,87.00,75.00,60.27,50.00,31.00,21.00,13.00,8.00,4.00,1.00
2026-03-21T21:15:00Z,,,,,,87.01,,87.00,75.00,60.27,50.00,31.00,25.11,13.00,8.00,4.00,1.00
2026-03-21T21:16:00Z,,,,,,87.01,,87.00,75.00,60.27,50.00,31.00,25.11,13.00,7.10,4.00,1.00
2026-03-21T21:29:00Z,,,,,,87.01,,87.00,75.00,60.27,50.00,31.00,25.11,13.00,7.10,4.00,1.00
2026-03-21T21:58:00Z,,,,,,87.01,,87.00,75.00,60.27,49.00,31.00,25.11,13.00,7.10,4.00,1.00
2026-03-21T22:35:00Z,,,,,,87.01,,87.00,75.00,66.00,49.00,31.00,25.11,13.00,7.10,4.00,1.00
2026-03-21T23:02:00Z,,,,,,87.01,,87.00,71.39,66.00,49.00,31.00,25.11,13.00,7.10,4.00,1.00
2026-03-21T23:24:00Z,,,,,,87.01,,87.00,71.39,66.00,49.00,30.00,25.11,13.00,7.10,4.00,1.00
2026-03-21T23:53:00Z,,,,,,87.01,,87.00,71.39,66.00,51.00,30.00,25.11,13.00,7.10,4.00,1.00
2026-03-21T23:57:00Z,,,,,,87.01,,87.00,71.39,66.00,51.00,30.00,25.11,13.00,7.00,4.00,1.00
2026-03-22T02:07:00Z,,,,,,87.01,,87.00,71.39,60.00,51.00,30.00,25.11,13.00,7.00,4.00,1.00
2026-03-22T03:32:00Z,,,,,,87.01,,87.00,71.39,65.00,51.00,30.00,25.11,13.00,7.00,4.00,1.00
2026-03-22T04:33:00Z,,,,,,87.01,,87.00,71.39,65.00,51.00,30.00,25.11,13.00,7.00,4.00,1.00
2026-03-22T05:04:00Z,,,,,,87.01,,87.00,71.39,65.00,51.00,30.00,25.11,13.00,7.00,4.00,1.00
2026-03-22T05:15:00Z,,,,,,93.00,,87.00,71.39,65.00,51.00,30.00,25.11,13.00,7.00,4.00,1.00
2026-03-22T06:10:00Z,,,,,,93.00,,87.00,71.39,65.00,51.00,30.00,24.00,13.00,7.00,4.00,1.00
2026-03-22T07:09:00Z,,,,,,93.00,,87.00,71.39,63.50,51.00,30.00,24.00,13.00,7.00,4.00,1.00
2026-03-22T07:18:00Z,,,,,,93.00,,87.00,71.39,63.50,50.00,30.00,24.00,13.00,7.00,4.00,1.00
2026-03-22T12:01:00Z,,,,,,93.00,,87.00,71.39,63.50,50.00,30.00,24.00,13.00,7.00,4.00,1.00
2026-03-22T16:00:00Z,,,,,,93.00,,87.00,71.39,63.50,50.00,30.00,24.00,13.97,7.00,4.00,1.00
2026-03-22T16:35:00Z,,,,,,93.00,,87.00,73.00,63.50,50.00,30.00,24.00,13.97,7.00,4.00,1.00
2026-03-22T16:36:00Z,,,,,,93.00,,87.00,73.00,63.50,50.00,30.00,24.00,13.97,7.00,4.00,1.00
2026-03-22T17:05:00Z,,,,,,93.00,,87.00,73.00,63.50,50.00,29.00,24.00,13.97,7.00,4.00,1.00
2026-03-22T17:18:00Z,,,,,,93.00,,85.86,73.00,63.50,50.00,29.00,24.00,13.97,7.00,4.00,1.00
2026-03-22T17:20:00Z,,,,,,93.00,,85.86,75.79,63.50,50.00,29.00,24.00,13.97,7.00,4.00,1.00
2026-03-22T17:21:00Z,,,,,,93.00,,85.86,78.97,63.50,50.00,29.00,24.00,13.97,7.00,4.00,1.00
2026-03-22T18:45:00Z,,,,,,93.00,,85.86,78.97,63.50,50.08,29.00,24.00,13.97,7.00,4.00,1.00
2026-03-22T18:58:00Z,,,,,,93.00,,85.86,78.97,63.50,50.08,35.00,24.00,13.97,7.00,4.00,1.00
2026-03-22T18:59:00Z,,,,,,93.00,,85.86,78.97,63.50,50.08,36.00,24.00,13.97,7.00,4.00,1.00
2026-03-22T19:01:00Z,,,,,,93.00,,85.86,78.97,63.50,51.00,36.00,24.00,13.97,7.00,4.00,1.00
2026-03-22T19:19:00Z,,,,,,93.00,,85.86,78.97,63.50,51.00,36.00,27.00,13.97,7.00,4.00,1.00
2026-03-22T19:26:00Z,,,,,,93.00,,85.86,78.97,63.50,51.00,36.00,21.00,13.97,7.00,4.00,1.00
2026-03-22T19:27:00Z,,,,,,93.00,,85.86,78.97,63.50,51.00,35.00,21.00,13.97,7.00,4.00,1.00
2026-03-22T19:29:00Z,,,,,,93.00,,85.86,78.97,63.50,51.00,35.00,21.00,13.97,7.00,4.00,1.00
2026-03-22T19:32:00Z,,,,,,93.00,,85.86,78.97,63.50,48.09,35.00,21.00,13.97,7.00,4.00,1.00
2026-03-22T20:20:00Z,,,,,,93.00,,85.86,78.97,63.50,48.09,35.00,21.00,13.97,5.92,4.00,1.00
2026-03-22T20:37:00Z,,,,,,93.00,,85.86,78.97,63.50,48.09,36.00,21.00,13.97,5.92,4.00,1.00
2026-03-22T20:41:00Z,,,,,,93.00,,85.86,78.97,63.50,48.09,36.00,21.00,13.97,5.92,4.00,1.00
2026-03-22T20:52:00Z,,,,,,93.00,,85.86,78.97,63.50,50.00,36.00,21.00,13.97,5.92,4.00,1.00
2026-03-22T21:31:00Z,,,,,,93.00,,85.86,78.97,63.50,50.00,30.21,21.00,13.97,5.92,4.00,1.00
2026-03-22T22:56:00Z,,,,,,93.00,,85.86,78.97,63.50,50.00,30.21,21.00,13.97,5.92,4.00,1.00
2026-03-22T22:57:00Z,,,,,,93.00,,89.93,78.97,63.50,50.00,30.21,21.00,13.97,5.92,4.00,1.00
2026-03-22T23:08:00Z,,,,,,93.00,,89.93,78.97,63.50,50.44,30.21,21.00,13.97,5.92,4.00,1.00
2026-03-22T23:11:00Z,,,,,,93.00,,89.93,78.97,64.00,50.44,30.21,21.00,13.97,5.92,4.00,1.00
2026-03-22T23:34:00Z,,,,,,93.00,,89.93,78.97,64.00,51.00,30.21,21.00,13.97,5.92,4.00,1.00
2026-03-22T23:42:00Z,,,,,,93.00,,89.93,78.97,64.00,50.00,30.21,21.00,13.97,5.92,4.00,1.00
2026-03-22T23:59:00Z,,,,,,93.00,,89.93,78.97,64.00,50.00,30.21,21.00,14.00,5.92,4.00,1.00
2026-03-23T00:31:00Z,,,,,,93.00,,89.93,78.97,64.00,50.00,30.21,21.00,13.75,7.00,4.00,1.00
2026-03-23T00:32:00Z,,,,,,93.00,,89.93,78.97,64.00,50.00,30.21,25.00,13.75,7.00,4.00,1.00
2026-03-23T00:34:00Z,,,,,,93.00,,89.93,78.97,64.00,49.00,30.21,25.00,13.75,7.00,4.00,1.00
2026-03-23T00:43:00Z,,,,,,93.00,,89.93,78.97,64.00,49.00,32.91,25.00,13.75,7.00,4.00,1.00
2026-03-23T00:47:00Z,,,,,,93.00,,89.93,78.97,65.00,49.00,32.91,25.00,13.75,7.00,4.00,1.00
2026-03-23T00:50:00Z,,,,,,93.00,,89.93,78.97,65.00,49.00,32.91,25.00,13.75,7.00,4.00,1.00
2026-03-23T00:51:00Z,,,,,,93.00,,89.93,78.97,65.00,49.00,32.91,25.00,13.75,7.00,4.00,1.00
2026-03-23T01:03:00Z,,,,,,93.00,,89.93,78.97,65.00,49.00,32.91,25.00,14.63,7.00,4.00,1.00
2026-03-23T01:27:00Z,,,,,,93.00,,89.93,79.00,65.00,49.00,32.91,25.00,14.63,7.00,4.00,1.00
2026-03-23T01:29:00Z,,,,,,93.00,,89.93,79.00,65.00,49.00,32.91,25.00,14.63,7.00,4.00,1.00
2026-03-23T01:41:00Z,,,,,,93.00,,89.93,79.00,65.00,49.00,34.00,25.00,14.63,7.00,4.00,1.00
2026-03-23T01:56:00Z,,,,,,93.00,,89.93,79.00,66.00,49.00,34.00,25.00,14.63,7.00,4.00,1.00
2026-03-23T02:05:00Z,,,,,,93.00,,89.93,79.00,66.00,49.00,34.00,25.00,15.00,7.00,4.00,1.00
2026-03-23T02:08:00Z,,,,,,93.00,,89.93,79.00,65.00,49.00,34.00,25.00,15.00,7.00,4.00,1.00
2026-03-23T02:10:00Z,,,,,,93.00,,89.93,79.00,65.00,49.00,34.00,25.00,15.00,7.00,4.00,1.00
2026-03-23T02:16:00Z,,,,,,93.00,,89.93,79.00,68.00,49.00,34.00,25.00,15.00,7.00,4.00,1.00
2026-03-23T02:28:00Z,,,,,,93.00,,89.93,79.00,68.00,49.00,34.00,25.00,11.24,7.00,4.00,1.00
2026-03-23T02:37:00Z,,,,,,93.00,,89.93,79.00,68.00,49.00,34.00,25.00,11.24,7.00,4.00,1.00
2026-03-23T02:42:00Z,,,,,,93.00,,89.93,79.00,68.00,49.17,34.00,25.00,11.24,7.00,4.00,1.00
2026-03-23T02:43:00Z,,,,,,93.00,,89.93,79.00,68.00,50.00,34.00,25.00,11.24,7.00,4.00,1.00
2026-03-23T02:57:00Z,,,,,,93.00,,89.93,79.00,68.00,50.00,34.00,25.00,11.24,7.00,7.87,1.00
2026-03-23T02:59:00Z,,,,,,93.00,,89.93,79.00,68.00,50.00,32.83,25.00,11.24,7.00,7.87,1.00
2026-03-23T03:16:00Z,,,,,,93.00,,89.93,79.00,68.00,50.00,32.83,25.00,11.24,6.00,7.87,1.00
2026-03-23T03:27:00Z,,,,,,93.00,,89.93,79.00,68.00,50.00,32.83,25.00,11.24,6.00,7.87,1.00
2026-03-23T03:43:00Z,,,,,,93.00,,89.93,79.00,68.00,50.00,32.83,25.00,11.24,7.00,4.00,1.00
2026-03-23T03:52:00Z,,,,,,92.00,,89.93,79.00,68.00,50.00,32.83,25.00,11.24,7.00,4.00,1.00
2026-03-23T04:09:00Z,,,,,,92.00,,89.93,79.00,68.00,50.00,32.83,25.00,11.24,7.00,4.00,1.00
2026-03-23T04:11:00Z,,,,,,92.00,,89.93,79.00,68.00,50.00,32.83,25.00,11.24,7.00,4.00,1.00
2026-03-23T04:12:00Z,,,,,,92.00,,89.93,79.00,68.00,50.00,32.83,25.00,11.24,7.00,4.00,1.00
2026-03-23T04:18:00Z,,,,,,92.00,,89.93,79.00,68.00,49.00,32.83,25.00,11.24,7.00,4.00,1.00
2026-03-23T04:22:00Z,,,,,,92.00,,89.93,79.00,68.00,48.00,32.83,25.00,11.24,7.00,4.00,1.00
2026-03-23T04:27:00Z,,,,,,92.00,,89.93,79.00,68.00,48.00,32.83,25.00,11.24,7.00,4.00,1.00
2026-03-23T04:29:00Z,,,,,,92.00,,89.93,79.00,68.00,48.00,29.00,19.72,11.24,7.00,4.00,1.00
2026-03-23T05:01:00Z,,,,,,92.00,,89.93,79.00,68.00,48.00,32.40,19.72,11.24,7.00,4.00,1.00
2026-03-23T05:13:00Z,,,,,,92.00,,89.93,79.00,63.10,48.00,32.40,19.72,11.24,7.00,4.00,1.00
2026-03-23T05:21:00Z,,,,,,92.00,,89.93,79.00,63.10,48.00,32.91,19.72,11.24,7.00,4.00,1.00
2026-03-23T06:12:00Z,,,,,,92.00,,89.93,79.00,63.10,48.00,32.91,19.72,12.86,7.00,4.00,1.00
2026-03-23T07:45:00Z,,,,,,92.00,,89.93,79.00,63.10,48.00,36.00,19.72,12.86,7.00,4.00,1.00
2026-03-23T08:07:00Z,,,,,,92.00,,89.93,79.00,63.10,49.38,36.00,19.72,12.86,7.00,4.00,1.00
2026-03-23T09:04:00Z,,,,,,92.00,,89.93,79.00,63.10,50.00,36.00,19.72,12.86,7.00,4.00,1.00
2026-03-23T11:59:00Z,,,,,,92.00,,89.93,79.00,63.10,49.00,36.00,19.72,12.86,7.00,4.00,1.00
2026-03-23T12:08:00Z,,,,,,92.00,,89.93,79.00,63.10,49.00,36.99,19.72,12.86,7.00,4.00,1.00
2026-03-23T12:26:00Z,,,,,,92.00,,89.93,79.00,66.00,49.00,36.99,19.72,12.86,7.00,4.00,1.00
2026-03-23T12:37:00Z,,,,,,92.00,,89.93,79.00,66.00,50.00,36.99,19.72,12.86,7.00,4.00,1.00
2026-03-23T12:57:00Z,,,,,,92.00,,89.93,79.00,66.00,50.00,36.99,19.72,12.86,7.53,4.00,1.00
2026-03-23T13:34:00Z,,,,,,92.00,,89.93,79.00,66.00,49.50,36.99,19.72,12.86,7.53,4.00,1.00
2026-03-23T13:38:00Z,,,,,,92.00,,89.93,79.00,67.00,49.50,36.99,19.72,12.86,7.53,4.00,1.00
2026-03-23T13:58:00Z,,,,,,92.00,,89.93,79.00,67.00,49.50,37.00,19.72,12.86,7.53,4.00,1.00
2026-03-23T14:01:00Z,,,,,,92.00,,89.93,79.00,67.00,49.50,37.00,23.00,12.86,7.53,4.00,1.00
2026-03-23T14:02:00Z,,,,,,92.00,,89.93,76.05,67.00,49.50,37.00,23.00,12.86,7.53,4.00,1.00
2026-03-23T14:05:00Z,,,,,,92.00,,89.93,76.05,67.00,49.50,37.00,23.00,12.86,7.53,4.00,1.00
2026-03-23T14:06:00Z,,,,,,92.00,,89.93,76.05,67.00,49.50,30.93,23.00,12.86,7.53,4.00,1.00
2026-03-23T14:19:00Z,,,,,,92.09,,85.02,76.05,67.00,49.50,30.93,23.00,12.86,7.53,4.00,1.00
2026-03-23T14:26:00Z,,,,,,92.09,,85.02,76.05,67.00,49.50,35.00,23.00,12.86,7.53,4.00,1.00
2026-03-23T14:27:00Z,,,,,,92.09,,85.02,76.05,67.00,49.50,35.00,23.00,11.00,9.00,4.00,1.00
2026-03-23T14:31:00Z,,,,,,92.09,,85.02,76.05,67.00,50.00,35.00,23.00,11.00,9.00,4.00,1.00
2026-03-23T14:37:00Z,,,,,,92.09,,85.02,76.05,63.00,50.00,35.00,23.00,11.00,9.00,4.00,1.00
2026-03-23T14:49:00Z,,,,,,92.09,,85.02,76.05,63.00,50.00,35.00,23.00,11.00,9.00,4.00,1.00
2026-03-23T14:52:00Z,,,,,,92.09,,85.02,76.05,63.00,50.00,35.00,20.97,11.00,9.00,4.00,1.00
2026-03-23T15:20:00Z,,,,,,92.09,,85.02,76.05,63.00,50.00,35.00,20.97,11.00,9.00,4.00,1.00
2026-03-23T15:21:00Z,,,,,,92.09,,85.02,76.05,63.00,50.00,34.44,20.97,11.00,9.00,4.00,1.00
2026-03-23T15:22:00Z,,,,,,92.09,,85.02,76.05,63.00,50.00,34.44,20.97,11.00,9.00,4.00,1.00
2026-03-23T15:28:00Z,,,,,,92.09,,85.02,76.05,63.00,50.00,34.44,20.97,11.00,9.00,4.00,1.00
2026-03-23T15:29:00Z,,,,,,92.09,,85.02,76.05,63.00,50.00,34.44,20.97,11.00,9.00,4.00,1.00
2026-03-23T15:32:00Z,,,,,,92.09,,85.02,76.15,63.00,50.00,34.44,20.97,11.00,9.00,4.00,1.00
2026-03-23T15:47:00Z,,,,,,92.09,,85.02,76.15,63.00,50.00,34.44,20.97,11.00,9.00,4.00,1.00
2026-03-23T15:58:00Z,,,,,,92.09,,85.02,76.15,63.00,50.00,34.44,20.97,12.66,9.00,4.00,1.00
2026-03-23T16:05:00Z,,,,,,92.09,,85.02,76.15,63.00,50.00,34.44,20.97,12.66,9.00,4.00,1.00
2026-03-23T16:09:00Z,,,,,,92.09,,85.02,76.15,66.00,50.00,34.44,20.97,12.66,9.00,4.00,1.00
2026-03-23T16:17:00Z,,,,,,92.09,,85.02,76.00,66.00,50.00,34.44,20.97,12.66,9.00,4.00,1.00
2026-03-23T16:28:00Z,,,,,,92.09,,85.02,76.00,66.00,50.00,34.44,20.97,12.66,9.00,4.00,1.00
2026-03-23T16:29:00Z,,,,,,92.09,,85.02,76.00,66.00,50.00,34.44,20.97,12.66,9.00,4.00,1.00
2026-03-23T16:47:00Z,,,,,,92.09,,85.02,76.00,66.00,50.00,34.44,20.97,12.66,9.00,4.00,1.00
2026-03-23T16:51:00Z,,,,,,92.09,,85.02,76.00,66.00,50.00,34.44,20.97,12.66,9.00,4.00,1.00
2026-03-23T17:09:00Z,,,,,,92.09,,85.02,76.00,66.00,50.00,34.44,20.97,12.66,9.00,4.00,1.00
2026-03-23T17:16:00Z,,,,,,92.09,,85.02,76.00,66.00,50.00,34.44,20.97,12.66,9.00,4.00,1.00
2026-03-23T17:19:00Z,,,,,,92.09,,85.02,76.00,66.00,50.00,34.44,20.97,12.66,9.00,4.00,1.00
2026-03-23T17:21:00Z,,,,,,92.00,,85.02,76.00,66.00,33.74,34.44,20.97,12.66,9.00,4.00,1.00
2026-03-23T17:25:00Z,,,,,,92.00,,85.02,76.00,65.00,33.74,34.44,20.97,12.66,9.00,4.00,1.00
2026-03-23T17:30:00Z,,,,,,92.00,,85.02,76.00,62.00,33.74,34.44,20.97,12.66,9.00,4.00,1.00
2026-03-23T17:40:00Z,,,,,,92.00,,85.02,76.00,65.00,33.74,34.44,20.97,12.66,9.00,4.00,1.00
2026-03-23T17:48:00Z,,,,,,92.00,,85.02,76.00,66.00,33.74,34.44,20.97,12.66,9.00,4.00,1.00
2026-03-23T18:13:00Z,,,,,,92.00,,85.02,76.00,66.00,49.00,34.44,20.97,12.66,9.00,4.00,1.00
2026-03-23T18:16:00Z,,,,,,92.00,,85.02,76.00,66.00,49.00,34.44,20.97,12.66,9.00,4.00,1.00
2026-03-23T18:21:00Z,,,,,,92.00,,85.02,76.00,65.00,49.00,34.44,20.97,12.66,9.00,4.00,1.00
2026-03-23T18:25:00Z,,,,,,92.00,,85.02,76.00,65.00,49.00,35.00,20.97,12.66,9.00,4.00,1.00
2026-03-23T18:26:00Z,,,,,,92.00,,85.02,76.00,65.00,49.00,35.00,20.97,12.66,9.00,4.00,1.00
2026-03-23T18:32:00Z,,,,,,92.00,,85.00,76.00,65.00,49.00,35.00,20.97,12.66,9.00,4.00,1.00
2026-03-23T18:44:00Z,,,,,,92.00,,85.00,76.00,65.00,44.00,35.00,20.97,12.66,9.00,4.00,1.00
2026-03-23T18:47:00Z,,,,,,92.00,,85.00,76.00,65.00,44.00,36.55,20.97,12.66,9.00,4.00,1.00
2026-03-23T18:57:00Z,,,,,,92.00,,85.00,76.00,65.00,43.00,36.55,20.97,12.66,9.00,4.00,1.00
2026-03-23T19:07:00Z,,,,,,92.00,,85.00,76.00,65.00,43.00,36.55,20.97,12.66,9.00,4.00,1.00
2026-03-23T19:18:00Z,,,,,,92.00,,85.00,76.00,65.00,48.00,36.55,20.97,12.66,9.00,4.00,1.00
2026-03-23T19:21:00Z,,,,,,92.00,,85.00,76.00,65.00,48.00,36.55,20.97,12.66,9.00,4.00,1.00
2026-03-23T19:28:00Z,,,,,,92.00,,85.00,76.00,65.00,48.00,32.00,20.97,12.66,9.00,4.00,1.00
2026-03-23T19:37:00Z,,,,,,92.00,,85.00,76.00,65.09,48.00,32.00,20.97,12.66,9.00,4.00,1.00
2026-03-23T19:56:00Z,,,,,,92.00,,85.00,76.00,65.09,48.00,32.00,20.97,12.66,8.11,4.00,1.00
2026-03-23T19:58:00Z,,,,,,92.00,,85.00,76.00,65.09,48.00,32.00,20.97,12.66,8.11,4.00,1.00
2026-03-23T20:00:00Z,,,,,,92.00,,85.00,76.00,65.09,36.89,32.00,20.97,12.66,8.11,4.00,1.00
2026-03-23T20:10:00Z,,,,,,92.00,,85.00,76.00,65.09,36.89,33.00,20.97,12.66,8.11,4.00,1.00
2026-03-23T20:25:00Z,,,,,,92.00,,85.00,76.00,65.09,40.44,33.00,20.97,12.66,8.11,4.00,1.00
2026-03-23T20:33:00Z,,,,,,92.00,,85.00,76.00,65.09,47.00,33.00,20.97,12.66,8.11,4.00,1.00
2026-03-23T20:35:00Z,,,,,,92.00,,85.00,76.00,65.09,47.00,32.34,20.97,12.66,8.11,4.00,1.00
2026-03-23T20:49:00Z,,,,,,92.00,,85.00,76.00,65.09,44.00,32.34,20.97,12.66,8.11,4.00,1.00
2026-03-23T21:02:00Z,,,,,,92.00,,85.00,76.00,64.00,43.00,32.34,20.97,12.66,8.11,4.00,1.00
2026-03-23T21:04:00Z,,,,,,92.00,,85.00,76.00,64.00,43.00,32.34,20.97,12.66,8.11,4.00,1.00
2026-03-23T21:10:00Z,,,,,,92.00,,85.00,76.00,64.00,43.00,32.34,20.00,12.66,8.11,4.00,1.00
2026-03-23T21:14:00Z,,,,,,92.00,,85.00,76.00,64.00,43.00,32.34,20.00,12.66,8.11,4.00,1.00
2026-03-23T21:25:00Z,,,,,,92.00,,85.00,76.00,64.00,44.00,32.34,20.00,12.66,8.11,4.00,1.00
2026-03-23T21:29:00Z,,,,,,92.00,,85.00,76.44,64.00,44.00,32.34,20.00,12.66,8.11,4.00,1.00
2026-03-23T21:31:00Z,,,,,,92.00,,85.00,76.44,64.00,44.61,32.34,20.00,12.66,8.11,4.00,1.00
2026-03-23T21:33:00Z,,,,,,92.00,,85.00,76.44,64.00,45.00,32.34,20.00,12.66,8.11,4.00,1.00
2026-03-23T21:52:00Z,,,,,,92.00,,85.00,76.44,61.05,45.00,32.34,20.00,12.66,8.11,4.00,1.00
2026-03-23T22:06:00Z,,,,,,92.00,,85.00,78.00,61.05,45.00,32.34,20.00,12.66,8.11,4.00,1.00
2026-03-23T22:08:00Z,,,,,,92.00,,85.00,78.00,61.05,43.00,32.34,20.00,12.66,8.11,4.00,1.00
2026-03-23T22:14:00Z,,,,,,92.00,,85.00,78.00,61.05,43.00,32.34,20.00,12.66,8.11,4.00,1.00
2026-03-23T22:24:00Z,,,,,,92.00,,85.00,78.00,61.05,43.00,32.34,20.00,12.66,8.11,4.00,1.00
2026-03-23T22:25:00Z,,,,,,92.00,,85.00,78.00,61.05,43.00,32.34,20.00,12.66,8.11,4.00,1.00
2026-03-23T22:36:00Z,,,,,,92.00,,85.00,78.00,61.05,41.00,32.34,20.00,12.66,8.11,4.00,1.00
2026-03-23T22:47:00Z,,,,,,92.00,,85.00,78.00,61.05,41.00,32.34,20.00,12.66,6.00,4.00,1.00
2026-03-23T22:50:00Z,,,,,,92.00,,85.00,78.00,61.05,41.00,32.34,20.00,12.66,6.00,4.00,1.00
2026-03-23T22:55:00Z,,,,,,92.00,,85.00,78.00,61.05,44.00,32.34,20.00,12.66,6.00,4.00,1.00
2026-03-23T22:56:00Z,,,,,,92.00,,85.00,78.00,61.05,44.00,32.34,20.00,12.66,6.00,4.00,1.00
2026-03-23T23:25:00Z,,,,,,92.00,,85.00,78.00,61.05,44.00,32.34,20.00,12.66,6.00,4.00,1.00
2026-03-23T23:32:00Z,,,,,,92.00,,85.00,78.00,61.05,44.00,33.00,20.00,12.66,6.00,4.00,1.00
2026-03-23T23:35:00Z,,,,,,92.00,,85.00,78.00,61.05,44.00,33.00,20.00,12.66,6.00,4.00,1.00
2026-03-23T23:39:00Z,,,,,,92.00,,85.00,78.00,61.05,44.00,33.00,21.63,12.66,6.00,4.00,1.00
2026-03-24T00:03:00Z,,,,,,92.00,,85.00,75.00,61.05,44.00,33.00,21.63,12.66,6.00,4.00,1.00
2026-03-24T00:05:00Z,,,,,,92.00,,85.00,75.00,61.00,44.00,33.00,21.63,12.66,6.00,4.00,1.00
2026-03-24T00:13:00Z,,,,,,92.00,,85.00,75.00,61.00,44.00,33.00,21.63,12.66,6.00,4.00,1.00
2026-03-24T00:22:00Z,,,,,,92.00,,85.00,75.00,61.00,44.00,33.00,21.63,14.57,6.00,4.00,1.00
2026-03-24T00:35:00Z,,,,,,92.00,,85.00,75.00,61.00,44.00,33.00,21.63,15.96,6.00,4.00,1.00
2026-03-24T00:37:00Z,,,,,,92.00,,85.00,75.00,64.00,44.00,33.00,21.63,15.96,6.00,4.00,1.00
2026-03-24T00:40:00Z,,,,,,92.00,,85.00,74.45,64.00,44.00,33.00,21.63,15.96,6.00,4.00,1.00
2026-03-24T00:41:00Z,,,,,,91.00,,85.00,74.45,64.00,44.00,33.00,21.63,15.96,6.00,4.00,1.00
2026-03-24T00:44:00Z,,,,,,91.00,,85.00,74.45,64.00,44.00,33.00,21.63,15.96,6.00,4.00,1.00
2026-03-24T00:45:00Z,,,,,,91.00,,85.00,74.45,64.00,44.00,33.00,21.63,15.96,6.00,4.00,1.00
2026-03-24T00:47:00Z,,,,,,91.00,,85.00,74.45,64.00,42.20,33.00,21.63,15.96,6.00,4.00,1.00
2026-03-24T00:52:00Z,,,,,,91.00,,85.00,74.45,64.00,43.54,33.00,21.63,15.96,6.00,4.00,1.00
2026-03-24T00:53:00Z,,,,,,91.00,,85.00,74.45,64.00,43.95,33.00,21.63,15.96,6.00,4.00,1.00
2026-03-24T01:03:00Z,,,,,,91.00,,85.00,74.45,63.93,43.95,33.00,21.63,15.96,6.00,4.00,1.00
2026-03-24T01:06:00Z,,,,,,91.00,,86.00,74.45,63.93,41.14,33.00,21.63,15.96,6.00,4.00,1.00
2026-03-24T01:07:00Z,,,,,,91.00,,86.00,74.45,63.93,41.14,33.00,21.63,15.96,6.00,4.00,1.00
2026-03-24T01:17:00Z,,,,,,91.00,,86.00,74.45,63.93,41.14,31.00,21.63,15.96,6.00,4.00,1.00
2026-03-24T01:19:00Z,,,,,,91.00,,86.00,74.45,63.93,43.00,31.00,23.37,15.96,6.00,4.00,1.00
2026-03-24T01:32:00Z,,,,,,91.00,,86.00,74.45,64.91,43.00,31.00,23.37,15.96,6.00,4.00,1.00
2026-03-24T01:35:00Z,,,,,,91.00,,86.00,74.45,64.91,43.68,31.00,23.37,15.96,6.00,4.00,1.00
2026-03-24T01:37:00Z,,,,,,91.00,,86.00,74.45,64.91,43.68,31.00,23.37,14.66,6.00,4.00,1.00
2026-03-24T01:41:00Z,,,,,,91.00,,86.00,74.45,64.91,43.68,31.00,23.37,15.00,6.00,4.00,1.00
2026-03-24T02:16:00Z,,,,,,91.00,,86.00,74.45,64.91,44.00,31.00,22.00,15.00,6.00,3.35,1.00
2026-03-24T02:31:00Z,,,,,,91.00,,86.00,78.00,65.00,44.00,31.00,22.00,15.00,6.00,3.35,1.00
2026-03-24T02:32:00Z,,,,,,91.00,,86.00,78.00,65.00,44.00,31.00,22.00,15.00,6.00,3.35,1.00
2026-03-24T02:39:00Z,,,,,,91.00,,86.00,78.00,65.00,44.00,31.00,22.00,15.00,6.00,3.35,1.00
2026-03-24T02:40:00Z,,,,,,91.00,,86.00,75.13,61.90,44.00,31.00,22.00,15.00,6.00,3.35,1.00
2026-03-24T02:51:00Z,,,,,,91.00,,86.00,75.13,61.90,41.00,31.00,22.00,15.00,6.00,3.35,1.00
2026-03-24T02:53:00Z,,,,,,91.00,,86.00,75.13,61.80,41.00,31.00,22.00,15.00,6.00,3.35,1.00
2026-03-24T03:15:00Z,,,,,,91.00,,80.89,75.13,61.80,41.00,31.00,22.00,15.00,6.00,3.35,1.00
2026-03-24T03:16:00Z,,,,,,91.00,,80.89,75.13,64.62,41.00,31.00,22.00,15.00,6.00,3.35,1.00
2026-03-24T03:19:00Z,,,,,,91.00,,80.89,75.00,64.62,41.00,31.00,22.00,15.00,6.00,3.35,1.00
2026-03-24T03:20:00Z,,,,,,91.00,,80.89,75.00,64.87,43.46,31.00,22.00,15.00,6.00,3.35,1.00
2026-03-24T03:45:00Z,,,,,,91.00,,80.89,75.00,64.87,43.46,31.00,22.00,15.00,6.00,3.35,1.00
2026-03-24T03:52:00Z,,,,,,91.00,,80.89,75.00,64.87,44.00,31.00,22.00,15.00,6.00,3.35,1.00
2026-03-24T04:24:00Z,,,,,,91.00,,80.89,75.00,64.87,44.00,34.00,22.00,15.00,6.00,3.35,1.00
2026-03-24T04:27:00Z,,,,,,91.00,,80.89,75.00,64.87,44.00,31.00,22.00,15.00,6.00,3.35,1.00
2026-03-24T04:30:00Z,,,,,,91.00,,80.89,75.00,64.87,44.00,31.00,22.00,15.00,6.00,3.35,1.00
2026-03-24T04:32:00Z,,,,,,91.00,,80.89,75.00,64.87,44.00,34.00,22.00,15.00,6.00,3.35,1.00
2026-03-24T04:40:00Z,,,,,,91.00,,80.89,75.00,64.87,44.00,34.00,22.00,15.00,6.00,3.35,1.00
2026-03-24T05:04:00Z,,,,,,91.00,,80.89,75.00,64.87,44.00,34.00,22.00,12.94,6.00,3.35,1.00
2026-03-24T05:07:00Z,,,,,,91.00,,80.89,75.00,64.87,44.00,34.00,22.00,12.94,6.00,3.35,1.00
2026-03-24T05:09:00Z,,,,,,91.00,,80.89,75.00,64.87,44.00,31.00,22.00,12.94,6.00,3.35,1.00
2026-03-24T05:15:00Z,,,,,,91.00,,80.89,75.00,64.87,44.00,31.00,22.00,12.94,6.00,4.44,1.00
2026-03-24T05:16:00Z,,,,,,91.00,,80.89,75.00,64.87,44.00,31.00,21.80,12.94,6.00,4.44,1.00
2026-03-24T05:19:00Z,,,,,,91.00,,80.89,75.00,61.00,44.00,31.00,21.80,12.94,6.00,4.44,1.00
2026-03-24T05:40:00Z,,,,,,91.00,,80.89,75.00,61.00,44.00,31.00,21.80,12.94,6.00,5.00,1.00
2026-03-24T06:16:00Z,,,,,,91.00,,80.89,75.00,61.00,44.00,31.00,21.80,12.94,6.00,4.10,1.00
2026-03-24T06:40:00Z,,,,,,91.00,,80.89,75.00,61.00,44.00,31.00,21.80,12.94,5.99,4.10,1.00
2026-03-24T06:48:00Z,,,,,,91.00,,80.89,76.00,61.00,44.00,31.00,21.80,12.94,5.99,4.10,1.00
2026-03-24T10:20:00Z,,,,,,91.00,,80.89,76.00,61.00,44.00,31.00,21.80,12.94,5.99,4.10,1.00
2026-03-24T10:32:00Z,,,,,,91.00,,80.89,76.00,61.00,44.00,31.00,21.80,12.94,5.99,5.85,1.00
2026-03-24T10:48:00Z,,,,,,91.00,,80.89,76.00,61.00,44.00,31.00,21.80,12.94,5.99,5.85,1.00
2026-03-24T11:01:00Z,,,,,,91.00,,80.89,76.00,61.00,44.00,31.00,22.00,12.94,5.99,5.85,1.00
2026-03-24T12:50:00Z,,,,,,91.00,,80.89,76.00,61.00,44.00,31.00,22.00,12.94,5.99,4.35,1.00
2026-03-24T13:03:00Z,,,,,,91.00,,80.89,76.00,61.00,43.80,31.00,22.00,12.94,5.99,4.35,1.00
2026-03-24T13:08:00Z,,,,,,91.00,,80.89,76.00,63.70,43.80,31.00,22.00,12.94,5.99,4.35,1.00
2026-03-24T13:15:00Z,,,,,,91.00,,85.00,76.00,63.70,43.80,31.00,22.00,12.94,5.99,4.35,1.00
2026-03-24T13:49:00Z,,,,,,91.00,,85.00,76.00,63.70,43.80,31.00,22.00,12.94,5.99,4.35,1.00
2026-03-24T14:00:00Z,,,,,,91.00,,85.00,76.00,63.70,44.00,31.00,22.00,12.94,5.99,4.35,1.00
2026-03-24T14:06:00Z,,,,,,91.00,,85.00,76.00,63.70,44.00,31.00,22.00,12.94,5.99,6.36,1.00
2026-03-24T14:32:00Z,,,,,,91.00,,85.00,76.00,63.70,44.00,31.00,22.00,12.94,5.99,6.36,1.00
2026-03-24T14:35:00Z,,,,,,91.00,,85.00,76.00,63.70,44.00,29.98,22.00,12.94,5.99,6.36,1.00
2026-03-24T14:39:00Z,,,,,,91.00,,85.00,72.68,63.70,44.00,29.98,22.00,12.94,5.99,6.36,1.00
2026-03-24T14:43:00Z,,,,,,91.00,,85.00,72.68,63.94,44.00,29.98,22.00,12.94,5.99,6.36,1.00
2026-03-24T14:59:00Z,,,,,,91.00,,85.00,72.68,63.40,44.00,29.98,22.00,12.94,5.99,6.36,1.00
2026-03-24T15:10:00Z,,,,,,91.00,,86.00,72.68,63.40,44.00,28.00,22.00,12.94,5.99,6.36,1.00
2026-03-24T15:18:00Z,,,,,,91.00,,86.00,72.68,63.40,44.00,28.75,22.00,12.94,5.99,6.36,1.00
2026-03-24T15:22:00Z,,,,,,91.00,,86.00,72.68,63.62,44.00,28.75,22.00,12.94,5.99,6.36,1.00
2026-03-24T15:55:00Z,,,,,,91.00,,86.00,72.68,63.62,44.00,28.75,22.00,12.94,5.99,6.36,1.00
2026-03-24T16:06:00Z,,,,,,91.00,,86.00,72.68,63.62,44.00,28.75,22.00,12.94,5.99,6.36,1.00
2026-03-24T16:09:00Z,,,,,,91.00,,86.00,72.68,63.62,43.00,28.75,22.00,12.94,5.99,6.36,1.00
2026-03-24T16:15:00Z,,,,,,91.00,,86.00,72.68,62.77,43.00,28.75,22.00,12.94,5.99,6.36,1.00
2026-03-24T16:20:00Z,,,,,,91.00,,86.00,72.68,62.77,43.00,28.84,22.00,12.94,5.99,6.36,1.00
2026-03-24T16:37:00Z,,,,,,91.00,,86.00,72.68,62.87,43.00,28.84,22.00,12.94,5.99,6.36,1.00
2026-03-24T16:59:00Z,,,,,,91.00,,86.00,72.68,62.75,43.00,28.84,22.00,12.94,5.99,6.36,1.00
2026-03-24T17:06:00Z,,,,,,91.00,,86.00,72.68,62.75,43.00,28.84,22.00,12.94,5.99,6.36,1.00
2026-03-24T17:22:00Z,,,,,,91.00,,86.00,72.68,62.75,43.74,28.84,22.00,12.94,5.99,6.36,1.00
2026-03-24T17:30:00Z,,,,,,91.00,,86.00,72.68,62.75,43.74,30.00,22.00,12.94,5.99,6.36,1.00
2026-03-24T17:42:00Z,,,,,,91.00,,86.00,72.68,62.75,44.00,30.00,22.00,12.94,5.99,6.36,1.00
2026-03-24T17:51:00Z,,,,,,91.00,,86.00,72.68,61.00,44.00,30.00,22.00,12.94,5.99,6.36,1.00
2026-03-24T17:52:00Z,,,,,,91.00,,86.00,72.68,61.00,44.00,30.00,22.00,12.94,5.99,6.36,1.00
2026-03-24T17:55:00Z,,,,,,91.00,,86.00,72.68,61.00,44.00,26.00,22.00,12.94,5.99,6.36,1.00
2026-03-24T17:56:00Z,,,,,,91.00,,86.00,72.68,61.00,44.00,26.00,22.00,12.94,5.99,6.36,1.00
2026-03-24T18:02:00Z,,,,,,91.00,,86.00,72.68,61.00,44.47,26.00,22.00,12.94,5.99,6.36,1.00
2026-03-24T18:04:00Z,,,,,,91.00,,86.00,72.68,61.00,45.00,26.00,22.00,12.94,5.99,6.36,1.00
2026-03-24T18:18:00Z,,,,,,91.00,,86.00,72.68,62.00,45.94,26.00,22.00,12.94,5.99,6.36,1.00
2026-03-24T18:21:00Z,,,,,,91.00,,86.00,72.68,62.00,45.94,26.00,22.00,12.94,5.99,6.36,1.00
2026-03-24T18:23:00Z,,,,,,91.00,,86.00,72.68,62.00,47.40,26.00,22.00,12.94,5.99,6.36,1.00
2026-03-24T18:27:00Z,,,,,,91.00,,86.00,72.68,62.00,47.40,26.00,20.00,12.94,5.99,6.36,1.00
2026-03-24T18:32:00Z,,,,,,91.00,,86.00,72.68,62.00,47.40,30.00,20.00,12.94,5.99,6.36,1.00
2026-03-24T18:35:00Z,,,,,,91.00,,86.00,72.68,62.00,47.40,30.00,20.00,12.94,6.00,6.36,1.00
2026-03-24T19:05:00Z,,,,,,91.00,,86.00,72.68,62.00,48.00,30.00,20.00,12.94,6.00,6.36,1.00
2026-03-24T19:11:00Z,,,,,,91.00,,86.00,72.68,62.00,48.00,30.00,20.00,12.94,6.00,6.36,1.00
2026-03-24T19:13:00Z,,,,,,91.00,,86.00,72.68,62.00,48.00,30.00,20.00,12.94,6.31,6.36,1.00
2026-03-24T19:14:00Z,,,,,,91.00,,86.00,72.68,62.00,48.00,30.00,20.00,12.94,6.31,6.36,1.00
2026-03-24T19:18:00Z,,,,,,91.00,,86.00,72.68,62.00,48.00,30.00,20.00,12.94,6.31,6.36,1.00
2026-03-24T19:28:00Z,,,,,,91.00,,86.00,72.68,62.00,48.00,30.00,20.00,12.94,6.31,6.36,1.00
2026-03-24T19:29:00Z,,,,,,91.00,,86.00,72.68,62.00,47.00,30.00,20.00,12.94,6.31,6.36,1.00
2026-03-24T19:38:00Z,,,,,,91.00,,86.00,72.68,62.00,47.00,30.00,20.00,13.00,6.31,6.36,1.00
2026-03-24T19:47:00Z,,,,,,91.00,,86.00,72.68,62.00,47.00,30.00,22.05,13.00,6.31,6.36,1.00
2026-03-24T19:51:00Z,,,,,,91.00,,86.00,72.68,62.00,47.00,30.00,22.05,13.00,6.31,6.36,1.00
2026-03-24T19:53:00Z,,,,,,91.00,,86.00,72.68,62.00,47.00,30.00,22.05,13.00,6.31,6.36,1.00
2026-03-24T20:03:00Z,,,,,,91.00,,86.00,72.68,62.00,47.00,30.00,22.05,13.00,5.90,6.36,1.00
2026-03-24T20:07:00Z,,,,,,91.00,,86.00,72.68,62.25,47.00,30.00,22.05,13.00,5.90,6.36,1.00
2026-03-24T20:23:00Z,,,,,,91.00,,86.00,72.68,62.25,47.00,30.00,22.05,13.00,5.90,6.36,1.00
2026-03-24T20:41:00Z,,,,,,91.00,,86.00,72.68,62.25,47.00,27.97,22.05,13.00,5.90,6.36,1.00
2026-03-24T20:48:00Z,,,,,,91.00,,86.00,72.68,62.25,47.00,27.75,22.05,13.00,5.90,6.36,1.00
2026-03-24T21:00:00Z,,,,,,91.00,,86.00,74.00,64.00,47.00,27.75,22.05,13.00,5.90,6.36,1.00
2026-03-24T21:01:00Z,,,,,,93.00,,86.00,74.00,64.00,47.00,27.75,22.05,13.00,5.90,6.36,1.00
2026-03-24T21:02:00Z,,,,,,93.00,,86.00,74.00,64.00,47.00,27.75,22.05,13.00,5.90,4.50,1.00
2026-03-24T21:07:00Z,,,,,,93.00,,86.00,74.00,64.00,47.00,27.75,22.05,13.00,5.90,4.50,1.00
2026-03-24T21:08:00Z,,,,,,93.00,,86.00,74.00,64.00,47.00,27.75,22.05,13.00,5.90,4.50,1.00
2026-03-24T21:18:00Z,,,,,,93.00,,86.00,74.00,64.00,47.00,27.75,22.05,13.00,5.96,4.50,1.00
2026-03-24T21:19:00Z,,,,,,93.00,,86.00,74.00,64.00,47.00,27.75,22.05,14.00,6.00,6.00,1.00
2026-03-24T21:25:00Z,,,,,,93.00,,86.00,74.00,64.00,47.00,28.71,22.05,14.00,6.00,6.00,1.00
2026-03-24T21:34:00Z,,,,,,93.00,,86.00,74.00,60.00,47.00,28.71,22.05,14.00,6.00,6.00,1.00
2026-03-24T21:51:00Z,,,,,,93.00,,86.00,74.00,60.00,47.00,27.00,22.05,14.00,6.00,6.00,1.00
2026-03-24T22:02:00Z,,,,,,93.00,,86.00,74.00,60.00,47.00,27.00,22.05,14.00,7.00,6.00,1.00
2026-03-24T22:04:00Z,,,,,,93.00,,86.00,74.00,60.00,46.00,27.00,22.05,14.00,7.00,6.00,1.00
2026-03-24T22:06:00Z,,,,,,93.00,,86.00,74.00,60.00,46.00,27.00,22.05,14.00,7.00,6.00,1.00
2026-03-24T22:07:00Z,,,,,,93.00,,86.00,74.00,60.00,46.00,27.00,22.05,14.00,7.00,6.00,1.00
2026-03-24T22:12:00Z,,,,,,93.00,,86.00,74.00,60.00,46.00,27.00,22.05,14.00,7.00,6.00,1.00
2026-03-24T22:25:00Z,,,,,,93.00,,86.00,74.00,64.00,46.00,27.00,22.05,14.00,7.00,6.00,1.00
2026-03-24T22:29:00Z,,,,,,93.00,,86.00,74.00,64.00,46.00,32.00,22.05,14.00,7.00,6.00,1.00
2026-03-24T22:32:00Z,,,,,,93.00,,86.00,74.00,64.00,46.00,32.00,22.05,14.00,7.00,6.00,1.00
2026-03-24T22:35:00Z,,,,,,93.00,,86.00,74.00,64.00,46.00,32.00,22.05,14.00,7.00,6.00,1.00
2026-03-24T22:37:00Z,,,,,,93.00,,87.00,74.00,64.00,46.00,32.00,22.05,14.00,7.00,6.00,1.00
2026-03-24T22:38:00Z,,,,,,93.00,,87.00,74.00,64.00,46.00,32.00,22.05,14.00,7.00,6.00,1.00
2026-03-24T22:47:00Z,,,,,,93.00,,87.00,74.00,64.00,41.52,32.00,22.05,14.00,7.00,6.00,1.00
2026-03-24T22:49:00Z,,,,,,93.00,,87.00,74.00,64.00,45.00,32.00,22.05,14.00,7.00,6.00,1.00
2026-03-24T23:41:00Z,,,,,,93.00,,87.00,74.00,64.00,45.00,32.00,22.05,14.00,7.00,6.00,1.00
2026-03-24T23:52:00Z,,,,,,93.00,,87.00,74.00,64.00,40.62,32.00,22.05,14.00,7.00,6.00,1.00
2026-03-25T00:11:00Z,,,,,,93.00,,87.00,74.00,64.00,45.00,32.00,22.05,14.00,7.00,6.00,1.00
2026-03-25T00:31:00Z,,,,,,93.00,,87.00,74.00,64.00,45.00,32.00,22.05,14.00,7.00,6.00,1.00
2026-03-25T00:58:00Z,,,,,,93.00,,87.00,74.00,64.00,41.50,32.00,22.05,14.00,7.00,6.00,1.00
2026-03-25T01:15:00Z,,,,,,93.00,,87.00,74.00,64.00,41.50,32.00,22.05,14.00,7.00,6.00,1.00
2026-03-25T01:17:00Z,,,,,,93.00,,87.00,74.00,64.00,41.50,32.00,22.05,14.00,5.00,6.00,1.00
2026-03-25T01:19:00Z,,,,,,93.00,,87.00,74.00,64.00,41.50,32.00,22.05,14.00,5.00,6.00,1.00
2026-03-25T01:34:00Z,,,,,,93.00,,87.00,74.00,64.00,41.50,32.00,22.05,14.00,5.00,6.00,1.00
2026-03-25T01:36:00Z,,,,,,93.00,,87.00,74.00,64.00,41.50,32.00,22.05,14.00,5.00,6.00,1.00
2026-03-25T01:42:00Z,,,,,,93.00,,87.00,74.00,64.00,45.38,32.00,22.05,14.00,5.00,6.00,1.00
2026-03-25T01:52:00Z,,,,,,93.00,,87.00,74.00,64.00,42.00,32.00,22.05,14.00,5.00,6.00,1.00
2026-03-25T02:01:00Z,,,,,,93.00,,87.00,74.00,64.00,47.00,32.00,22.05,14.00,5.00,6.00,1.00
2026-03-25T02:08:00Z,,,,,,93.00,,87.00,74.00,64.00,47.00,32.00,22.05,14.00,5.00,6.00,1.00
2026-03-25T02:18:00Z,,,,,,93.00,,87.00,74.00,64.00,47.00,32.00,22.05,15.00,5.00,6.00,1.00
2026-03-25T02:35:00Z,,,,,,93.00,,87.00,74.00,64.00,47.15,32.00,22.05,15.00,5.00,6.00,1.00
2026-03-25T02:38:00Z,,,,,,93.00,,87.00,74.00,64.00,41.16,32.00,22.05,15.00,5.00,6.00,1.00
2026-03-25T02:41:00Z,,,,,,93.00,,87.00,74.00,64.00,41.00,32.00,22.05,15.00,5.00,6.00,1.00
2026-03-25T02:48:00Z,,,,,,93.00,,87.00,74.00,64.00,47.00,32.00,22.05,15.00,5.00,6.00,1.00
2026-03-25T02:53:00Z,,,,,,93.00,,87.00,74.00,64.00,45.00,32.00,22.05,15.00,5.00,6.00,1.00
2026-03-25T02:56:00Z,,,,,,93.00,,87.00,74.00,64.00,45.00,32.00,22.05,15.00,5.00,6.00,1.00
2026-03-25T03:11:00Z,,,,,,93.00,,87.00,74.00,64.00,45.00,32.00,22.05,15.00,5.00,6.00,1.00
2026-03-25T03:23:00Z,,,,,,93.00,,87.00,74.00,63.89,45.00,32.00,22.05,15.00,5.00,6.00,1.00
2026-03-25T03:34:00Z,,,,,,93.00,,87.00,74.00,63.89,45.00,32.00,22.05,15.00,5.00,6.00,1.00
2026-03-25T03:51:00Z,,,,,,93.00,,87.00,74.00,63.53,45.00,32.00,22.05,15.00,5.00,6.00,1.00
2026-03-25T03:58:00Z,,,,,,93.00,,87.00,74.00,60.86,45.00,32.00,22.05,15.00,5.00,6.00,1.00
2026-03-25T04:04:00Z,,,,,,93.00,,87.00,74.00,60.86,45.00,32.00,22.05,15.00,5.00,6.00,1.00
2026-03-25T04:07:00Z,,,,,,93.00,,87.00,74.00,60.86,45.00,32.00,22.05,15.37,5.00,6.00,1.00
2026-03-25T04:23:00Z,,,,,,93.00,,87.00,74.00,60.86,45.00,32.00,22.05,16.00,5.00,6.00,1.00
2026-03-25T05:29:00Z,,,,,,93.00,,87.00,74.00,60.86,45.10,32.00,22.05,16.00,5.00,6.00,1.00
2026-03-25T06:06:00Z,,,,,,93.00,,87.00,74.00,60.86,45.10,32.00,22.05,16.00,5.00,6.00,1.00
2026-03-25T07:01:00Z,,,,,,93.00,,86.00,73.00,61.00,42.00,32.00,22.05,16.00,5.00,6.00,1.00
2026-03-25T07:22:00Z,,,,,,93.00,,86.00,73.00,61.00,45.00,32.00,22.05,16.00,5.00,6.00,1.00
2026-03-25T07:46:00Z,,,,,,93.00,,86.00,73.00,61.00,45.00,32.00,22.05,16.00,5.00,6.00,1.00
2026-03-25T07:49:00Z,,,,,,93.00,,86.00,73.00,63.14,45.00,32.00,22.05,16.00,5.00,6.00,1.00
2026-03-25T08:21:00Z,,,,,,93.00,,86.00,73.00,63.14,45.00,32.00,22.05,16.00,5.00,6.00,1.00
2026-03-25T09:12:00Z,,,,,,93.00,,86.00,73.00,59.50,45.00,32.00,22.05,16.00,5.00,6.00,1.00
2026-03-25T09:35:00Z,,,,,,93.00,,86.00,73.00,59.50,45.00,31.00,22.05,16.00,5.00,6.00,1.00
2026-03-25T10:29:00Z,,,,,,93.00,,86.00,73.00,59.50,45.00,31.00,22.05,16.00,5.00,6.00,1.00
2026-03-25T11:02:00Z,,,,,,93.00,,86.00,73.00,59.50,45.00,31.00,22.05,16.00,5.00,6.00,1.00
2026-03-25T11:43:00Z,,,,,,93.00,,86.00,73.00,59.50,45.00,31.00,22.05,15.00,5.00,6.00,1.00
2026-03-25T11:53:00Z,,,,,,93.00,,86.00,73.00,59.50,45.00,31.00,22.05,15.00,5.00,6.00,1.00
2026-03-25T12:27:00Z,,,,,,93.00,,86.00,73.00,59.50,45.00,32.00,22.05,15.00,5.00,6.00,1.00
2026-03-25T12:46:00Z,,,,,,93.00,,86.00,73.00,59.50,45.00,32.00,22.05,15.00,5.00,6.00,1.00
2026-03-25T12:57:00Z,,,,,,93.00,,86.00,73.00,56.00,45.00,32.00,22.05,15.00,5.00,6.00,1.00
2026-03-25T13:00:00Z,,,,,,93.00,,86.00,73.00,56.00,45.00,32.00,22.05,15.00,5.00,6.00,1.00
2026-03-25T13:06:00Z,,,,,,93.00,,86.00,73.00,61.46,45.00,32.00,22.05,15.00,5.00,6.00,1.00
2026-03-25T13:17:00Z,,,,,,93.00,,86.00,73.00,61.46,45.00,32.00,22.05,15.00,5.00,6.00,1.00
2026-03-25T13:50:00Z,,,,,,93.00,,86.00,73.00,62.00,45.00,32.00,22.05,15.00,5.00,6.00,1.00
2026-03-25T14:01:00Z,,,,,,93.00,,86.00,73.00,62.00,45.00,32.00,22.05,15.00,5.00,6.00,1.00
2026-03-25T14:02:00Z,,,,,,93.00,,86.00,73.00,62.00,45.00,32.00,22.05,15.00,5.00,6.00,1.00
2026-03-25T14:20:00Z,,,,,,93.00,,86.00,73.00,62.00,44.00,32.00,22.05,15.00,5.00,6.00,1.00
2026-03-25T14:41:00Z,,,,,,93.00,,86.00,73.00,62.00,41.02,32.00,22.05,15.00,5.00,6.00,1.00
2026-03-25T14:53:00Z,,,,,,93.00,,86.00,73.00,62.00,41.02,32.00,22.05,15.00,5.00,6.00,1.00
2026-03-25T14:57:00Z,,,,,,93.00,,85.14,73.00,62.00,41.02,32.00,22.05,13.31,5.00,4.00,1.00
2026-03-25T16:25:00Z,,,,,,92.96,,85.14,73.00,62.00,42.63,32.00,22.05,13.31,5.00,4.00,1.00
2026-03-25T16:46:00Z,,,,,,92.96,,85.14,73.00,62.00,42.63,32.00,22.05,12.00,5.00,4.00,1.00
2026-03-25T17:04:00Z,,,,,,92.96,,85.14,73.00,62.00,45.00,32.00,22.05,12.00,5.00,4.00,1.00
2026-03-25T17:25:00Z,,,,,,92.96,,85.14,73.00,62.00,43.00,32.00,22.05,12.00,5.00,4.00,1.00
2026-03-25T17:28:00Z,,,,,,92.96,,85.14,74.00,62.00,43.00,32.00,22.05,12.00,5.00,4.00,1.00
2026-03-25T17:34:00Z,,,,,,92.96,,85.14,74.00,62.00,43.00,32.00,22.05,12.00,5.00,4.00,1.00
2026-03-25T17:37:00Z,,,,,,92.96,,85.14,74.00,62.00,43.00,32.00,22.05,14.00,5.00,4.00,1.00
2026-03-25T17:42:00Z,,,,,,92.96,,85.14,74.00,56.31,43.00,32.00,22.05,14.00,5.00,4.00,1.00
2026-03-25T17:49:00Z,,,,,,92.96,,85.14,74.00,56.31,43.00,32.00,22.05,14.00,5.00,3.00,1.00
2026-03-25T18:00:00Z,,,,,,92.96,,85.14,74.00,56.31,43.00,32.00,22.05,14.00,5.00,3.00,1.00
2026-03-25T18:01:00Z,,,,,,92.96,,85.14,74.00,56.31,43.00,32.00,22.05,14.00,5.00,4.00,1.00
2026-03-25T18:06:00Z,,,,,,92.96,,85.14,74.00,56.31,43.00,32.00,22.05,14.00,5.00,3.85,1.00
2026-03-25T18:08:00Z,,,,,,92.96,,85.14,74.00,56.31,43.00,32.00,22.05,14.00,5.00,3.00,1.00
2026-03-25T18:10:00Z,,,,,,92.96,,85.14,74.00,56.31,43.00,32.00,22.05,14.00,5.00,3.09,1.00
2026-03-25T18:12:00Z,,,,,,92.96,,85.14,74.00,56.31,43.00,32.00,22.05,14.00,5.00,3.09,1.00
2026-03-25T18:13:00Z,,,,,,92.96,,85.14,74.00,56.31,43.00,32.00,22.05,14.00,5.00,3.09,1.00
2026-03-25T18:17:00Z,,,,,,92.96,,85.14,74.00,56.31,43.00,32.00,22.05,12.00,5.00,3.09,1.00
2026-03-25T18:19:00Z,,,,,,92.96,,85.14,74.00,56.31,43.00,32.00,22.05,14.00,5.00,3.09,1.00
2026-03-25T18:51:00Z,,,,,,92.96,,85.14,74.00,56.31,43.00,32.00,22.05,14.00,5.00,4.00,1.00
2026-03-25T18:52:00Z,,,,,,92.96,,85.14,74.00,56.31,43.00,32.00,22.05,14.00,6.00,4.00,1.00
2026-03-25T19:07:00Z,,,,,,92.96,,85.14,74.00,56.31,43.00,32.00,22.05,14.00,6.00,4.00,1.00
2026-03-25T19:33:00Z,,,,,,92.96,,85.14,74.00,56.31,44.00,32.00,22.05,14.00,6.00,4.00,1.00
2026-03-25T20:49:00Z,,,,,,92.96,,85.14,74.00,56.31,44.00,32.00,22.05,14.00,6.00,4.00,1.00
2026-03-25T21:19:00Z,,,,,,92.96,,85.14,74.00,56.31,44.00,28.00,22.05,14.00,6.00,4.00,1.00
2026-03-25T21:34:00Z,,,,,,92.96,,85.14,74.00,56.31,44.00,28.00,22.05,14.00,6.00,4.00,1.00
2026-03-25T22:34:00Z,,,,,,92.96,,85.14,74.00,61.00,44.00,28.00,22.05,14.00,6.00,4.00,1.00
2026-03-25T22:35:00Z,,,,,,92.96,,85.14,74.00,61.00,44.00,28.00,22.05,14.00,6.00,4.00,1.00
2026-03-26T01:05:00Z,,,,,,92.96,,85.14,74.00,61.00,44.00,28.00,22.05,14.00,6.00,4.00,1.00
2026-03-26T01:06:00Z,,,,,,92.96,,85.14,74.00,61.00,44.00,28.00,22.05,14.00,6.00,4.00,1.00
2026-03-26T01:25:00Z,,,,,,92.96,,85.14,74.00,61.00,44.00,28.00,22.05,14.00,6.00,4.00,1.00
2026-03-26T01:27:00Z,,,,,,92.96,,85.14,74.00,61.00,44.00,33.00,22.05,14.00,6.00,4.00,1.00
2026-03-26T02:00:00Z,,,,,,92.96,,85.14,74.00,61.00,44.00,28.00,22.05,14.00,6.00,4.00,1.00
2026-03-26T02:02:00Z,,,,,,92.96,,85.14,74.00,56.00,44.00,28.00,22.05,14.00,6.00,4.00,1.00
2026-03-26T02:19:00Z,,,,,,92.96,,84.00,74.00,56.00,44.00,28.00,22.05,14.00,6.00,4.00,1.00
2026-03-26T02:43:00Z,,,,,,92.96,,84.00,74.00,56.00,44.00,28.00,22.05,14.00,6.00,4.00,1.00
2026-03-26T02:52:00Z,,,,,,92.96,,84.00,74.00,56.00,43.00,28.00,22.05,14.00,6.00,4.00,1.00
2026-03-26T02:56:00Z,,,,,,92.96,,84.00,74.00,56.00,44.00,28.00,22.05,14.00,6.00,4.00,1.00
2026-03-26T03:26:00Z,,,,,,92.96,,84.00,74.00,56.00,43.00,28.00,22.05,14.00,6.00,4.00,1.00
2026-03-26T03:29:00Z,,,,,,92.96,,84.00,74.00,56.00,43.00,33.00,22.05,14.00,6.00,4.00,1.00
2026-03-26T04:00:00Z,,,,,,92.96,,84.00,74.00,56.00,43.00,33.00,22.05,14.00,6.00,4.00,1.00
2026-03-26T04:29:00Z,,,,,,92.96,,84.00,74.00,57.00,43.00,33.00,22.05,14.00,6.00,4.00,1.00
2026-03-26T04:30:00Z,,,,,,92.96,,83.00,74.00,57.00,43.00,33.00,22.05,14.00,6.00,4.00,1.00
2026-03-26T04:32:00Z,,,,,,90.00,,83.00,74.00,57.00,43.00,33.00,22.05,14.00,6.00,4.00,1.00
2026-03-26T04:34:00Z,,,,,,90.00,,83.00,74.00,54.00,43.00,33.00,22.05,14.00,6.00,4.00,1.00
2026-03-26T04:35:00Z,,,,,,90.00,,82.00,74.00,54.00,43.00,33.00,22.05,14.00,6.00,4.00,1.00
2026-03-26T05:13:00Z,,,,,,90.00,,82.00,74.00,53.00,43.00,33.00,22.05,14.00,6.00,4.00,1.00
2026-03-26T05:26:00Z,,,,,,90.00,,82.00,74.00,53.00,43.00,33.00,21.00,14.00,6.00,4.00,1.00
2026-03-26T05:27:00Z,,,,,,90.00,,82.00,74.00,53.00,43.00,33.00,21.00,14.00,6.00,4.00,1.00
2026-03-26T06:12:00Z,,,,,,90.00,,82.00,74.00,53.00,41.12,33.00,21.00,14.00,6.00,4.00,1.00
2026-03-26T06:23:00Z,,,,,,90.00,,82.00,74.00,53.00,42.00,33.00,21.00,14.00,6.00,4.00,1.00
2026-03-26T09:01:00Z,,,,,,90.00,,82.00,74.00,52.00,42.00,33.00,21.00,14.00,6.00,4.00,1.00
2026-03-26T10:32:00Z,,,,,,90.00,,82.00,74.00,52.00,42.00,33.00,21.00,14.00,6.00,4.00,1.00
2026-03-26T10:44:00Z,,,,,,90.00,,82.00,73.00,52.00,42.00,33.00,21.00,14.00,6.00,4.00,1.00
2026-03-26T10:51:00Z,,,,,,90.00,,82.00,72.69,52.00,42.00,33.00,21.00,14.00,6.00,4.00,1.00
2026-03-26T11:01:00Z,,,,,,90.00,,82.00,74.00,52.00,42.00,33.00,21.00,14.00,6.00,4.00,1.00
2026-03-26T11:02:00Z,,,,,,90.00,,82.00,74.00,54.00,42.00,33.00,21.00,14.00,6.00,4.00,1.00
2026-03-26T13:40:00Z,,,,,,90.00,,82.00,74.00,54.00,42.00,33.00,21.00,14.00,6.00,4.00,1.00
2026-03-26T13:51:00Z,,,,,,90.00,,82.00,74.00,54.00,42.00,28.73,21.00,14.00,6.00,4.00,1.00
2026-03-26T14:15:00Z,,,,,,90.00,,82.00,73.00,53.00,41.00,28.73,21.00,14.00,6.00,4.00,1.00
2026-03-26T14:16:00Z,,,,,,90.00,,82.00,73.00,53.00,41.00,28.73,20.20,14.00,6.00,4.00,1.00
2026-03-26T14:17:00Z,,,,,,90.00,,82.00,73.00,53.00,41.00,28.00,20.20,14.00,6.00,4.00,1.00
2026-03-26T14:19:00Z,,,,,,90.00,,82.00,71.17,53.00,41.00,28.00,20.20,14.00,6.00,4.00,1.00
2026-03-26T14:30:00Z,,,,,,90.00,,82.00,71.17,53.00,41.00,28.00,20.20,14.00,6.00,4.00,1.00
2026-03-26T14:38:00Z,,,,,,90.00,,82.00,71.17,52.00,41.00,28.00,20.20,14.00,6.00,4.00,1.00
2026-03-26T14:51:00Z,,,,,,90.00,,82.00,71.17,52.00,41.00,28.00,20.20,14.00,6.00,4.00,1.00
2026-03-26T15:01:00Z,,,,,,90.00,,82.00,71.17,52.00,41.00,28.00,20.20,14.00,6.00,4.00,1.00
2026-03-26T15:20:00Z,,,,,,90.00,,82.00,71.17,51.00,40.00,28.00,20.20,14.00,6.00,4.00,1.00
2026-03-26T15:30:00Z,,,,,,90.00,,82.00,71.17,51.00,40.00,28.00,20.20,14.00,6.00,4.00,1.00
2026-03-26T15:48:00Z,,,,,,90.00,,82.00,71.17,51.00,40.00,28.00,22.00,14.00,6.00,4.00,1.00
2026-03-26T16:02:00Z,,,,,,90.00,,82.00,71.17,51.00,40.00,28.00,22.00,14.00,6.00,4.00,1.00
2026-03-26T16:14:00Z,,,,,,90.00,,82.00,71.17,51.00,40.00,28.00,22.00,14.00,6.00,4.00,1.00
2026-03-26T16:26:00Z,,,,,,90.00,,82.00,70.01,51.00,40.00,28.00,22.00,14.00,6.00,4.00,1.00
2026-03-26T16:51:00Z,,,,,,90.00,,82.00,70.01,51.00,40.00,28.00,22.00,12.00,5.00,2.00,1.00
2026-03-26T17:23:00Z,,,,,,90.00,,82.00,70.01,51.00,40.00,27.00,22.00,12.00,5.00,2.00,1.00
2026-03-26T17:26:00Z,,,,,,90.00,,82.00,70.01,51.00,38.00,27.00,22.00,12.00,5.00,2.00,1.00
2026-03-26T17:47:00Z,,,,,,90.00,,82.00,69.70,51.00,38.00,27.00,22.00,12.00,5.00,2.00,1.00
2026-03-26T17:52:00Z,,,,,,90.00,,82.00,69.70,51.00,38.00,27.00,22.00,12.00,5.00,2.00,1.00
2026-03-26T18:00:00Z,,,,,,90.00,,82.00,69.70,51.00,38.00,27.00,22.00,12.00,5.00,2.00,1.00
2026-03-26T18:15:00Z,,,,,,89.00,,81.00,69.70,50.60,38.00,27.00,22.00,12.00,5.00,2.00,1.00
2026-03-26T18:16:00Z,,,,,,88.94,,80.00,69.70,50.00,38.00,27.00,22.00,11.00,5.00,2.00,1.00
2026-03-26T18:17:00Z,,,,,,88.94,,79.00,69.00,50.00,38.00,27.00,22.00,11.00,5.00,2.00,1.00
2026-03-26T18:36:00Z,,,,,,88.94,,78.00,69.00,49.00,37.00,27.00,22.00,11.00,5.00,2.00,1.00
2026-03-26T18:39:00Z,,,,,,88.94,,78.00,69.00,48.00,37.00,27.00,22.00,11.00,5.00,2.00,1.00
2026-03-26T18:44:00Z,,,,,,88.94,,78.00,69.00,48.00,37.00,27.00,22.00,11.00,5.00,2.00,1.00
2026-03-26T18:48:00Z,,,,,,88.94,,78.00,69.00,48.00,37.00,27.00,22.00,11.00,5.00,2.00,1.00
2026-03-26T18:55:00Z,,,,,,88.94,,78.00,69.00,47.00,37.00,27.00,22.00,11.00,5.00,2.00,1.00
2026-03-26T19:00:00Z,,,,,,88.94,,78.00,69.00,47.00,37.00,27.00,22.00,11.00,6.00,2.00,1.00
2026-03-26T19:04:00Z,,,,,,88.94,,78.00,69.00,46.88,37.00,27.00,22.00,11.00,6.00,2.00,1.00
2026-03-26T19:36:00Z,,,,,,88.94,,78.00,69.00,47.00,37.00,27.00,22.00,11.00,6.00,2.00,1.00
2026-03-26T19:37:00Z,,,,,,88.94,,78.00,69.00,47.00,37.00,27.00,22.00,11.00,6.00,2.00,1.00
2026-03-26T19:38:00Z,,,,,,88.94,,78.00,69.00,47.00,37.00,27.00,22.00,11.00,6.00,2.00,1.00
2026-03-26T19:56:00Z,,,,,,88.94,,78.00,69.00,47.00,37.00,27.00,22.00,11.00,6.00,2.00,1.00
2026-03-26T19:59:00Z,,,,,,87.00,,78.00,60.00,46.00,37.00,27.00,18.00,11.00,6.00,2.00,1.00
2026-03-26T20:00:00Z,,,,,,86.00,,78.00,60.00,46.00,37.00,27.00,18.00,11.00,6.00,2.00,1.00
2026-03-26T20:10:00Z,,,,,,86.00,,78.00,60.00,46.00,37.00,27.00,18.00,11.00,6.00,2.00,1.00
2026-03-26T20:13:00Z,,,,,,86.00,,78.00,60.00,46.00,37.00,27.00,18.00,11.00,6.00,2.00,1.00
2026-03-26T20:18:00Z,,,,,,86.00,,78.00,60.00,44.20,37.00,26.00,18.00,10.00,6.00,2.00,1.00
2026-03-26T20:20:00Z,,,,,,86.00,,78.00,60.00,44.20,36.00,25.00,17.00,10.00,5.00,2.00,1.00
2026-03-26T20:21:00Z,,,,,,86.00,,78.00,60.00,42.72,36.00,25.00,17.00,10.00,5.00,2.00,1.00
2026-03-26T20:23:00Z,,,,,,86.00,,78.00,60.00,44.72,36.00,25.00,17.00,10.00,5.00,2.00,1.00
2026-03-26T20:28:00Z,,,,,,86.00,,78.00,57.00,44.72,36.00,25.00,17.00,10.00,5.00,2.00,1.00
2026-03-26T20:29:00Z,,,,,,86.00,,78.00,57.00,44.72,36.00,25.00,17.00,10.45,5.00,2.00,1.00
2026-03-26T20:30:00Z,,,,,,86.00,,78.00,57.00,44.72,36.00,25.00,17.00,10.45,5.00,3.00,1.00
2026-03-26T20:34:00Z,,,,,,86.00,,78.00,57.00,43.00,36.00,25.00,17.00,10.45,5.00,3.00,1.00
2026-03-26T20:38:00Z,,,,,,86.00,,78.00,57.00,43.64,36.00,25.00,17.00,10.45,5.00,3.00,1.00
2026-03-26T20:40:00Z,,,,,,86.00,,78.00,57.00,43.85,36.00,25.00,17.00,10.45,5.00,3.00,1.00
2026-03-26T20:41:00Z,,,,,,86.00,,78.00,57.00,43.85,36.00,25.00,17.00,10.45,5.00,3.00,1.00
2026-03-26T21:10:00Z,,,,,,86.00,,78.00,57.00,43.85,31.00,25.00,17.00,10.45,5.00,3.00,1.00
2026-03-26T21:15:00Z,,,,,,86.00,,78.00,57.00,42.00,31.00,25.00,17.00,10.45,5.00,3.00,1.00
2026-03-26T21:18:00Z,,,,,,86.00,,78.00,57.00,43.00,31.00,25.00,17.00,10.45,5.00,3.00,1.00
2026-03-26T21:21:00Z,,,,,,86.00,,78.00,57.00,42.19,31.00,25.00,17.00,10.45,5.00,3.00,1.00
2026-03-26T21:24:00Z,,,,,,86.00,,78.00,57.00,43.00,31.00,25.00,17.00,10.45,5.00,3.00,1.00
2026-03-26T21:34:00Z,,,,,,86.00,,78.00,57.00,43.00,31.00,25.00,17.00,10.45,5.00,3.00,1.00
2026-03-26T22:01:00Z,,,,,,86.00,,78.00,57.00,43.00,31.00,25.00,17.00,10.45,5.00,3.00,1.00
2026-03-26T22:07:00Z,,,,,,86.00,,78.00,56.00,43.00,31.00,25.00,17.00,10.45,5.00,3.00,1.00
2026-03-26T22:21:00Z,,,,,,86.00,,78.00,56.00,41.00,31.00,25.00,17.00,10.45,5.00,3.00,1.00
2026-03-26T22:27:00Z,,,,,,86.00,,78.00,56.00,43.00,31.00,25.00,17.00,10.45,5.00,3.00,1.00
2026-03-26T22:30:00Z,,,,,,86.00,,78.00,56.00,43.00,31.00,23.42,17.00,10.45,5.00,3.00,1.00
2026-03-26T22:31:00Z,,,,,,86.00,,78.00,56.00,43.00,31.00,23.42,17.00,10.45,5.00,3.00,1.00
2026-03-26T22:43:00Z,,,,,,86.00,,78.00,56.00,43.00,31.00,23.42,17.00,10.45,5.00,3.00,1.00
2026-03-26T22:45:00Z,,,,,,86.00,,78.00,56.00,42.00,31.00,23.42,17.00,10.45,5.00,3.00,1.00
2026-03-26T22:52:00Z,,,,,,86.00,,78.00,56.00,42.00,31.00,23.42,17.00,10.45,5.00,3.00,1.00
2026-03-26T23:08:00Z,,,,,,86.00,,78.00,56.00,42.66,31.00,23.42,17.00,10.45,5.00,3.00,1.00
2026-03-26T23:28:00Z,,,,,,86.00,,78.00,56.00,42.66,31.00,23.42,17.00,11.00,5.00,3.00,1.00
2026-03-26T23:46:00Z,,,,,,86.00,,78.00,56.00,43.00,31.00,23.42,17.00,11.00,5.00,3.00,1.00
2026-03-26T23:53:00Z,,,,,,86.00,,78.00,56.00,43.00,31.00,23.42,17.00,11.00,5.00,3.00,1.00
2026-03-26T23:58:00Z,,,,,,86.00,,78.00,56.00,43.00,31.00,23.42,17.00,11.00,5.00,3.00,1.00
2026-03-27T00:02:00Z,,,,,,86.00,,78.00,56.00,43.00,31.00,23.42,17.00,11.00,5.00,3.00,1.00
2026-03-27T00:10:00Z,,,,,,86.00,,78.00,56.00,43.00,33.00,23.42,17.00,11.00,5.00,3.00,1.00
2026-03-27T00:13:00Z,,,,,,86.00,,78.00,56.00,43.00,33.00,23.42,17.00,11.00,5.00,3.00,1.00
2026-03-27T00:35:00Z,,,,,,86.00,,78.00,56.00,43.00,33.00,23.42,17.00,11.00,5.00,3.00,1.00
2026-03-27T00:43:00Z,,,,,,86.00,,78.00,56.00,43.00,33.00,23.42,17.00,11.00,5.00,3.00,1.00
2026-03-27T00:44:00Z,,,,,,86.00,,78.00,57.00,43.00,33.00,23.42,17.00,11.00,5.00,3.00,1.00
2026-03-27T00:50:00Z,,,,,,86.00,,78.00,57.00,43.00,33.00,23.42,17.00,11.00,5.00,3.00,1.00
2026-03-27T00:58:00Z,,,,,,86.00,,72.00,57.00,43.00,33.00,23.42,17.00,11.00,5.00,3.00,1.00
2026-03-27T00:59:00Z,,,,,,86.00,,72.00,57.00,43.00,33.00,23.42,17.00,11.00,5.00,3.00,1.00
2026-03-27T01:01:00Z,,,,,,86.00,,72.00,57.00,43.00,33.00,23.42,16.60,11.00,5.00,3.00,1.00
2026-03-27T01:03:00Z,,,,,,86.00,,72.00,57.00,43.00,33.00,23.42,17.00,11.00,5.00,3.00,1.00
2026-03-27T01:16:00Z,,,,,,86.00,,72.00,57.00,43.00,33.00,23.00,17.00,11.00,5.00,3.00,1.00
2026-03-27T01:27:00Z,,,,,,86.00,,72.00,57.00,43.50,35.00,23.00,17.00,11.00,5.00,3.00,1.00
2026-03-27T01:29:00Z,,,,,,86.00,,72.00,56.00,43.50,35.00,23.00,17.00,11.00,5.00,3.00,1.00
2026-03-27T01:33:00Z,,,,,,86.00,,72.00,56.00,44.00,35.00,23.00,17.00,11.00,5.00,3.00,1.00
2026-03-27T01:37:00Z,,,,,,86.00,,72.00,56.00,44.00,35.00,23.00,17.00,11.00,5.00,3.00,1.00
2026-03-27T01:38:00Z,,,,,,86.00,,72.00,56.00,44.00,35.00,23.00,17.00,11.84,5.00,3.00,1.00
2026-03-27T01:40:00Z,,,,,,86.00,,72.00,56.00,44.00,35.00,23.00,17.00,11.84,5.00,3.00,1.00
2026-03-27T01:43:00Z,,,,,,86.00,,72.00,56.00,44.00,35.00,23.00,17.00,11.84,5.00,3.00,1.00
2026-03-27T01:49:00Z,,,,,,86.00,,72.00,56.00,44.00,35.00,23.00,17.00,11.84,5.00,3.00,1.00
2026-03-27T01:50:00Z,,,,,,86.00,,72.00,56.00,44.00,35.00,23.00,17.00,11.84,5.00,3.00,1.31
2026-03-27T01:56:00Z,,,,,,86.00,,72.00,56.00,44.00,36.00,23.00,17.00,11.84,5.00,3.00,1.31
2026-03-27T01:57:00Z,,,,,,86.00,,72.00,56.00,44.00,36.00,23.00,17.00,11.84,5.00,3.00,1.31
2026-03-27T02:03:00Z,,,,,,86.00,,72.00,56.00,44.00,36.00,23.00,17.00,11.84,5.00,3.00,1.31
2026-03-27T02:05:00Z,,,,,,86.00,,72.00,56.00,44.00,36.00,23.00,17.00,11.84,5.00,3.00,1.31
2026-03-27T02:13:00Z,,,,,,86.00,,72.00,56.00,44.00,36.00,23.00,17.00,11.84,5.00,3.00,1.31
2026-03-27T02:15:00Z,,,,,,86.00,,72.00,56.00,44.00,34.00,23.00,17.00,11.84,5.00,3.00,1.31
2026-03-27T02:16:00Z,,,,,,86.00,,72.00,56.00,44.00,34.00,23.00,17.00,11.84,5.00,3.00,1.31
2026-03-27T02:21:00Z,,,,,,86.00,,72.00,56.00,44.00,34.00,23.00,17.00,11.84,5.00,3.00,1.31
2026-03-27T02:23:00Z,,,,,,86.00,,72.00,56.00,44.00,34.00,23.00,17.00,11.84,5.00,3.00,1.31
2026-03-27T02:24:00Z,,,,,,86.00,,72.00,56.00,44.00,34.00,19.00,17.00,11.84,5.00,3.00,1.31
2026-03-27T02:25:00Z,,,,,,86.00,,72.00,56.00,44.00,34.00,19.00,17.00,11.84,5.00,3.00,1.31
2026-03-27T02:29:00Z,,,,,,86.00,,72.00,56.00,44.00,34.00,23.00,17.00,11.84,5.00,3.00,1.31
2026-03-27T02:30:00Z,,,,,,86.00,,72.00,56.00,44.00,34.00,23.00,17.00,11.84,5.00,3.00,1.31
2026-03-27T02:46:00Z,,,,,,86.00,,72.00,56.74,44.00,34.00,23.00,17.00,11.84,5.00,3.00,1.31
2026-03-27T02:51:00Z,,,,,,86.00,,72.00,54.00,44.00,34.00,23.00,17.00,11.84,5.00,3.00,1.31
2026-03-27T03:12:00Z,,,,,,86.00,,72.00,54.00,44.00,34.00,23.00,17.00,11.84,5.00,3.00,1.31
2026-03-27T03:13:00Z,,,,,,86.00,,72.00,54.00,44.00,34.00,23.00,17.00,11.84,5.00,3.00,1.31
2026-03-27T03:17:00Z,,,,,,86.00,,72.00,56.00,44.00,34.00,23.00,17.00,11.84,5.00,3.00,1.31
2026-03-27T03:19:00Z,,,,,,86.00,,72.00,56.00,44.00,34.00,23.00,17.00,11.84,5.00,3.00,1.31
2026-03-27T03:22:00Z,,,,,,86.00,,72.00,56.00,44.00,34.00,23.00,17.00,11.84,6.00,3.00,1.31
2026-03-27T03:27:00Z,,,,,,86.00,,72.00,56.00,44.00,34.00,23.00,17.00,11.84,6.00,3.00,1.31
2026-03-27T03:36:00Z,,,,,,86.00,,72.00,56.67,44.00,34.00,23.00,17.00,11.84,6.00,3.00,1.31
2026-03-27T03:42:00Z,,,,,,86.00,,72.00,57.00,44.00,34.00,23.00,17.00,11.84,6.00,3.00,1.31
2026-03-27T03:49:00Z,,,,,,86.00,,72.00,57.00,44.00,34.00,23.00,17.00,11.84,6.00,3.00,1.31
2026-03-27T03:50:00Z,,,,,,86.00,,72.00,57.00,44.00,34.00,23.00,17.00,11.84,6.00,3.00,1.31
2026-03-27T04:02:00Z,,,,,,82.00,,72.00,57.00,44.00,34.00,23.00,17.00,11.84,6.00,3.00,1.31
2026-03-27T04:03:00Z,,,,,,82.00,,72.00,57.00,44.00,34.00,23.00,17.00,7.00,6.00,2.00,1.31
2026-03-27T04:04:00Z,,,,,,82.00,,72.00,57.00,44.00,34.00,23.00,17.00,7.00,6.00,2.00,1.31
2026-03-27T04:07:00Z,,,,,,82.00,,72.00,57.00,44.67,34.00,23.00,17.00,7.00,6.00,2.00,1.31
2026-03-27T04:09:00Z,,,,,,82.00,,72.00,57.00,45.00,33.00,23.00,17.00,7.00,6.00,2.00,1.31
2026-03-27T04:24:00Z,,,,,,82.00,,72.00,57.00,45.00,33.00,23.00,17.00,7.00,6.00,2.00,1.31
2026-03-27T04:35:00Z,,,,,,82.00,,72.00,56.00,45.00,33.00,23.00,17.00,7.00,6.00,2.00,1.31
2026-03-27T04:44:00Z,,,,,,82.00,,72.00,56.00,45.00,33.00,23.00,14.00,7.00,6.00,2.00,1.31
2026-03-27T04:46:00Z,,,,,,82.00,,72.00,56.00,45.00,31.00,23.00,14.00,7.00,6.00,2.00,1.31
2026-03-27T04:53:00Z,,,,,,82.00,,72.00,56.00,45.00,33.00,23.00,14.00,7.00,6.00,2.00,1.31
2026-03-27T05:16:00Z,,,,,,82.00,,72.00,56.00,45.00,33.00,20.00,14.00,7.00,6.00,2.00,1.31
2026-03-27T05:19:00Z,,,,,,82.00,,72.00,56.00,45.00,33.00,20.00,14.00,7.00,6.00,2.00,1.31
2026-03-27T05:28:00Z,,,,,,82.00,,72.00,56.00,45.00,32.00,20.00,14.00,7.00,6.00,2.00,1.31
2026-03-27T05:51:00Z,,,,,,82.00,,72.00,56.73,45.00,32.00,20.00,14.00,7.00,6.00,2.00,1.31
2026-03-27T06:14:00Z,,,,,,82.00,,72.00,57.69,45.00,32.00,20.00,14.00,7.00,6.00,2.00,1.31
2026-03-27T06:34:00Z,,,,,,82.00,,72.00,57.69,45.00,32.00,20.00,14.00,7.00,6.00,2.00,1.31
2026-03-27T06:40:00Z,,,,,,82.00,,72.00,57.69,45.00,32.00,20.00,14.00,7.00,6.00,2.00,1.31
2026-03-27T06:45:00Z,,,,,,82.00,,72.00,57.69,45.00,32.00,20.00,14.00,7.00,6.00,2.00,1.31
2026-03-27T06:52:00Z,,,,,,82.00,,72.00,57.69,45.00,32.00,20.00,14.00,7.00,6.00,2.00,1.31
2026-03-27T07:28:00Z,,,,,,82.00,,72.00,57.00,45.00,32.00,20.00,14.00,7.00,6.00,2.00,1.31
2026-03-27T07:49:00Z,,,,,,82.00,,72.00,57.00,45.00,32.00,20.00,11.01,7.00,6.00,2.00,1.31
2026-03-27T08:09:00Z,,,,,,82.00,,72.00,57.00,45.00,32.00,20.00,11.01,7.00,5.00,2.00,1.31
2026-03-27T08:13:00Z,,,,,,82.00,,72.00,57.00,45.00,32.00,20.00,11.01,7.00,5.00,2.00,1.31
2026-03-27T08:25:00Z,,,,,,82.00,,72.00,57.00,45.00,32.00,20.00,11.01,7.00,5.00,2.00,1.31
2026-03-27T08:54:00Z,,,,,,82.00,,72.00,57.00,45.00,33.00,20.00,11.01,7.00,5.00,2.00,1.31
2026-03-27T09:41:00Z,,,,,,82.00,,72.00,55.00,45.00,33.00,20.00,11.01,7.00,5.00,2.00,1.31
2026-03-27T09:54:00Z,,,,,,82.00,,72.00,55.00,46.00,33.00,20.00,11.01,7.00,5.00,2.00,1.31
2026-03-27T10:36:00Z,,,,,,82.00,,72.00,55.00,46.00,33.00,20.00,11.01,7.00,5.00,2.00,1.31
2026-03-27T10:46:00Z,,,,,,82.00,,72.00,55.00,46.00,33.00,20.00,11.01,7.00,5.00,2.00,1.31
2026-03-27T10:50:00Z,,,,,,82.00,,72.00,55.00,46.00,33.00,20.00,11.01,7.00,5.00,2.00,1.31
2026-03-27T11:06:00Z,,,,,,82.00,,72.00,55.00,46.00,33.00,20.00,11.01,10.00,5.00,2.00,1.31
2026-03-27T11:11:00Z,,,,,,82.00,,72.00,55.00,46.00,33.00,20.00,11.01,10.15,5.00,2.00,1.31
2026-03-27T11:16:00Z,,,,,,82.00,,72.00,55.00,44.00,33.00,20.00,11.01,10.15,5.00,2.00,1.31
2026-03-27T11:33:00Z,,,,,,82.00,,72.00,55.00,46.00,33.00,20.00,11.01,10.15,5.00,2.00,1.31
2026-03-27T11:40:00Z,,,,,,82.00,,72.00,55.00,46.00,33.00,20.00,11.01,10.15,5.00,2.00,1.00
2026-03-27T12:48:00Z,,,,,,82.00,,72.00,55.00,46.00,33.00,20.00,11.01,10.15,5.00,2.00,1.00
2026-03-27T12:51:00Z,,,,,,82.00,,72.00,55.00,46.00,33.00,20.00,11.01,10.15,5.00,2.00,1.00
2026-03-27T13:07:00Z,,,,,,82.00,,72.00,55.00,46.00,33.00,20.00,11.01,10.15,5.00,2.00,1.00
2026-03-27T13:16:00Z,,,,,,82.00,,72.00,55.00,46.00,33.00,20.00,11.01,10.15,5.00,2.00,1.00
2026-03-27T13:27:00Z,,,,,,82.00,,72.00,57.00,46.00,33.00,20.00,11.01,10.15,5.00,2.00,1.00
2026-03-27T13:33:00Z,,,,,,82.00,,72.00,57.00,46.00,33.00,20.00,11.01,10.15,5.00,2.00,1.00
2026-03-27T13:43:00Z,,,,,,82.00,,72.00,57.00,46.00,33.00,20.00,11.01,10.15,5.00,2.00,1.00
2026-03-27T13:44:00Z,,,,,,82.00,,72.00,57.00,46.00,33.00,20.00,11.01,10.15,5.00,2.00,1.00
2026-03-27T13:51:00Z,,,,,,82.00,,72.00,58.00,46.00,33.00,20.00,11.01,10.15,5.00,2.00,1.00
2026-03-27T14:07:00Z,,,,,,82.00,,72.00,58.00,46.00,33.00,25.12,11.01,10.15,5.00,2.00,1.00
2026-03-27T14:09:00Z,,,,,,82.00,,72.00,58.00,46.00,33.00,25.12,11.01,10.15,5.00,2.00,1.00
2026-03-27T14:13:00Z,,,,,,82.00,,72.00,58.00,46.00,33.00,25.12,11.01,10.15,5.00,2.00,1.00
2026-03-27T15:01:00Z,,,,,,83.00,,72.00,58.00,46.00,33.00,25.12,11.01,10.15,5.00,2.00,1.00
2026-03-27T15:05:00Z,,,,,,83.00,,72.00,58.00,44.00,33.00,25.12,11.01,10.15,5.00,2.00,1.00
2026-03-27T15:15:00Z,,,,,,83.00,,72.00,58.00,45.00,33.00,25.12,11.01,10.15,5.00,2.00,1.00
2026-03-27T15:22:00Z,,,,,,83.00,,72.00,58.00,45.00,33.00,25.12,11.01,10.15,7.15,2.00,1.00
2026-03-27T15:27:00Z,,,,,,84.00,,72.00,58.00,45.00,33.00,25.12,11.01,10.15,7.15,2.00,1.00
2026-03-27T15:44:00Z,,,,,,84.00,,72.00,58.00,45.00,32.00,25.12,11.01,10.15,7.15,2.00,1.00
2026-03-27T15:46:00Z,,,,,,84.00,,72.00,58.00,45.00,32.00,25.12,11.01,10.15,7.15,2.00,1.00
2026-03-27T15:51:00Z,,,,,,84.00,,72.00,58.00,45.00,32.00,25.12,11.01,10.15,7.15,2.00,1.00
2026-03-27T15:54:00Z,,,,,,84.00,,72.00,58.00,45.75,32.00,25.12,11.01,10.15,7.15,2.00,1.00
2026-03-27T15:55:00Z,,,,,,84.00,,72.00,58.00,46.00,32.00,25.12,11.01,10.15,7.15,2.00,1.00
2026-03-27T16:08:00Z,,,,,,84.00,,72.00,58.00,46.00,32.00,25.12,11.01,10.15,7.15,2.00,1.00
2026-03-27T16:11:00Z,,,,,,84.00,,72.00,55.76,46.00,32.00,25.12,11.01,10.15,7.15,2.00,1.00
2026-03-27T16:18:00Z,,,,,,81.00,,72.00,55.76,43.00,32.00,25.12,11.01,10.15,7.15,2.00,1.00
2026-03-27T16:22:00Z,,,,,,81.00,,72.00,55.76,46.00,32.00,25.12,11.01,10.15,7.15,2.00,1.00
2026-03-27T16:30:00Z,,,,,,81.00,,72.00,55.76,46.00,32.00,20.06,11.01,10.15,7.15,2.00,1.00
2026-03-27T16:35:00Z,,,,,,81.00,,72.00,57.00,46.00,32.00,20.06,11.01,10.15,7.15,2.00,1.00
2026-03-27T16:45:00Z,,,,,,81.00,,72.00,57.00,45.00,32.00,20.06,11.01,10.15,7.15,2.00,1.00
2026-03-27T16:49:00Z,,,,,,81.00,,72.00,57.00,45.00,32.00,20.06,11.00,8.00,5.00,2.00,1.00
2026-03-27T16:59:00Z,,,,,,81.00,,74.00,57.00,45.00,32.00,20.06,11.00,8.00,5.00,2.00,1.00
2026-03-27T17:01:00Z,,,,,,81.00,,74.00,57.00,45.00,32.00,20.06,11.00,8.00,8.00,2.00,1.00
2026-03-27T17:06:00Z,,,,,,81.00,,74.00,57.00,45.00,32.00,24.09,11.00,8.00,8.00,2.00,1.00
2026-03-27T17:12:00Z,,,,,,81.00,,74.00,57.00,45.00,32.00,24.09,11.00,8.00,8.00,2.00,1.00
2026-03-27T17:13:00Z,,,,,,81.00,,74.00,57.00,45.00,32.00,24.09,11.00,8.00,8.00,4.00,1.00
2026-03-27T17:14:00Z,,,,,,81.00,,74.00,57.00,45.00,32.00,24.09,11.00,8.00,8.00,4.00,1.00
2026-03-27T17:25:00Z,,,,,,81.00,,74.00,57.00,45.00,32.00,24.09,11.00,8.00,8.00,4.00,1.00
2026-03-27T17:47:00Z,,,,,,81.00,,74.00,57.00,45.00,30.00,24.09,11.00,8.00,8.00,4.00,1.00
2026-03-27T17:53:00Z,,,,,,81.00,,74.00,57.00,45.00,30.00,25.00,11.00,8.00,8.00,4.00,1.00
2026-03-27T18:00:00Z,,,,,,81.00,,74.00,57.00,45.00,30.00,25.00,11.00,8.00,8.00,4.00,1.00
2026-03-27T18:06:00Z,,,,,,81.00,,74.00,57.00,45.00,30.00,25.00,11.00,8.00,8.00,4.00,1.00
2026-03-27T18:13:00Z,,,,,,81.00,,74.00,57.00,45.00,30.00,25.00,13.89,8.00,8.00,4.00,1.00
2026-03-27T18:30:00Z,,,,,,81.00,,74.00,57.00,45.00,30.00,25.00,13.89,8.00,8.00,4.00,1.00
2026-03-27T18:37:00Z,,,,,,81.00,,74.00,57.00,45.00,32.00,25.00,13.89,8.00,8.00,4.00,1.00
2026-03-27T18:46:00Z,,,,,,81.00,,74.00,57.00,45.00,32.00,25.00,13.89,8.00,5.00,3.00,1.00
2026-03-27T18:55:00Z,,,,,,81.00,,74.00,57.00,45.00,32.00,25.00,13.89,8.00,5.00,3.00,1.00
2026-03-27T18:57:00Z,,,,,,81.00,,73.00,57.00,45.00,32.00,25.00,13.89,8.00,5.00,3.00,1.00
2026-03-27T18:59:00Z,,,,,,81.00,,73.00,57.00,45.76,32.00,25.00,13.89,8.00,5.00,3.00,1.00
2026-03-27T19:04:00Z,,,,,,81.00,,73.00,57.00,46.00,32.00,25.00,13.89,8.00,5.00,3.00,1.00
2026-03-27T19:21:00Z,,,,,,81.00,,73.00,57.00,46.00,32.00,25.00,13.89,8.00,5.00,3.00,1.00
2026-03-27T19:24:00Z,,,,,,81.00,,73.00,57.00,46.00,32.00,25.00,13.89,10.00,5.00,3.00,1.00
2026-03-27T19:26:00Z,,,,,,81.00,,73.00,57.00,46.00,32.00,25.00,13.89,10.00,5.00,3.00,1.00
2026-03-27T19:33:00Z,,,,,,81.00,,73.00,57.00,46.00,32.00,25.00,13.89,10.00,8.00,3.00,1.00
2026-03-27T19:34:00Z,,,,,,81.00,,73.00,57.00,46.00,32.00,25.00,13.89,10.00,8.00,4.00,1.00
2026-03-27T19:37:00Z,,,,,,81.00,,73.00,57.00,45.21,32.00,25.00,13.89,10.00,8.00,4.00,1.00
2026-03-27T19:38:00Z,,,,,,81.00,,72.00,57.00,45.21,32.00,25.00,13.89,10.00,8.00,4.00,1.00
2026-03-27T19:39:00Z,,,,,,81.00,,72.00,57.00,45.21,32.00,25.00,13.89,10.00,7.48,4.00,1.00
2026-03-27T19:40:00Z,,,,,,81.00,,72.00,57.00,45.21,32.00,25.00,13.89,10.00,7.48,4.00,1.32
2026-03-27T19:41:00Z,,,,,,81.00,,72.00,57.00,45.21,31.00,25.00,13.89,10.00,7.48,4.00,1.32
2026-03-27T19:59:00Z,,,,,,81.00,,72.00,57.00,45.21,31.00,25.00,13.89,9.00,7.48,4.00,2.00
2026-03-27T20:02:00Z,,,,,,81.00,,72.00,57.00,45.21,31.00,25.00,15.00,9.00,7.48,4.00,2.00
2026-03-27T20:06:00Z,,,,,,81.00,,72.00,57.00,45.21,31.00,25.00,15.00,7.39,7.48,4.00,2.00
2026-03-27T20:07:00Z,,,,,,81.00,,72.00,57.00,45.21,31.00,25.00,11.10,7.39,7.48,4.00,2.00
2026-03-27T20:11:00Z,,,,,,81.00,,72.00,57.00,45.00,31.00,25.00,11.10,7.39,7.48,4.00,2.00
2026-03-27T20:12:00Z,,,,,,81.00,,72.00,57.00,45.20,31.00,25.00,11.10,7.39,7.48,4.00,2.00
2026-03-27T20:16:00Z,,,,,,81.00,,72.00,57.00,45.00,31.00,25.00,11.10,7.39,7.48,4.00,2.00
2026-03-27T20:18:00Z,,,,,,81.00,,72.00,57.00,45.00,31.00,25.00,11.10,7.39,7.48,4.00,2.00
2026-03-27T20:23:00Z,,,,,,81.00,,73.00,57.00,45.00,31.00,25.00,11.10,7.39,7.48,4.00,2.00
2026-03-27T20:27:00Z,,,,,,81.00,,73.00,57.00,45.00,31.00,25.00,11.10,7.39,7.48,4.00,2.00
2026-03-27T20:30:00Z,,,,,,81.00,,73.00,57.00,45.00,31.00,25.00,11.10,7.39,7.48,4.00,2.00
2026-03-27T20:32:00Z,,,,,,81.00,,73.00,57.00,45.00,31.00,25.00,11.10,7.39,5.00,4.00,2.00
2026-03-27T20:34:00Z,,,,,,81.00,,73.00,57.00,43.00,31.00,25.00,11.10,7.39,5.00,4.00,2.00
2026-03-27T20:41:00Z,,,,,,81.00,,73.00,57.00,43.00,31.00,25.00,11.10,7.39,5.00,4.00,2.00
2026-03-27T20:42:00Z,,,,,,81.00,,73.00,56.00,43.00,31.00,25.00,11.10,7.39,5.00,4.00,2.00
2026-03-27T20:46:00Z,,,,,,81.00,,73.00,54.41,43.00,31.00,25.00,11.10,7.39,5.00,4.00,2.00
2026-03-27T20:52:00Z,,,,,,81.00,,73.00,54.41,43.00,31.00,25.00,11.10,7.39,5.00,4.00,2.00
2026-03-27T20:55:00Z,,,,,,81.00,,73.00,54.41,44.00,31.00,25.00,11.10,7.39,5.00,4.00,2.00
2026-03-27T21:06:00Z,,,,,,81.00,,73.00,54.41,44.00,31.00,25.00,11.10,7.39,5.00,4.00,2.00
2026-03-27T21:15:00Z,,,,,,81.00,,73.00,54.41,44.00,31.00,25.00,11.10,7.39,5.00,4.12,2.00
2026-03-27T21:34:00Z,,,,,,81.00,,73.00,54.41,44.00,32.00,25.00,11.10,7.39,5.00,4.12,2.00
2026-03-27T21:37:00Z,,,,,,81.00,,73.00,54.41,44.00,32.00,25.00,11.10,10.00,5.00,4.12,2.00
2026-03-27T21:49:00Z,,,,,,81.00,,73.00,54.41,44.00,32.00,25.00,11.10,10.00,5.00,4.12,2.00
2026-03-27T21:52:00Z,,,,,,81.00,,73.00,56.00,44.00,32.00,25.00,11.10,10.00,5.00,4.12,2.00
2026-03-27T21:57:00Z,,,,,,81.00,,73.00,56.97,44.00,32.00,25.00,11.10,10.00,5.00,4.12,2.00
2026-03-27T22:12:00Z,,,,,,81.00,,73.00,56.97,43.00,32.00,25.00,11.10,10.00,5.00,4.12,2.00
2026-03-27T22:16:00Z,,,,,,81.00,,74.00,56.97,43.00,32.00,25.00,11.10,10.00,5.00,4.12,2.00
2026-03-27T22:17:00Z,,,,,,81.00,,74.00,56.97,43.00,32.00,25.00,11.10,10.00,5.00,4.12,2.00
2026-03-27T22:21:00Z,,,,,,81.00,,74.00,56.97,43.00,32.00,25.00,11.10,10.00,7.00,4.12,2.00
2026-03-27T22:25:00Z,,,,,,81.00,,74.00,55.00,43.00,32.00,25.00,11.10,10.00,7.00,4.12,2.00
2026-03-27T22:26:00Z,,,,,,81.00,,74.00,55.00,44.00,32.00,25.00,11.10,10.00,7.00,4.12,2.00
2026-03-27T22:29:00Z,,,,,,81.00,,74.00,55.00,45.00,32.00,25.00,11.10,10.00,7.00,4.12,2.00
2026-03-27T22:31:00Z,,,,,,81.00,,74.00,58.00,45.00,32.00,25.00,11.10,10.00,7.00,4.12,2.00
2026-03-27T22:46:00Z,,,,,,81.00,,74.00,58.00,45.00,32.00,25.00,11.10,10.00,7.00,4.12,2.00
2026-03-27T22:50:00Z,,,,,,81.00,,74.00,58.00,46.00,32.00,25.00,11.10,10.00,7.00,4.12,2.00
2026-03-27T22:58:00Z,,,,,,81.00,,74.00,58.00,46.00,32.00,25.00,11.10,10.00,7.00,4.12,2.00
2026-03-27T22:59:00Z,,,,,,81.00,,74.00,58.00,43.00,32.00,25.00,11.10,10.00,7.00,4.12,2.00
2026-03-27T23:13:00Z,,,,,,81.00,,74.00,58.00,43.00,32.00,25.00,11.10,10.00,7.00,4.12,2.00
2026-03-27T23:14:00Z,,,,,,81.00,,74.00,58.00,45.00,32.00,25.00,11.10,10.00,7.00,4.12,2.00
2026-03-27T23:17:00Z,,,,,,81.00,,74.00,58.00,45.00,32.00,25.00,11.10,10.00,7.00,4.12,2.00
2026-03-27T23:27:00Z,,,,,,81.00,,74.00,58.00,45.00,32.00,25.00,11.10,10.00,7.00,4.12,2.00
2026-03-27T23:28:00Z,,,,,,81.00,,74.00,58.00,45.00,32.00,25.00,12.02,10.00,7.00,4.12,2.00
2026-03-27T23:29:00Z,,,,,,81.00,,74.00,58.00,45.00,32.00,17.61,12.02,10.00,7.00,4.12,2.00
2026-03-27T23:35:00Z,,,,,,81.00,,74.00,58.00,45.00,32.00,22.00,12.02,10.00,7.00,4.12,2.00
2026-03-27T23:49:00Z,,,,,,81.00,,74.00,58.00,45.00,32.00,22.00,12.02,10.00,7.51,4.12,2.00
2026-03-27T23:57:00Z,,,,,,81.00,,72.00,58.00,45.00,32.00,22.00,12.02,10.00,7.51,4.12,2.00
2026-03-27T23:58:00Z,,,,,,81.00,,72.00,58.00,45.00,32.00,22.00,12.02,10.00,7.51,4.12,2.00
2026-03-28T00:11:00Z,,,,,,81.00,,72.00,58.00,45.00,32.00,21.00,12.02,10.00,7.51,4.12,2.00
2026-03-28T00:14:00Z,,,,,,81.00,,72.00,58.00,45.00,32.00,21.00,12.02,10.00,7.51,4.12,2.00
2026-03-28T00:15:00Z,,,,,,81.00,,72.00,58.00,45.00,32.00,21.00,12.02,10.00,7.51,4.12,2.00
2026-03-28T00:51:00Z,,,,,,81.00,,72.00,58.00,41.22,32.00,21.00,12.02,10.00,7.51,4.12,2.00
2026-03-28T01:13:00Z,,,,,,81.00,,72.00,58.00,43.68,32.00,21.00,12.02,10.00,7.51,4.12,2.00
2026-03-28T01:30:00Z,,,,,,81.00,,72.00,58.00,43.68,32.00,21.00,12.02,10.00,7.51,4.12,2.00
2026-03-28T01:39:00Z,,,,,,81.00,,72.00,58.44,43.68,32.00,21.00,12.02,10.00,7.51,4.12,2.00
2026-03-28T01:41:00Z,,,,,,81.00,,72.00,58.44,43.68,32.00,21.00,12.02,10.00,7.51,4.12,2.00
2026-03-28T01:42:00Z,,,,,,81.00,,72.00,58.44,44.71,32.00,21.00,12.02,7.00,7.51,4.12,2.00
2026-03-28T01:49:00Z,,,,,,81.00,,72.00,58.44,46.00,32.00,21.00,12.02,7.00,7.51,4.12,2.00
2026-03-28T01:50:00Z,,,,,,81.00,,72.00,58.44,46.00,32.00,21.00,12.02,7.00,7.51,4.12,2.00
2026-03-28T02:02:00Z,,,,,,81.00,,72.00,58.44,46.00,32.00,21.00,12.02,7.00,7.51,4.12,2.00
2026-03-28T02:04:00Z,,,,,,81.00,,72.00,58.44,46.00,32.00,21.00,14.95,7.00,7.51,4.12,2.00
2026-03-28T02:06:00Z,,,,,,81.00,,72.00,56.00,46.00,32.00,21.00,14.95,7.00,7.51,4.12,2.00
2026-03-28T02:11:00Z,,,,,,81.00,,72.00,56.00,46.00,32.00,18.00,14.95,7.00,7.51,4.12,2.00
2026-03-28T02:12:00Z,,,,,,81.00,,72.00,56.00,46.00,32.00,18.00,14.95,10.00,7.51,4.12,2.00
2026-03-28T02:14:00Z,,,,,,81.00,,72.00,56.00,40.00,30.00,18.00,14.95,10.00,7.51,4.12,2.00
2026-03-28T02:19:00Z,,,,,,81.00,,72.00,59.00,40.00,30.00,18.00,14.95,10.00,7.51,4.12,2.00
2026-03-28T02:22:00Z,,,,,,81.00,,72.00,59.00,45.00,30.00,18.00,14.95,10.00,7.51,4.12,2.00
2026-03-28T02:29:00Z,,,,,,81.00,,72.00,59.00,45.00,30.00,18.00,14.95,10.00,7.51,4.12,2.00
2026-03-28T02:48:00Z,,,,,,81.00,,72.00,59.00,45.00,30.00,18.00,14.95,10.00,7.51,4.12,2.00
2026-03-28T02:49:00Z,,,,,,81.00,,72.00,59.00,44.81,30.00,18.00,14.95,10.00,7.51,4.12,2.00
2026-03-28T03:05:00Z,,,,,,81.00,,72.00,59.00,45.00,30.00,18.00,14.95,10.00,7.51,4.12,2.00
2026-03-28T03:07:00Z,,,,,,81.00,,72.00,55.00,39.00,30.00,18.00,14.95,10.00,7.51,4.12,2.00
2026-03-28T03:09:00Z,,,,,,81.00,,72.00,55.00,39.00,27.00,18.00,14.95,10.00,7.51,4.12,2.00
2026-03-28T03:20:00Z,,,,,,81.00,,72.00,55.00,45.00,27.00,18.00,14.95,10.00,7.51,4.12,2.00
2026-03-28T03:21:00Z,,,,,,81.00,,73.00,55.00,45.00,30.66,18.00,14.95,10.00,7.51,4.12,2.00
2026-03-28T03:26:00Z,,,,,,81.00,,73.00,55.00,45.00,30.66,18.00,14.95,10.00,7.51,2.94,2.00
2026-03-28T03:29:00Z,,,,,,84.00,,73.00,55.00,45.00,30.66,20.00,14.95,10.00,7.51,2.94,2.00
2026-03-28T03:42:00Z,,,,,,84.00,,73.00,55.00,45.00,30.66,20.00,14.95,10.00,7.51,2.94,2.00
2026-03-28T03:46:00Z,,,,,,84.00,,73.00,55.00,45.80,30.66,20.00,14.95,10.00,7.51,2.94,2.00
2026-03-28T04:01:00Z,,,,,,84.00,,73.00,55.00,45.80,30.66,20.00,14.00,10.00,7.51,2.94,2.00
2026-03-28T04:04:00Z,,,,,,84.00,,73.00,55.00,46.00,30.66,20.00,14.00,10.00,7.51,2.94,2.00
2026-03-28T04:05:00Z,,,,,,84.00,,73.00,55.00,46.00,30.66,20.00,14.00,10.00,7.51,2.94,2.00
2026-03-28T04:12:00Z,,,,,,84.00,,73.00,55.00,46.00,30.66,20.00,14.00,10.00,7.51,2.94,2.00
2026-03-28T04:32:00Z,,,,,,84.00,,73.00,55.00,46.00,31.00,20.00,14.00,10.00,7.51,2.94,2.00
2026-03-28T04:34:00Z,,,,,,84.00,,71.00,55.00,46.00,31.00,20.00,14.00,10.00,7.51,2.94,2.00
2026-03-28T04:36:00Z,,,,,,84.00,,71.00,55.00,46.00,31.00,20.00,13.00,10.00,7.51,2.94,2.00
2026-03-28T04:46:00Z,,,,,,84.00,,72.00,55.00,46.00,31.00,20.00,13.00,10.00,7.51,2.94,2.00
2026-03-28T04:55:00Z,,,,,,84.00,,72.00,58.00,46.00,31.00,20.00,13.00,10.00,7.51,2.94,2.00
2026-03-28T05:11:00Z,,,,,,84.00,,72.00,58.00,46.00,31.00,20.00,13.00,10.00,7.51,2.94,2.00
2026-03-28T05:27:00Z,,,,,,84.00,,72.00,58.00,45.00,31.00,19.00,13.00,10.00,7.51,2.94,2.00
2026-03-28T05:31:00Z,,,,,,84.00,,72.00,58.00,45.00,31.00,19.00,13.00,10.00,7.51,2.94,2.00
2026-03-28T05:51:00Z,,,,,,84.00,,72.00,58.00,45.00,31.00,19.00,13.00,9.00,7.51,2.94,2.00
2026-03-28T06:08:00Z,,,,,,84.00,,72.00,58.00,45.00,31.00,19.00,13.00,9.00,7.51,2.94,2.00
2026-03-28T06:15:00Z,,,,,,84.00,,72.00,58.00,45.00,31.00,19.00,13.00,9.00,7.51,2.94,2.00
2026-03-28T06:21:00Z,,,,,,84.00,,72.00,58.00,45.00,31.00,19.00,13.00,9.00,7.51,2.94,2.00
2026-03-28T06:52:00Z,,,,,,84.00,,72.00,59.00,45.00,31.00,19.00,13.00,9.00,7.51,2.94,2.00
2026-03-28T07:04:00Z,,,,,,84.00,,72.00,59.00,45.00,31.00,19.00,13.00,9.00,7.51,2.94,2.00
2026-03-28T07:17:00Z,,,,,,84.00,,72.00,59.00,45.88,31.00,19.00,13.00,9.00,7.51,2.94,2.00
2026-03-28T07:18:00Z,,,,,,84.00,,72.00,59.00,45.88,31.77,19.00,13.00,9.00,7.51,2.94,2.00
2026-03-28T07:22:00Z,,,,,,84.00,,72.00,59.00,46.00,31.77,19.00,13.00,9.00,7.51,2.94,2.00
2026-03-28T07:27:00Z,,,,,,84.00,,72.00,59.00,45.00,31.77,19.00,13.00,9.00,7.51,2.94,2.00
2026-03-28T07:30:00Z,,,,,,84.00,,72.00,59.00,45.61,31.77,19.00,13.00,9.00,7.51,2.94,2.00
2026-03-28T07:36:00Z,,,,,,84.00,,72.00,59.00,46.00,31.77,19.00,13.00,9.00,7.51,2.94,2.00
2026-03-28T07:47:00Z,,,,,,85.64,,72.00,59.00,46.00,31.77,19.00,13.00,9.00,7.51,2.94,2.00
2026-03-28T08:25:00Z,,,,,,85.64,,72.00,59.00,46.00,31.00,19.00,13.00,9.00,7.51,2.94,2.00
2026-03-28T10:47:00Z,,,,,,85.64,,72.00,59.00,46.00,31.00,19.00,13.00,9.00,7.51,2.94,2.00
2026-03-28T10:56:00Z,,,,,,85.64,,72.00,59.00,46.00,31.00,19.00,13.00,9.00,7.51,2.94,2.00
2026-03-28T11:21:00Z,,,,,,85.64,,72.00,59.00,46.00,31.00,19.00,13.00,9.00,7.51,2.94,2.00
2026-03-28T11:30:00Z,,,,,,87.00,,72.00,59.00,46.00,31.00,19.00,13.00,9.00,7.51,2.94,2.00
2026-03-28T11:59:00Z,,,,,,87.00,,72.00,59.00,46.00,31.00,19.00,13.00,9.00,7.51,2.94,2.00
2026-03-28T12:03:00Z,,,,,,87.00,,72.00,59.00,46.00,31.00,19.00,13.00,9.00,7.51,2.94,2.00
2026-03-28T12:24:00Z,,,,,,87.00,,72.00,59.00,46.00,31.00,19.00,13.00,9.00,7.51,2.94,2.00
2026-03-28T12:45:00Z,,,,,,87.00,,72.00,59.00,46.00,31.00,19.00,13.00,9.00,7.51,2.94,2.00
2026-03-28T12:49:00Z,,,,,,87.00,,72.00,59.00,46.00,31.00,19.00,13.00,9.00,7.51,2.94,2.00
2026-03-28T12:58:00Z,,,,,,87.00,,72.00,59.00,46.00,31.00,19.00,14.00,9.00,7.51,2.94,2.00
2026-03-28T13:06:00Z,,,,,,84.00,,72.00,59.00,46.00,31.00,19.00,14.00,9.00,7.51,2.94,2.00
2026-03-28T13:28:00Z,,,,,,84.00,,72.00,59.00,46.00,31.00,19.00,14.00,9.00,7.51,2.94,2.00
2026-03-28T13:29:00Z,,,,,,84.00,,72.00,59.00,46.00,31.00,19.00,14.00,9.00,7.51,2.66,2.00
2026-03-28T13:36:00Z,,,,,,84.00,,72.00,59.00,46.00,31.00,19.00,14.00,9.00,7.51,2.66,2.00
2026-03-28T13:37:00Z,,,,,,84.00,,72.00,59.00,46.00,31.00,19.00,14.00,9.00,7.51,2.66,2.00
2026-03-28T13:51:00Z,,,,,,84.00,,72.00,59.00,46.00,31.00,17.00,14.00,9.00,7.51,2.66,2.00
2026-03-28T13:53:00Z,,,,,,84.00,,72.00,59.00,46.00,31.00,17.00,14.00,9.00,7.51,2.66,2.00
2026-03-28T13:54:00Z,,,,,,84.00,,72.00,59.00,46.00,31.00,17.00,14.00,9.00,7.51,2.66,2.00
2026-03-28T14:06:00Z,,,,,,84.00,,72.00,59.00,46.00,31.00,17.00,14.00,9.00,7.51,2.66,2.00
2026-03-28T14:48:00Z,,,,,,84.00,,72.00,59.00,46.00,31.00,17.00,14.96,9.00,7.51,2.66,2.00
2026-03-28T14:54:00Z,,,,,,84.00,,72.00,59.00,46.00,31.00,17.00,14.96,9.00,7.51,2.66,2.00
2026-03-28T14:55:00Z,,,,,,84.00,,72.00,59.00,46.00,31.00,20.59,14.96,9.00,7.51,2.66,2.00
2026-03-28T14:59:00Z,,,,,,84.00,,72.00,59.00,46.00,31.00,20.59,14.96,9.00,7.51,2.66,2.00
2026-03-28T15:00:00Z,,,,,,88.00,,72.00,59.00,46.00,30.00,18.00,14.96,9.00,7.51,2.66,2.00
2026-03-28T15:04:00Z,,,,,,88.00,,72.00,59.00,46.00,30.00,18.00,14.96,9.00,7.51,2.66,2.00
2026-03-28T15:09:00Z,,,,,,88.00,,72.00,59.00,46.00,30.00,18.00,14.96,9.00,7.51,2.66,2.00
2026-03-28T15:22:00Z,,,,,,88.00,,72.00,59.61,46.00,30.00,18.00,14.96,9.00,7.51,2.66,2.00
2026-03-28T15:39:00Z,,,,,,88.00,,72.00,60.00,46.00,30.00,18.00,14.96,9.00,7.51,2.66,2.00
2026-03-28T15:44:00Z,,,,,,88.00,,73.00,60.00,46.00,30.00,18.00,14.96,9.00,7.51,2.66,2.00
2026-03-28T15:45:00Z,,,,,,88.00,,73.00,60.00,46.00,30.00,18.00,14.96,9.00,7.51,2.66,2.00
2026-03-28T15:52:00Z,,,,,,88.00,,73.00,60.00,46.00,30.00,20.84,14.96,9.00,7.51,2.66,2.00
2026-03-28T15:56:00Z,,,,,,88.00,,73.00,60.00,46.00,30.00,20.84,14.96,9.00,7.51,2.66,2.00
2026-03-28T15:58:00Z,,,,,,88.00,,73.00,60.00,46.00,30.00,20.84,14.96,9.00,7.51,2.66,2.00
2026-03-28T16:26:00Z,,,,,,88.00,,73.00,60.00,46.00,30.00,20.84,14.96,9.00,7.51,2.66,2.00
2026-03-28T16:41:00Z,,,,,,88.00,,73.00,59.00,46.00,30.00,20.84,14.96,9.00,7.51,2.66,2.00
2026-03-28T16:45:00Z,,,,,,88.00,,73.00,60.00,46.00,30.00,20.84,14.96,9.00,7.51,2.66,2.00
2026-03-28T16:52:00Z,,,,,,88.00,,73.00,60.00,46.00,30.00,20.84,11.00,7.00,5.00,2.00,2.00
2026-03-28T16:54:00Z,,,,,,88.00,,73.00,60.00,44.00,30.00,20.84,11.00,7.00,5.00,2.00,2.00
2026-03-28T16:57:00Z,,,,,,88.00,,73.00,60.00,44.00,30.00,20.84,11.00,7.00,5.00,2.00,2.00
2026-03-28T17:03:00Z,,,,,,88.00,,73.00,60.00,44.00,30.00,20.84,11.00,9.00,5.00,2.00,2.00
2026-03-28T17:10:00Z,,,,,,88.00,,73.00,60.00,44.00,30.00,20.84,14.00,9.00,5.00,2.00,2.00
2026-03-28T17:12:00Z,,,,,,88.00,,73.00,60.00,44.00,30.00,20.84,14.00,9.00,5.00,2.00,2.00
2026-03-28T17:15:00Z,,,,,,88.00,,73.41,60.00,44.00,30.00,20.84,14.00,9.00,5.00,2.00,2.00
2026-03-28T17:16:00Z,,,,,,88.00,,73.41,60.00,44.00,31.00,20.84,14.00,9.00,5.00,2.00,2.00
2026-03-28T17:18:00Z,,,,,,88.00,,73.41,60.00,44.00,31.00,20.84,14.00,9.00,5.00,2.00,2.00
2026-03-28T17:42:00Z,,,,,,88.00,,73.41,58.14,44.00,31.00,20.84,14.00,9.00,5.00,2.00,2.00
2026-03-28T17:44:00Z,,,,,,88.00,,73.41,60.00,44.00,31.00,20.84,14.00,9.00,5.00,2.00,2.00
2026-03-28T17:46:00Z,,,,,,88.00,,73.41,60.00,44.00,31.73,20.84,14.00,9.00,5.00,2.00,2.00
2026-03-28T17:47:00Z,,,,,,88.00,,73.41,58.08,44.00,31.73,20.84,14.00,9.00,5.00,2.00,2.00
2026-03-28T17:54:00Z,,,,,,88.00,,73.41,58.08,43.00,31.73,20.84,14.00,9.00,5.00,2.00,2.00
2026-03-28T17:59:00Z,,,,,,88.00,,73.41,58.08,43.00,31.73,20.84,14.00,9.00,5.00,2.00,2.00
2026-03-28T18:01:00Z,,,,,,88.00,,73.41,58.08,43.00,31.73,20.84,14.00,9.00,5.00,2.00,2.00
2026-03-28T18:15:00Z,,,,,,88.00,,73.41,60.00,43.00,31.73,20.84,14.00,9.00,5.00,2.00,2.00
2026-03-28T18:18:00Z,,,,,,88.00,,73.41,60.00,43.00,32.04,20.84,14.00,9.00,5.00,2.00,2.00
2026-03-28T18:19:00Z,,,,,,88.00,,73.41,60.00,43.00,32.04,20.84,14.00,9.00,5.00,2.00,2.00
2026-03-28T18:20:00Z,,,,,,88.00,,73.41,60.00,43.00,32.04,20.84,14.00,9.00,5.00,2.00,2.00
2026-03-28T18:22:00Z,,,,,,88.00,,73.41,60.00,42.00,32.04,20.84,14.00,9.00,5.00,2.00,2.00
2026-03-28T18:25:00Z,,,,,,88.00,,73.41,60.00,42.00,32.04,20.84,14.00,9.00,5.00,2.00,2.00
2026-03-28T18:40:00Z,,,,,,88.00,,73.41,60.00,42.00,32.04,21.00,14.00,10.00,5.00,3.01,2.00
2026-03-28T18:45:00Z,,,,,,88.00,,73.41,60.00,43.00,32.04,21.00,14.00,10.00,5.00,3.01,2.00
2026-03-28T18:46:00Z,,,,,,88.00,,73.41,60.00,43.00,32.04,21.00,14.00,10.00,5.00,3.01,2.00
2026-03-28T18:57:00Z,,,,,,88.00,,73.41,60.00,43.00,32.04,21.00,14.00,10.00,5.00,3.01,2.00
2026-03-28T19:10:00Z,,,,,,88.00,,73.41,62.00,43.00,32.04,21.00,14.00,10.00,5.00,3.01,2.00
2026-03-28T19:15:00Z,,,,,,88.00,,73.41,62.00,43.00,32.04,21.00,14.00,10.00,5.00,3.01,2.00
2026-03-28T19:20:00Z,,,,,,88.00,,73.41,62.00,43.00,32.04,21.00,15.00,10.00,5.00,3.01,2.00
2026-03-28T19:35:00Z,,,,,,88.00,,73.41,62.00,43.00,33.00,21.00,15.00,10.00,5.00,3.01,2.00
2026-03-28T19:38:00Z,,,,,,88.00,,73.00,62.00,43.00,33.00,21.00,15.00,10.00,5.00,3.01,2.00
2026-03-28T19:52:00Z,,,,,,88.00,,73.00,62.00,43.00,33.00,21.00,15.00,10.00,5.00,3.01,2.00
2026-03-28T20:10:00Z,,,,,,88.00,,73.00,62.00,43.00,33.00,21.00,15.00,10.00,5.00,3.01,2.00
2026-03-28T20:13:00Z,,,,,,88.00,,73.00,61.00,43.00,33.00,21.00,15.00,10.00,5.00,3.01,2.00
2026-03-28T20:14:00Z,,,,,,88.00,,73.00,61.00,43.00,33.00,21.00,15.00,10.00,5.00,3.01,2.00
2026-03-28T20:15:00Z,,,,,,88.00,,73.00,61.00,43.00,33.00,21.00,16.00,10.00,5.00,3.01,2.00
2026-03-28T20:17:00Z,,,,,,88.00,,73.00,61.00,43.00,33.00,21.00,16.00,10.00,5.00,3.01,2.00
2026-03-28T20:24:00Z,,,,,,88.00,,74.00,61.00,43.00,33.00,21.00,16.00,10.00,5.00,3.01,2.00
2026-03-28T20:33:00Z,,,,,,88.00,,74.00,61.00,43.00,33.00,21.00,16.00,10.00,5.00,3.01,2.00
2026-03-28T20:39:00Z,,,,,,88.00,,74.00,61.00,43.00,33.00,21.00,16.00,10.00,5.00,3.01,2.00
2026-03-28T20:52:00Z,,,,,,88.00,,74.00,61.00,43.00,31.92,21.00,16.00,10.00,5.00,3.01,2.00
2026-03-28T20:57:00Z,,,,,,88.00,,74.00,61.00,43.00,31.92,21.00,16.00,10.00,5.00,4.00,2.00
2026-03-28T20:58:00Z,,,,,,88.00,,74.00,61.00,43.00,31.92,21.00,16.00,10.00,6.00,4.00,2.00
2026-03-28T20:59:00Z,,,,,,88.00,,74.00,61.00,43.00,32.76,21.00,16.00,10.00,6.00,4.00,2.00
2026-03-28T21:03:00Z,,,,,,88.00,,74.00,61.13,43.00,32.76,21.00,16.00,10.00,6.00,4.00,2.00
2026-03-28T21:06:00Z,,,,,,88.00,,74.00,61.13,43.00,32.76,21.00,14.05,10.00,6.00,4.00,2.00
2026-03-28T21:07:00Z,,,,,,88.00,,73.00,61.13,43.00,32.76,21.00,13.16,10.00,6.00,4.00,2.00
2026-03-28T21:08:00Z,,,,,,88.00,,73.00,61.13,42.00,32.76,21.00,13.16,10.00,6.00,4.00,2.00
2026-03-28T21:15:00Z,,,,,,86.13,,73.00,61.13,42.00,32.76,21.00,13.16,10.00,6.00,4.00,2.00
2026-03-28T21:17:00Z,,,,,,86.13,,73.00,61.13,43.00,32.76,21.00,13.16,10.00,6.00,4.00,2.00
2026-03-28T21:18:00Z,,,,,,86.13,,73.00,61.13,43.00,32.76,21.00,13.16,10.00,6.00,4.00,2.00
2026-03-28T21:32:00Z,,,,,,86.13,,73.00,61.13,42.00,32.76,21.00,13.16,10.00,6.00,4.00,2.00
2026-03-28T21:44:00Z,,,,,,86.13,,73.00,62.00,42.00,32.76,21.00,13.16,10.00,6.00,4.00,2.00
2026-03-28T21:46:00Z,,,,,,86.13,,73.00,62.00,42.00,32.76,21.00,13.16,10.00,6.00,4.00,2.00
2026-03-28T21:49:00Z,,,,,,86.13,,73.00,62.00,42.00,32.76,21.00,13.16,10.00,6.00,4.00,2.00
2026-03-28T21:53:00Z,,,,,,86.13,,73.00,62.00,43.00,32.76,21.00,13.16,10.00,6.00,4.00,2.00
2026-03-28T21:56:00Z,,,,,,86.13,,73.00,62.00,43.00,32.76,21.00,13.16,10.00,6.00,4.00,2.00
2026-03-28T21:59:00Z,,,,,,86.13,,73.00,62.00,43.00,32.76,21.00,13.16,10.00,6.00,4.00,2.00
2026-03-28T22:09:00Z,,,,,,86.13,,73.00,62.00,43.00,32.76,21.00,13.16,10.00,6.00,4.00,2.00
2026-03-28T22:21:00Z,,,,,,86.13,,73.00,62.00,43.00,33.00,21.00,13.16,10.00,6.00,4.00,2.00
2026-03-28T22:39:00Z,,,,,,86.13,,73.00,62.00,43.00,33.00,21.00,13.16,10.00,6.00,4.00,2.00
2026-03-28T22:44:00Z,,,,,,86.13,,73.00,62.00,43.00,33.00,21.00,13.16,10.00,6.00,4.00,2.00
2026-03-28T22:48:00Z,,,,,,86.13,,73.00,62.00,43.00,33.00,21.00,13.16,10.00,6.00,4.00,2.00
2026-03-28T22:49:00Z,,,,,,86.13,,73.00,62.00,43.00,33.00,21.00,13.16,10.00,6.00,4.00,2.00
2026-03-28T23:03:00Z,,,,,,86.13,,73.00,62.00,43.00,33.00,21.00,13.16,10.00,6.00,4.00,2.00
2026-03-28T23:06:00Z,,,,,,86.13,,73.00,62.00,43.05,33.00,21.00,13.16,10.00,6.00,4.00,2.00
2026-03-28T23:10:00Z,,,,,,86.13,,73.00,62.00,43.05,33.00,17.13,13.16,10.00,6.00,4.00,2.00
2026-03-28T23:23:00Z,,,,,,86.13,,73.00,62.00,43.05,33.00,17.13,13.16,10.00,6.00,4.00,2.00
2026-03-28T23:31:00Z,,,,,,86.13,,73.00,62.00,44.00,33.00,17.13,13.16,10.00,6.00,4.00,2.00
2026-03-28T23:33:00Z,,,,,,86.13,,73.00,62.00,44.00,33.00,17.13,13.16,10.00,6.00,4.00,2.00
2026-03-29T00:16:00Z,,,,,,86.13,,73.00,62.00,44.00,33.00,20.55,13.16,10.00,6.00,4.00,2.00
2026-03-29T00:19:00Z,,,,,,86.13,,73.00,62.00,44.00,33.00,20.55,13.16,10.00,6.00,4.00,2.00
2026-03-29T00:31:00Z,,,,,,86.13,,73.00,62.00,42.00,33.00,20.55,13.16,10.00,6.00,4.00,2.00
2026-03-29T00:34:00Z,,,,,,86.13,,73.00,62.00,44.00,33.00,20.55,13.16,10.00,6.00,4.00,2.00
2026-03-29T00:41:00Z,,,,,,86.13,,74.00,62.00,44.00,33.00,20.55,13.16,10.00,6.00,4.00,2.00
2026-03-29T00:42:00Z,,,,,,86.13,,74.00,61.00,44.00,33.00,20.55,13.16,10.00,6.00,4.00,2.00
2026-03-29T00:46:00Z,,,,,,86.13,,74.00,61.00,44.00,33.00,20.55,13.16,10.00,6.00,4.00,2.00
2026-03-29T00:48:00Z,,,,,,86.13,,74.00,61.00,44.00,33.00,20.55,13.16,10.00,6.00,4.00,2.00
2026-03-29T00:50:00Z,,,,,,86.13,,74.00,61.00,40.94,33.00,20.55,13.16,10.00,6.00,4.00,2.00
2026-03-29T00:53:00Z,,,,,,86.13,,74.00,61.00,44.00,33.00,20.55,13.16,10.00,6.00,4.00,2.00
2026-03-29T01:00:00Z,,,,,,86.13,,74.00,61.00,44.00,33.00,20.55,13.16,10.00,6.00,4.00,2.00
2026-03-29T01:03:00Z,,,,,,86.13,,74.00,61.00,44.00,33.00,20.55,13.16,10.00,8.00,4.00,2.00
2026-03-29T01:04:00Z,,,,,,86.13,,74.00,61.00,44.00,33.00,20.55,13.16,9.00,8.00,4.00,2.00
2026-03-29T01:16:00Z,,,,,,86.13,,74.00,61.00,42.00,33.00,20.55,13.16,9.00,8.00,4.00,2.00
2026-03-29T01:18:00Z,,,,,,86.13,,74.00,61.00,42.00,33.00,21.00,13.16,9.00,8.00,4.00,2.00
2026-03-29T01:23:00Z,,,,,,86.13,,74.00,61.00,42.00,33.00,21.00,12.00,9.00,8.00,4.00,2.00
2026-03-29T01:33:00Z,,,,,,86.13,,74.00,61.00,42.00,33.00,21.00,12.00,9.00,8.00,4.00,2.00
2026-03-29T01:35:00Z,,,,,,86.13,,74.00,61.01,42.00,33.00,21.00,12.00,9.00,8.00,4.00,2.00
2026-03-29T01:36:00Z,,,,,,86.13,,74.00,61.01,42.00,33.00,21.00,12.00,9.00,8.00,4.00,2.00
2026-03-29T01:38:00Z,,,,,,86.13,,74.00,61.01,42.00,33.00,21.00,12.00,9.00,8.00,4.00,2.00
2026-03-29T01:41:00Z,,,,,,86.13,,74.00,61.01,42.00,33.00,21.00,12.00,9.00,8.00,4.00,2.00
2026-03-29T01:48:00Z,,,,,,86.13,,74.00,61.01,42.00,33.00,21.00,12.00,9.00,8.00,4.00,2.00
2026-03-29T01:53:00Z,,,,,,86.13,,74.00,61.01,42.00,33.00,21.00,12.00,9.00,8.00,4.00,2.00
2026-03-29T02:25:00Z,,,,,,86.13,,74.00,61.01,42.00,33.00,21.00,12.00,9.00,8.00,4.00,2.00
2026-03-29T02:39:00Z,,,,,,86.13,,74.00,61.00,42.00,33.00,21.00,12.00,9.00,8.00,4.00,2.00
2026-03-29T02:46:00Z,,,,,,86.13,,74.00,61.00,42.00,33.00,21.00,12.00,9.00,8.00,4.00,2.00
2026-03-29T02:48:00Z,,,,,,86.13,,74.00,61.00,42.00,33.00,21.00,12.00,9.00,8.00,4.00,2.00
2026-03-29T03:03:00Z,,,,,,86.13,,74.00,61.00,42.00,33.00,21.00,12.00,9.00,8.00,4.00,2.00
2026-03-29T03:04:00Z,,,,,,86.13,,74.00,61.00,42.00,33.00,21.00,12.00,9.00,8.00,4.00,2.00
2026-03-29T03:08:00Z,,,,,,86.13,,74.00,61.00,42.00,33.00,21.00,12.00,9.00,8.00,4.00,2.00
2026-03-29T03:12:00Z,,,,,,86.13,,74.00,61.00,42.00,33.00,21.00,12.00,9.00,8.00,4.00,2.00
2026-03-29T03:15:00Z,,,,,,86.13,,74.00,61.00,42.00,33.00,21.00,12.00,9.00,8.00,4.00,2.00
2026-03-29T03:17:00Z,,,,,,86.13,,74.00,61.00,42.00,33.00,21.00,12.00,9.00,8.00,4.00,2.23
2026-03-29T03:19:00Z,,,,,,86.13,,74.00,61.00,42.00,33.00,21.00,12.00,9.00,8.00,4.00,2.23
2026-03-29T03:21:00Z,,,,,,86.13,,74.00,61.00,42.00,33.00,21.00,12.00,9.00,8.00,4.00,2.23
2026-03-29T03:25:00Z,,,,,,86.13,,74.00,61.00,42.00,33.00,19.00,12.00,9.00,8.00,4.00,2.23
2026-03-29T03:26:00Z,,,,,,86.13,,74.00,61.00,42.00,28.20,19.00,12.00,9.00,8.00,4.00,2.23
2026-03-29T03:27:00Z,,,,,,86.13,,74.00,61.00,42.00,30.25,19.00,12.00,9.00,8.00,4.00,2.23
2026-03-29T03:37:00Z,,,,,,86.13,,74.00,61.00,42.00,30.25,19.00,12.00,9.00,8.00,4.00,2.23
2026-03-29T03:40:00Z,,,,,,86.13,,74.00,61.00,42.00,33.00,19.00,12.00,9.00,8.00,4.00,2.23
2026-03-29T03:47:00Z,,,,,,86.13,,74.00,61.00,42.00,33.00,19.00,12.00,9.00,8.00,4.00,2.23
2026-03-29T03:55:00Z,,,,,,86.13,,74.00,56.76,42.00,33.00,19.00,12.00,9.00,8.00,4.00,2.23
2026-03-29T03:58:00Z,,,,,,86.13,,74.00,56.76,42.00,33.00,19.00,12.00,9.00,8.00,4.00,2.23
2026-03-29T04:14:00Z,,,,,,86.13,,74.00,56.76,42.00,33.00,18.92,12.00,9.00,8.00,4.00,2.23
2026-03-29T04:27:00Z,,,,,,86.13,,74.00,56.76,42.00,33.00,18.92,12.00,9.00,8.00,4.00,2.23
2026-03-29T04:45:00Z,,,,,,86.13,,74.00,60.00,42.00,33.00,18.92,12.00,9.00,8.00,4.00,2.23
2026-03-29T05:17:00Z,,,,,,86.13,,74.00,60.00,42.00,33.00,18.92,12.00,9.00,8.00,4.00,2.23
2026-03-29T05:34:00Z,,,,,,86.13,,74.00,60.00,42.00,33.00,20.00,12.00,9.00,8.00,4.00,2.23
2026-03-29T05:38:00Z,,,,,,86.13,,74.00,60.00,41.00,33.00,20.00,12.00,9.00,8.00,4.00,2.23
2026-03-29T05:46:00Z,,,,,,86.13,,74.00,60.00,41.00,32.00,20.00,12.00,9.00,8.00,4.00,2.23
2026-03-29T06:00:00Z,,,,,,86.13,,74.00,60.00,41.00,32.00,20.00,12.00,9.00,8.00,4.00,2.23
2026-03-29T06:21:00Z,,,,,,86.13,,74.00,60.00,41.00,32.00,20.00,12.00,9.00,8.00,4.00,2.23
2026-03-29T06:40:00Z,,,,,,86.13,,74.00,60.00,41.00,32.00,20.00,12.00,9.00,8.00,4.00,2.23
2026-03-29T07:14:00Z,,,,,,86.13,,74.00,60.00,41.00,32.00,20.00,15.00,9.00,8.00,4.00,2.23
2026-03-29T07:26:00Z,,,,,,86.13,,74.00,59.00,41.00,32.00,20.00,15.00,9.00,8.00,4.00,2.23
2026-03-29T08:01:00Z,,,,,,86.13,,74.00,59.00,41.00,32.00,20.00,15.00,13.70,8.00,4.00,2.23
2026-03-29T08:34:00Z,,,,,,86.13,,74.00,59.00,39.00,32.00,20.00,15.00,13.70,8.00,4.00,2.23
2026-03-29T08:46:00Z,,,,,,86.13,,74.00,59.00,39.00,32.00,20.00,15.00,13.00,8.75,5.00,2.00
2026-03-29T08:47:00Z,,,,,,86.13,,74.00,59.00,39.00,32.00,20.00,15.27,13.00,8.75,5.00,2.00
2026-03-29T08:48:00Z,,,,,,86.13,,74.00,59.00,39.00,32.00,20.00,15.27,13.00,8.75,5.00,2.00
2026-03-29T08:50:00Z,,,,,,86.13,,74.00,59.00,40.09,32.00,20.00,15.27,13.00,8.75,5.00,2.00
2026-03-29T09:30:00Z,,,,,,86.13,,74.00,55.28,40.09,32.00,20.00,15.27,13.00,8.75,5.00,2.00
2026-03-29T09:51:00Z,,,,,,86.13,,74.00,55.28,40.09,32.00,20.00,15.27,13.00,8.75,5.00,2.00
2026-03-29T10:18:00Z,,,,,,86.13,,74.00,55.28,41.10,32.00,20.00,15.27,13.00,8.75,5.00,2.00
2026-03-29T11:23:00Z,,,,,,86.13,,74.00,55.28,41.00,32.00,20.00,15.27,13.00,8.75,5.00,2.00
2026-03-29T11:52:00Z,,,,,,86.13,,74.00,55.28,41.00,32.00,20.00,15.27,13.00,8.75,5.00,2.00
2026-03-29T11:57:00Z,,,,,,86.13,,74.00,55.28,41.00,32.00,20.00,15.27,13.00,8.75,5.00,2.00
2026-03-29T12:32:00Z,,,,,,86.13,,74.00,55.28,39.00,32.00,20.00,15.27,13.00,8.75,5.00,2.00
2026-03-29T12:41:00Z,,,,,,86.13,,74.00,55.28,39.00,32.00,20.00,15.27,11.00,8.75,5.00,2.00
2026-03-29T12:48:00Z,,,,,,86.13,,74.00,55.28,39.00,32.00,20.00,15.27,11.00,8.75,6.68,2.00
2026-03-29T12:49:00Z,,,,,,86.13,,74.00,55.28,41.00,32.00,20.00,15.27,11.00,8.75,6.68,2.00
2026-03-29T13:23:00Z,,,,,,86.13,,74.00,55.28,41.00,32.00,20.00,15.27,11.00,8.75,6.68,2.00
2026-03-29T13:27:00Z,,,,,,86.13,,74.00,55.28,41.00,32.00,20.00,15.27,11.00,8.75,6.68,2.00
2026-03-29T13:35:00Z,,,,,,86.13,,74.00,55.28,41.00,32.00,20.00,15.27,11.00,8.75,6.68,2.00
2026-03-29T13:39:00Z,,,,,,86.13,,74.00,55.28,41.00,32.00,20.00,15.27,11.00,8.75,6.68,2.00
2026-03-29T14:11:00Z,,,,,,86.13,,74.00,55.28,41.00,28.93,20.00,15.27,11.00,8.75,6.68,2.00
2026-03-29T14:16:00Z,,,,,,86.13,,74.00,55.00,41.00,28.93,20.00,15.27,11.00,8.75,6.68,2.00
2026-03-29T14:20:00Z,,,,,,86.13,,74.00,55.00,41.00,28.93,20.00,15.27,11.00,8.75,6.68,2.00
2026-03-29T14:39:00Z,,,,,,86.13,,74.00,55.00,41.00,22.00,20.00,15.27,11.00,8.75,6.68,2.00
2026-03-29T14:44:00Z,,,,,,86.13,,74.00,55.00,14.64,22.00,20.00,15.27,11.00,8.75,6.68,2.00
2026-03-29T14:58:00Z,,,,,,86.13,,74.00,58.37,14.64,22.00,20.00,15.27,11.00,8.75,6.68,2.00
2026-03-29T15:00:00Z,,,,,,86.13,,74.00,58.37,40.00,22.00,20.00,15.27,11.00,8.75,6.68,2.00
2026-03-29T15:01:00Z,,,,,,88.00,,74.00,57.00,40.00,31.00,20.00,15.27,11.00,8.75,6.68,2.00
2026-03-29T15:02:00Z,,,,,,88.00,,74.00,57.00,40.00,31.00,20.00,18.00,11.00,8.75,6.68,2.00
2026-03-29T15:17:00Z,,,,,,88.00,,74.00,57.00,40.00,31.00,20.00,18.00,14.00,8.75,6.68,2.00
2026-03-29T15:39:00Z,,,,,,88.00,,74.00,58.00,40.00,31.00,20.00,18.00,14.00,8.75,6.68,2.00
2026-03-29T15:40:00Z,,,,,,88.00,,74.00,58.00,40.00,31.00,20.00,18.00,20.83,8.75,6.68,2.00
2026-03-29T15:41:00Z,,,,,,88.00,,74.00,58.00,40.00,31.00,20.00,18.00,20.83,8.75,6.68,2.00
2026-03-29T15:46:00Z,,,,,,88.00,,74.00,58.00,40.00,29.00,20.00,18.00,20.83,8.75,6.68,2.00
2026-03-29T15:47:00Z,,,,,,88.00,,74.00,58.00,40.00,29.00,20.00,18.00,24.57,8.75,6.68,2.00
2026-03-29T15:48:00Z,,,,,,88.00,,74.00,58.00,40.00,29.00,21.00,18.00,33.00,8.75,6.68,2.00
2026-03-29T15:51:00Z,,,,,,88.00,,74.00,58.00,40.00,29.00,21.00,18.00,33.00,8.75,6.00,2.00
2026-03-29T15:52:00Z,,,,,,88.00,,74.00,58.00,40.00,29.00,21.00,18.00,33.00,8.75,7.00,2.00
2026-03-29T15:54:00Z,,,,,,88.00,,77.70,58.00,40.00,29.00,21.00,18.00,33.00,8.75,6.00,2.00
2026-03-29T15:55:00Z,,,,,,88.00,,77.70,58.00,39.00,29.00,21.00,18.00,33.00,8.75,6.00,2.00
2026-03-29T15:57:00Z,,,,,,88.00,,77.70,58.00,39.00,29.00,21.00,18.00,33.00,8.75,6.00,2.00
2026-03-29T16:13:00Z,,,,,,88.00,,77.70,58.00,39.00,28.00,21.00,18.00,33.00,8.75,6.00,2.00
2026-03-29T16:18:00Z,,,,,,88.00,,77.70,55.00,39.00,28.00,21.00,18.00,33.00,8.75,6.00,2.00
2026-03-29T16:19:00Z,,,,,,88.00,,77.70,55.00,39.00,28.00,21.00,18.00,33.00,8.75,6.00,2.00
2026-03-29T16:20:00Z,,,,,,88.00,,77.70,55.00,39.00,16.00,21.00,18.00,33.00,8.75,6.00,2.00
2026-03-29T16:53:00Z,,,,,,88.00,,77.70,55.00,39.00,16.00,21.00,18.00,33.00,6.00,4.00,2.00
2026-03-29T17:09:00Z,,,,,,88.00,,77.70,58.00,39.00,16.00,21.00,18.00,33.00,6.00,4.00,2.00
2026-03-29T17:20:00Z,,,,,,88.00,,77.70,58.00,39.00,16.00,21.00,18.00,33.00,6.00,4.00,2.00
2026-03-29T17:21:00Z,,,,,,88.00,,77.70,58.00,35.00,16.00,21.00,18.00,33.00,6.00,4.00,2.00
2026-03-29T17:29:00Z,,,,,,88.00,,77.70,58.00,35.00,16.00,21.00,18.00,33.00,6.00,4.00,2.00
2026-03-29T17:31:00Z,,,,,,88.00,,77.70,58.00,35.00,16.00,21.00,18.00,33.00,6.00,4.00,2.00
2026-03-29T17:49:00Z,,,,,,88.00,,77.70,58.00,35.00,16.00,21.00,18.00,33.00,6.00,4.00,2.00
2026-03-29T17:53:00Z,,,,,,88.00,,77.70,58.00,35.00,29.85,21.00,18.00,33.00,6.00,4.00,2.00
2026-03-29T18:21:00Z,,,,,,88.00,,77.70,58.00,35.00,29.85,21.00,18.00,33.00,6.00,4.00,2.00
2026-03-29T18:35:00Z,,,,,,88.00,,77.70,58.00,33.48,29.85,21.00,18.00,33.00,6.00,4.00,2.00
2026-03-29T18:38:00Z,,,,,,88.00,,77.70,58.00,33.48,29.85,21.00,18.00,33.00,6.00,4.00,2.00
2026-03-29T18:52:00Z,,,,,,88.00,,77.70,58.00,33.48,29.85,21.00,18.00,15.66,6.00,4.00,2.00
2026-03-29T18:55:00Z,,,,,,88.00,,77.70,58.00,33.48,29.85,21.00,18.00,15.66,8.53,4.00,2.00
2026-03-29T18:56:00Z,,,,,,88.00,,77.70,58.00,33.48,29.85,21.00,18.00,15.66,8.53,6.00,2.00
2026-03-29T18:58:00Z,,,,,,88.00,,77.70,58.00,33.48,19.00,21.00,18.00,15.66,8.53,6.00,2.00
2026-03-29T18:59:00Z,,,,,,88.00,,77.70,58.00,33.48,19.00,21.00,18.00,15.66,8.53,6.00,2.00
2026-03-29T19:01:00Z,,,,,,88.00,,45.98,58.00,33.48,19.00,21.00,18.00,15.66,8.53,6.00,2.00
2026-03-29T19:09:00Z,,,,,,88.00,,45.98,58.00,33.48,19.00,18.00,18.00,13.00,8.53,6.00,2.00
2026-03-29T19:14:00Z,,,,,,88.00,,45.98,58.00,33.48,19.00,17.89,14.80,13.00,8.53,6.00,2.00
2026-03-29T19:17:00Z,,,,,,88.00,,45.98,58.00,33.48,19.00,17.89,14.80,12.04,8.53,6.00,2.00
2026-03-29T19:19:00Z,,,,,,88.00,,45.98,53.00,33.48,19.00,17.89,14.80,12.04,8.53,6.00,2.00
2026-03-29T19:31:00Z,,,,,,88.00,,45.98,53.00,34.61,19.00,17.89,14.80,12.04,8.53,6.00,2.00
2026-03-29T19:35:00Z,,,,,,88.00,,45.98,53.00,35.00,19.00,17.89,14.80,12.04,8.53,6.00,2.00
2026-03-29T19:45:00Z,,,,,,88.00,,72.00,53.00,35.00,19.00,17.89,14.80,12.04,8.53,6.00,2.00
2026-03-29T19:46:00Z,,,,,,88.00,,72.00,58.00,35.00,19.00,17.89,14.80,12.04,8.53,6.00,2.00
2026-03-29T19:51:00Z,,,,,,88.00,,72.00,58.00,35.00,19.00,17.89,14.80,12.04,8.53,6.00,2.00
2026-03-29T19:56:00Z,,,,,,88.00,,72.00,58.00,35.00,19.00,17.89,16.00,12.04,8.53,6.00,2.00
2026-03-29T20:03:00Z,,,,,,88.00,,72.00,58.00,36.00,19.00,17.89,16.00,12.04,8.53,6.00,2.00
2026-03-29T20:06:00Z,,,,,,88.00,,72.00,58.00,36.00,19.00,17.89,16.00,12.04,8.53,6.00,2.00
2026-03-29T20:08:00Z,,,,,,88.00,,74.07,58.00,36.00,19.00,17.89,16.00,12.04,8.53,6.00,2.00
2026-03-29T20:09:00Z,,,,,,88.00,,71.00,58.00,36.00,19.00,17.89,16.00,12.04,8.53,6.00,2.00
2026-03-29T20:11:00Z,,,,,,88.00,,71.00,58.00,36.00,19.00,17.89,16.00,12.04,8.53,6.00,2.00
2026-03-29T20:15:00Z,,,,,,88.00,,71.15,58.00,36.00,19.00,17.89,16.00,12.04,8.53,6.00,2.00
2026-03-29T20:22:00Z,,,,,,88.00,,71.15,58.00,36.00,19.00,20.00,16.00,12.04,8.53,6.00,2.00
2026-03-29T20:23:00Z,,,,,,88.00,,71.15,58.00,35.00,19.00,20.00,16.00,12.04,8.53,6.00,2.00
2026-03-29T20:33:00Z,,,,,,88.00,,71.15,58.00,35.00,19.00,20.00,16.00,12.04,8.53,3.49,2.00
2026-03-29T20:40:00Z,,,,,,88.00,,71.15,58.00,35.00,19.00,17.00,16.00,12.04,8.53,3.49,2.00
2026-03-29T20:59:00Z,,,,,,88.00,,71.15,57.00,35.00,19.00,17.00,16.00,12.04,8.53,3.49,2.00
2026-03-29T21:12:00Z,,,,,,88.00,,71.15,57.87,35.00,19.00,17.00,16.00,12.04,8.53,3.49,2.00
2026-03-29T21:45:00Z,,,,,,88.00,,71.15,57.87,35.00,24.00,17.00,16.00,12.04,8.53,3.49,2.00
2026-03-29T21:50:00Z,,,,,,88.00,,71.15,58.00,35.00,24.00,17.00,16.00,12.04,8.53,3.49,2.00
2026-03-29T22:09:00Z,,,,,,88.00,,71.15,58.00,35.00,24.00,17.00,16.00,12.04,8.53,3.49,2.00
2026-03-29T22:10:00Z,,,,,,88.00,,71.15,58.00,35.00,27.00,17.00,16.00,12.04,8.53,3.49,2.00
2026-03-29T22:12:00Z,,,,,,88.00,,71.15,58.00,35.00,27.00,16.00,16.00,12.04,8.53,3.49,2.00
2026-03-29T22:16:00Z,,,,,,88.00,,71.15,58.00,34.30,27.00,16.00,16.00,12.04,8.53,3.49,2.00
2026-03-29T22:32:00Z,,,,,,88.00,,75.17,58.00,34.30,27.00,16.00,16.00,12.04,8.53,3.49,2.00
2026-03-29T22:38:00Z,,,,,,88.00,,55.40,58.00,34.30,27.00,16.00,16.00,12.04,8.53,3.49,2.00
2026-03-29T22:43:00Z,,,,,,88.00,,55.40,53.50,35.00,27.00,16.00,16.00,12.04,8.53,3.49,2.00
2026-03-29T22:52:00Z,,,,,,88.00,,55.40,53.50,35.00,27.00,16.00,16.00,12.04,8.53,3.49,2.00
2026-03-29T22:58:00Z,,,,,,88.00,,72.23,53.50,35.00,27.00,16.00,16.00,12.04,8.53,3.49,2.00
2026-03-29T23:10:00Z,,,,,,88.00,,72.23,53.50,35.00,27.00,16.00,16.00,12.04,8.53,3.49,2.00
2026-03-29T23:40:00Z,,,,,,88.00,,72.23,53.50,35.00,27.00,16.25,16.00,12.04,8.53,3.49,2.00
2026-03-29T23:41:00Z,,,,,,88.00,,72.23,53.50,34.00,27.00,16.25,16.00,12.04,8.53,3.49,2.00
2026-03-29T23:51:00Z,,,,,,88.00,,72.23,57.00,34.00,27.00,16.25,16.00,12.56,8.53,3.49,2.00
2026-03-29T23:52:00Z,,,,,,88.00,,72.23,57.00,34.00,27.00,16.25,16.00,12.56,8.53,6.00,2.00
2026-03-30T00:04:00Z,,,,,,88.00,,72.23,57.00,34.00,27.00,16.25,16.00,12.56,8.53,6.00,2.00
2026-03-30T00:06:00Z,,,,,,88.00,,72.23,57.00,34.00,27.00,16.25,17.00,12.56,8.53,6.00,2.00
2026-03-30T00:10:00Z,,,,,,88.00,,72.23,57.00,34.00,27.00,16.00,17.00,12.56,8.53,6.00,2.00
2026-03-30T00:14:00Z,,,,,,88.00,,72.23,55.00,34.00,27.00,16.00,17.00,12.56,8.53,6.00,2.00
2026-03-30T00:15:00Z,,,,,,88.00,,72.23,55.00,34.00,27.00,16.00,17.00,12.56,8.53,6.00,2.00
2026-03-30T00:17:00Z,,,,,,88.00,,72.23,55.00,34.00,27.00,16.00,17.00,12.56,8.00,6.00,2.00
2026-03-30T00:18:00Z,,,,,,88.00,,72.23,55.00,34.00,29.00,16.00,17.00,12.56,8.00,6.00,2.00
2026-03-30T00:28:00Z,,,,,,83.67,,72.23,55.00,34.70,29.00,16.00,17.00,10.32,5.14,6.00,2.00
2026-03-30T00:43:00Z,,,,,,83.67,,72.23,53.00,34.70,29.00,16.00,17.00,10.32,5.14,6.00,2.00
2026-03-30T00:48:00Z,,,,,,83.67,,72.23,55.00,34.70,29.00,16.00,17.00,10.32,5.14,6.00,2.00
2026-03-30T00:49:00Z,,,,,,83.67,,72.23,55.00,34.70,29.00,13.00,17.00,10.32,5.14,6.00,2.00
2026-03-30T00:50:00Z,,,,,,83.67,,72.23,55.00,35.00,29.00,13.00,17.00,10.32,5.14,6.00,2.00
2026-03-30T00:51:00Z,,,,,,83.67,,72.23,55.00,35.00,29.00,13.00,17.00,10.32,5.14,6.00,2.00
2026-03-30T00:52:00Z,,,,,,83.67,,72.23,55.00,35.00,30.00,13.00,17.00,10.32,5.14,6.00,2.00
2026-03-30T00:56:00Z,,,,,,83.67,,72.23,55.00,35.00,30.00,13.00,17.00,10.32,5.14,4.00,2.00
2026-03-30T01:08:00Z,,,,,,83.67,,72.23,55.00,35.00,30.00,13.00,17.00,10.32,5.14,4.00,2.00
2026-03-30T01:13:00Z,,,,,,83.67,,72.23,55.00,35.00,30.00,13.00,17.00,10.32,4.12,4.00,2.00
2026-03-30T01:20:00Z,,,,,,83.67,,72.23,55.00,35.00,30.00,13.00,17.00,10.32,4.12,4.00,2.00
2026-03-30T01:22:00Z,,,,,,82.00,,72.23,55.00,35.00,30.00,13.00,17.00,10.32,4.12,4.00,2.00
2026-03-30T01:23:00Z,,,,,,82.00,,72.23,55.00,34.00,30.00,13.00,17.00,10.32,4.12,4.00,2.00
2026-03-30T01:25:00Z,,,,,,82.00,,72.23,55.00,35.00,29.00,13.00,17.00,10.32,4.12,4.00,2.00
2026-03-30T01:26:00Z,,,,,,82.00,,72.23,53.66,35.00,29.00,13.00,17.00,10.32,4.12,4.00,2.00
2026-03-30T01:28:00Z,,,,,,82.00,,72.23,53.66,35.00,29.00,13.00,17.00,10.32,4.12,4.00,2.00
2026-03-30T01:31:00Z,,,,,,82.00,,72.23,53.66,35.00,29.00,13.00,17.00,10.32,4.12,4.00,2.00
2026-03-30T01:42:00Z,,,,,,82.00,,72.23,51.56,35.00,29.00,13.00,17.00,10.32,4.12,4.00,2.00
2026-03-30T01:43:00Z,,,,,,82.00,,72.23,51.56,35.00,29.00,13.00,17.00,10.32,4.12,4.00,2.00
2026-03-30T01:47:00Z,,,,,,82.00,,72.23,48.00,35.00,29.00,13.00,17.00,10.32,4.12,4.00,2.00
2026-03-30T01:50:00Z,,,,,,82.00,,72.23,48.00,35.00,29.00,13.00,17.00,10.32,6.00,4.00,2.00
2026-03-30T02:16:00Z,,,,,,82.00,,70.00,48.00,33.00,29.00,13.00,17.00,10.32,6.00,4.00,2.00
2026-03-30T02:19:00Z,,,,,,82.00,,70.00,53.00,33.00,29.00,13.00,17.00,10.32,6.00,4.00,2.00
2026-03-30T02:22:00Z,,,,,,82.00,,70.00,48.00,33.00,29.00,13.00,17.00,10.32,6.00,4.00,2.00
2026-03-30T02:26:00Z,,,,,,82.00,,70.00,54.29,33.00,29.00,13.00,17.00,10.32,6.00,4.00,2.00
2026-03-30T02:32:00Z,,,,,,82.00,,70.00,54.29,33.00,29.00,17.00,17.00,10.32,6.00,4.00,2.00
2026-03-30T02:46:00Z,,,,,,82.00,,70.00,54.29,27.91,29.00,17.00,17.00,10.32,6.00,4.00,2.00
2026-03-30T02:55:00Z,,,,,,82.00,,70.00,54.29,27.91,30.00,17.00,17.00,10.32,6.00,4.00,2.00
2026-03-30T03:14:00Z,,,,,,82.00,,70.00,54.29,27.91,30.00,17.00,17.00,7.32,6.00,4.00,2.00
2026-03-30T03:16:00Z,,,,,,82.00,,70.00,54.29,27.91,30.00,17.00,17.00,8.00,6.00,4.00,2.00
2026-03-30T03:18:00Z,,,,,,82.00,,70.00,54.29,27.91,30.00,17.00,17.00,8.00,6.00,4.00,2.00
2026-03-30T03:19:00Z,,,,,,82.00,,70.00,54.29,27.91,30.00,17.00,17.00,8.30,6.00,4.00,2.00
2026-03-30T03:25:00Z,,,,,,82.00,,70.00,55.00,27.91,30.00,17.00,17.00,8.30,6.00,4.00,2.00
2026-03-30T03:28:00Z,,,,,,82.00,,72.00,55.00,27.91,30.00,17.00,17.00,8.30,6.00,4.00,2.00
2026-03-30T03:29:00Z,,,,,,82.00,,72.00,55.00,33.00,30.00,17.00,17.00,8.30,6.00,4.00,2.00
2026-03-30T03:30:00Z,,,,,,82.00,,72.00,55.00,33.00,30.00,17.00,17.00,8.30,5.00,4.00,2.00
2026-03-30T03:33:00Z,,,,,,82.00,,72.00,55.00,33.00,30.00,17.00,17.00,8.30,5.00,4.00,2.00
2026-03-30T03:37:00Z,,,,,,82.00,,72.00,55.00,33.00,30.00,17.00,17.00,8.30,5.00,4.00,2.00
2026-03-30T03:41:00Z,,,,,,82.00,,72.00,55.00,33.00,30.00,17.00,17.00,8.30,5.00,4.00,2.00
2026-03-30T03:52:00Z,,,,,,82.00,,72.00,55.00,33.00,30.00,17.00,17.00,8.30,5.00,4.00,2.00
2026-03-30T04:03:00Z,,,,,,82.00,,72.00,55.00,33.00,30.00,17.00,17.00,8.30,5.00,4.00,2.00
2026-03-30T04:17:00Z,,,,,,82.00,,72.00,55.00,33.00,30.00,17.00,17.00,8.30,4.00,4.00,2.00
2026-03-30T04:41:00Z,,,,,,83.00,,72.00,54.00,33.00,30.00,17.00,17.00,8.30,4.00,4.00,2.00
2026-03-30T04:48:00Z,,,,,,83.00,,72.00,54.00,33.00,30.00,17.00,17.00,12.00,4.00,4.00,2.00
2026-03-30T04:51:00Z,,,,,,83.00,,72.00,54.00,33.00,30.00,17.00,17.00,12.00,5.74,4.00,2.00
2026-03-30T04:52:00Z,,,,,,83.00,,72.00,54.00,33.00,30.00,17.00,17.00,12.00,6.97,4.00,2.00
2026-03-30T05:05:00Z,,,,,,83.00,,72.00,51.02,33.00,30.00,17.00,17.00,12.00,6.97,4.00,2.00
2026-03-30T05:06:00Z,,,,,,83.00,,72.00,51.02,33.00,30.00,17.00,17.00,12.00,6.97,4.00,2.00
2026-03-30T05:10:00Z,,,,,,83.00,,72.00,54.89,33.00,30.00,15.00,17.00,12.00,6.97,4.00,2.00
2026-03-30T05:12:00Z,,,,,,83.00,,72.00,54.89,33.00,30.00,15.00,17.00,12.00,6.97,4.00,2.00
2026-03-30T05:15:00Z,,,,,,83.00,,72.00,55.00,33.00,30.00,15.00,17.00,12.00,6.97,4.00,2.00
2026-03-30T05:28:00Z,,,,,,83.00,,72.00,55.00,30.00,30.00,15.00,17.00,12.00,6.97,4.00,2.00
2026-03-30T05:30:00Z,,,,,,83.00,,72.00,55.00,33.00,30.00,15.00,17.00,12.00,6.97,4.00,2.00
2026-03-30T05:31:00Z,,,,,,83.00,,72.00,54.39,33.00,30.00,15.00,17.00,12.00,6.97,4.00,2.00
2026-03-30T05:32:00Z,,,,,,83.00,,72.00,54.39,33.00,30.00,15.00,17.00,12.00,6.97,4.00,2.00
2026-03-30T05:33:00Z,,,,,,83.00,,72.00,54.39,33.00,30.00,15.00,17.00,12.00,6.97,4.00,2.00
2026-03-30T05:52:00Z,,,,,,83.00,,72.00,54.39,33.00,30.00,15.00,17.00,12.00,6.97,3.00,2.00
2026-03-30T05:53:00Z,,,,,,83.00,,72.00,54.39,33.00,30.00,15.00,17.00,12.00,3.02,3.00,2.00
2026-03-30T05:54:00Z,,,,,,83.00,,72.00,54.39,33.00,30.00,15.00,17.00,12.00,3.00,3.00,2.00
2026-03-30T05:56:00Z,,,,,,83.00,,72.00,54.39,33.00,30.00,15.00,17.00,12.00,3.00,3.00,2.00
2026-03-30T06:14:00Z,,,,,,83.00,,72.00,54.39,33.00,30.00,15.00,17.00,12.00,3.00,3.00,2.00
2026-03-30T06:17:00Z,,,,,,83.00,,74.00,54.39,33.00,30.00,15.00,17.00,12.00,3.00,3.00,2.00
2026-03-30T06:24:00Z,,,,,,83.00,,74.00,54.39,33.00,30.00,15.00,17.00,10.00,3.00,3.00,2.00
2026-03-30T06:25:00Z,,,,,,83.00,,74.00,54.39,33.00,30.00,15.00,17.00,10.00,2.00,3.00,2.00
2026-03-30T06:28:00Z,,,,,,83.00,,74.00,55.00,33.00,30.00,15.00,17.00,10.00,2.00,3.00,2.00
2026-03-30T06:32:00Z,,,,,,83.00,,74.00,55.00,33.00,30.00,15.00,17.00,10.00,2.00,3.00,2.00
2026-03-30T06:33:00Z,,,,,,83.00,,74.00,55.00,33.00,30.00,15.00,17.00,10.00,2.00,3.00,2.00
2026-03-30T06:37:00Z,,,,,,83.00,,74.00,55.00,30.00,30.00,15.00,17.00,10.00,2.00,3.00,2.00
2026-03-30T06:43:00Z,,,,,,83.00,,74.00,55.00,30.00,30.00,15.00,17.00,10.00,2.00,3.00,2.00
2026-03-30T06:44:00Z,,,,,,83.00,,74.63,55.00,30.00,30.00,15.00,17.00,10.00,2.00,3.00,2.00
2026-03-30T07:03:00Z,,,,,,83.00,,74.63,55.00,30.00,30.00,15.00,9.00,6.88,2.00,3.00,2.00
2026-03-30T07:21:00Z,,,,,,83.00,,74.63,55.00,30.00,30.00,15.00,9.00,6.88,2.00,3.00,2.00
2026-03-30T07:23:00Z,,,,,,83.00,,74.63,55.00,30.00,30.00,15.00,12.00,6.88,2.00,3.00,2.00
2026-03-30T07:41:00Z,,,,,,83.00,,74.63,55.00,30.00,30.00,15.00,12.00,8.11,2.00,3.00,2.00
2026-03-30T08:01:00Z,,,,,,83.00,,74.63,55.00,30.00,30.00,15.00,12.00,11.00,2.00,3.00,2.00
2026-03-30T08:17:00Z,,,,,,83.00,,74.63,55.00,30.00,30.00,15.00,12.00,11.00,3.00,3.00,2.00
2026-03-30T08:22:00Z,,,,,,83.00,,74.63,56.00,30.00,30.00,15.00,12.00,11.00,3.00,3.00,2.00
2026-03-30T08:29:00Z,,,,,,83.00,,74.63,54.80,30.00,30.00,15.00,12.00,11.00,3.00,3.00,2.00
2026-03-30T09:02:00Z,,,,,,83.00,,74.63,54.80,30.00,30.00,15.00,8.00,11.00,3.00,3.00,2.00
2026-03-30T09:03:00Z,,,,,,83.00,,74.63,54.80,30.00,30.00,15.37,8.00,11.00,3.00,3.00,2.00
2026-03-30T09:16:00Z,,,,,,83.00,,74.63,55.00,33.00,30.00,15.37,8.00,11.00,3.00,3.00,2.00
2026-03-30T09:43:00Z,,,,,,83.00,,74.63,55.00,33.00,30.00,15.37,8.00,11.00,2.00,3.00,2.00
2026-03-30T09:45:00Z,,,,,,83.00,,74.63,55.00,33.00,30.00,15.37,8.00,11.00,2.00,3.00,2.00
2026-03-30T10:30:00Z,,,,,,83.00,,74.63,55.00,33.00,30.00,15.37,8.00,11.00,2.00,3.00,2.00
2026-03-30T11:00:00Z,,,,,,83.00,,74.63,55.00,33.00,30.00,15.37,8.00,11.00,3.00,3.00,2.00
2026-03-30T11:01:00Z,,,,,,83.00,,74.63,55.00,33.00,30.00,15.37,10.00,11.00,3.00,3.00,2.00
2026-03-30T11:34:00Z,,,,,,83.00,,74.63,55.00,33.00,30.00,15.37,10.00,11.00,3.00,3.00,2.00
2026-03-30T11:43:00Z,,,,,,83.00,,74.63,55.00,33.00,30.00,15.37,10.00,11.00,3.00,3.00,2.00
2026-03-30T11:45:00Z,,,,,,83.00,,74.63,55.00,33.00,30.00,15.37,10.00,10.00,3.00,3.00,2.00
2026-03-30T11:53:00Z,,,,,,83.00,,74.63,55.00,33.00,47.00,15.37,10.00,10.00,3.00,3.00,2.00
2026-03-30T11:56:00Z,,,,,,83.00,,74.63,55.00,33.00,47.00,14.00,10.00,10.00,3.00,3.00,2.00
2026-03-30T12:00:00Z,,,,,,83.00,,74.63,55.00,33.00,47.00,14.00,10.00,10.00,3.86,3.00,2.00
2026-03-30T12:05:00Z,,,,,,78.48,,74.63,55.00,33.00,47.00,14.00,10.00,10.00,3.86,3.00,2.00
2026-03-30T12:10:00Z,,,,,,78.48,,74.63,55.00,33.00,47.00,14.00,10.19,10.00,3.86,3.00,2.00
2026-03-30T12:20:00Z,,,,,,78.48,,74.63,55.00,33.00,47.00,14.00,10.19,10.00,3.86,3.00,2.00
2026-03-30T12:30:00Z,,,,,,78.48,,74.00,55.00,33.00,47.00,14.00,10.19,10.00,3.86,3.00,2.00
2026-03-30T12:36:00Z,,,,,,78.48,,75.00,55.00,33.00,47.00,14.00,10.19,10.00,3.86,3.00,2.00
2026-03-30T12:50:00Z,,,,,,78.48,,75.00,55.00,34.00,47.00,14.00,10.19,10.00,3.86,3.00,2.00
2026-03-30T12:51:00Z,,,,,,78.48,,75.00,55.00,34.00,47.00,14.00,10.00,10.00,3.86,3.00,2.00
2026-03-30T12:58:00Z,,,,,,78.48,,75.00,55.00,34.00,43.00,14.00,10.00,10.00,3.86,3.00,2.00
2026-03-30T12:59:00Z,,,,,,78.48,,75.00,55.00,34.29,43.00,14.00,10.00,10.00,3.86,3.00,2.00
2026-03-30T13:15:00Z,,,,,,78.48,,75.00,56.00,34.29,43.00,14.00,10.00,10.00,3.86,3.00,2.00
2026-03-30T13:22:00Z,,,,,,78.48,,75.00,56.00,34.29,43.00,13.00,10.00,10.00,3.86,3.00,2.00
2026-03-30T13:24:00Z,,,,,,78.48,,75.00,56.00,34.00,35.00,13.00,10.00,10.00,3.86,3.00,2.00
2026-03-30T13:27:00Z,,,,,,78.48,,75.00,56.00,34.00,35.00,13.00,7.81,7.00,3.86,3.00,2.00
2026-03-30T13:28:00Z,,,,,,78.48,,75.00,56.00,34.00,35.00,13.00,7.81,7.00,2.00,3.00,2.00
2026-03-30T13:29:00Z,,,,,,79.00,,75.00,56.00,34.00,35.00,13.00,7.81,7.00,2.00,3.00,2.00
2026-03-30T13:33:00Z,,,,,,79.00,,75.00,56.00,34.00,35.00,13.00,7.81,7.00,2.00,3.00,2.00
2026-03-30T13:35:00Z,,,,,,79.00,,75.00,56.00,34.00,35.00,15.00,7.81,7.00,2.00,3.00,2.00
2026-03-30T13:38:00Z,,,,,,79.00,,75.00,56.00,33.00,33.13,15.00,7.81,7.00,2.00,3.00,2.00
2026-03-30T13:39:00Z,,,,,,79.00,,75.00,56.00,33.00,32.00,15.00,7.81,7.00,2.00,3.00,2.00
2026-03-30T13:41:00Z,,,,,,79.00,,75.00,56.00,33.00,32.00,15.00,7.81,7.00,2.00,3.00,2.00
2026-03-30T13:43:00Z,,,,,,79.90,,75.00,56.00,33.00,32.00,15.00,7.81,7.00,2.00,3.00,2.00
2026-03-30T13:46:00Z,,,,,,79.90,,75.00,56.00,33.00,32.00,15.00,7.81,7.00,2.00,3.00,2.00
2026-03-30T13:48:00Z,,,,,,79.90,,75.00,56.00,33.00,32.00,15.29,7.81,7.00,2.00,3.00,2.00
2026-03-30T13:59:00Z,,,,,,79.90,,75.00,56.00,33.09,32.00,15.29,7.81,7.00,2.00,3.00,2.00
2026-03-30T14:01:00Z,,,,,,79.90,,75.00,56.00,33.00,32.00,15.29,7.81,7.00,2.00,3.00,2.00
2026-03-30T14:06:00Z,,,,,,79.90,,75.00,56.00,34.00,32.00,15.29,7.81,7.00,2.00,3.00,2.00
2026-03-30T14:15:00Z,,,,,,79.90,,75.00,56.00,34.00,32.00,15.29,7.81,7.00,2.00,3.00,2.00
2026-03-30T14:16:00Z,,,,,,79.90,,75.00,56.00,34.00,32.00,15.29,7.81,7.00,2.00,3.00,2.00
2026-03-30T14:19:00Z,,,,,,79.90,,75.00,56.00,34.00,30.00,15.29,7.81,7.00,2.00,3.00,2.00
2026-03-30T14:30:00Z,,,,,,79.90,,75.00,56.00,33.00,30.00,15.29,7.81,7.00,2.00,3.00,2.00
2026-03-30T14:39:00Z,,,,,,79.90,,75.00,55.62,33.00,30.00,15.29,7.81,7.00,2.00,3.00,2.00
2026-03-30T14:48:00Z,,,,,,79.90,,75.00,55.62,33.00,30.00,15.29,7.81,7.00,2.00,3.00,2.00
2026-03-30T14:50:00Z,,,,,,79.90,,75.00,56.90,33.00,30.00,15.29,7.81,7.00,2.00,3.00,2.00
2026-03-30T14:52:00Z,,,,,,79.90,,75.00,56.90,33.98,29.00,15.29,7.81,7.00,2.00,3.00,2.00
2026-03-30T14:53:00Z,,,,,,79.90,,75.00,59.00,33.98,29.00,15.29,7.81,7.00,2.00,3.00,2.00
2026-03-30T15:01:00Z,,,,,,79.90,,75.00,59.00,35.00,29.00,15.29,7.81,7.00,2.00,3.00,2.00
2026-03-30T15:03:00Z,,,,,,79.90,,75.00,59.81,36.00,29.00,15.29,7.81,7.00,2.00,3.00,2.00
2026-03-30T15:04:00Z,,,,,,79.90,,75.00,59.81,57.00,29.00,15.29,7.81,7.00,2.00,3.00,2.00
2026-03-30T15:07:00Z,,,,,,81.00,,75.00,59.81,57.00,29.00,15.29,7.81,7.00,2.00,3.00,2.00
2026-03-30T15:12:00Z,,,,,,81.00,,74.00,59.81,57.00,29.00,15.29,7.81,7.00,2.00,3.00,2.00
2026-03-30T15:14:00Z,,,,,,81.00,,74.00,59.81,57.00,29.00,15.29,7.81,7.00,2.00,2.00,2.00
2026-03-30T15:20:00Z,,,,,,81.00,,74.00,59.81,35.94,29.00,15.29,7.81,7.00,2.00,2.00,2.00
2026-03-30T15:24:00Z,,,,,,81.00,,74.00,59.81,35.94,29.00,15.29,7.81,6.00,2.00,2.00,2.00
2026-03-30T15:26:00Z,,,,,,88.00,,74.00,59.81,35.94,29.00,15.29,8.00,6.00,2.00,2.00,2.00
2026-03-30T15:27:00Z,,,,,,88.00,,74.00,59.81,53.00,29.00,15.29,8.00,6.00,2.00,2.00,2.00
2026-03-30T15:28:00Z,,,,,,88.00,,74.00,59.00,53.75,29.00,15.29,8.00,6.00,2.00,2.00,2.00
2026-03-30T15:29:00Z,,,,,,88.00,,74.00,59.00,53.75,28.31,15.29,8.00,5.00,2.00,2.00,2.00
2026-03-30T15:30:00Z,,,,,,88.00,,74.00,59.00,53.70,28.31,15.29,8.00,5.00,2.00,2.00,2.00
2026-03-30T15:34:00Z,,,,,,88.00,,74.00,59.00,53.70,28.31,15.29,8.00,5.00,2.00,2.00,2.00
2026-03-30T15:36:00Z,,,,,,88.00,,74.00,59.00,54.78,28.31,15.29,8.00,5.00,2.00,2.00,2.00
2026-03-30T15:38:00Z,,,,,,88.00,,74.00,59.00,45.24,28.31,15.29,8.00,5.00,2.00,2.00,2.00
2026-03-30T15:43:00Z,,,,,,88.00,,74.00,59.00,45.24,28.31,15.29,8.00,5.00,2.00,2.00,2.00
2026-03-30T15:44:00Z,,,,,,88.00,,74.00,59.00,45.24,28.31,15.29,8.00,5.00,2.00,2.00,2.00
2026-03-30T15:47:00Z,,,,,,88.00,,74.00,59.00,45.24,28.31,15.29,8.00,5.82,2.00,2.00,2.00
2026-03-30T15:48:00Z,,,,,,84.00,,72.00,57.00,45.24,28.31,15.29,8.00,5.27,2.00,2.00,2.00
2026-03-30T15:50:00Z,,,,,,84.00,,72.00,57.00,42.70,28.31,15.29,8.00,5.27,2.00,2.00,2.00
2026-03-30T15:52:00Z,,,,,,84.00,,72.77,57.00,39.25,28.31,15.29,8.00,5.27,2.00,2.00,2.00
2026-03-30T15:55:00Z,,,,,,84.00,,72.77,57.00,44.68,28.31,15.29,8.00,5.27,2.00,2.00,1.00
2026-03-30T15:58:00Z,,,,,,84.00,,73.00,57.00,44.68,28.31,15.29,8.00,5.27,2.00,2.00,1.00
2026-03-30T16:00:00Z,,,,,,84.00,,73.00,59.00,44.68,28.31,15.29,8.00,5.27,2.00,2.00,1.00
2026-03-30T16:01:00Z,,,,,,82.66,,73.00,58.00,44.68,28.31,15.29,8.00,5.27,2.00,2.00,1.00
2026-03-30T16:05:00Z,,,,,,82.66,,73.00,58.00,44.68,28.31,15.29,8.00,5.27,3.00,2.00,1.00
2026-03-30T16:07:00Z,,,,,,82.66,,73.00,58.00,44.68,28.31,15.00,8.00,5.27,3.00,2.00,1.00
2026-03-30T16:08:00Z,,,,,,82.66,,73.00,58.00,44.68,28.31,15.00,8.00,5.27,3.00,2.00,1.00
2026-03-30T16:11:00Z,,,,,,82.66,,73.00,58.00,44.68,28.31,15.00,8.00,5.27,3.00,2.00,1.00
2026-03-30T16:18:00Z,,,,,,82.66,,73.94,56.62,44.68,28.31,15.00,8.00,5.27,3.00,2.00,1.00
2026-03-30T16:19:00Z,,,,,,82.72,,73.73,56.62,44.68,28.31,15.00,8.00,5.27,3.00,2.00,1.00
2026-03-30T16:21:00Z,,,,,,82.72,,73.73,56.62,44.65,28.31,15.00,8.00,5.27,3.00,2.00,1.00
2026-03-30T16:24:00Z,,,,,,85.00,,73.73,56.62,44.65,28.31,15.00,8.00,5.27,3.00,2.00,1.00
2026-03-30T16:27:00Z,,,,,,85.00,,73.73,56.62,44.65,28.31,15.06,8.00,5.27,3.00,2.00,1.00
2026-03-30T16:29:00Z,,,,,,85.00,,73.73,56.62,44.65,28.31,15.06,8.00,5.27,3.00,2.00,1.00
2026-03-30T16:32:00Z,,,,,,85.00,,73.73,56.62,48.00,28.31,15.06,8.00,5.27,3.00,2.00,1.00
2026-03-30T16:33:00Z,,,,,,85.00,,73.73,59.00,48.00,28.31,15.06,8.00,5.27,3.00,2.00,1.00
2026-03-30T16:45:00Z,,,,,,85.00,,75.56,59.00,48.00,28.31,15.06,8.00,5.27,3.00,2.00,1.00
2026-03-30T16:46:00Z,,,,,,85.00,,75.56,59.00,48.00,28.31,15.06,8.00,5.27,3.00,2.00,1.00
2026-03-30T16:47:00Z,,,,,,85.00,,75.56,59.00,48.00,27.00,15.06,8.00,5.27,3.00,2.00,1.00
2026-03-30T16:48:00Z,,,,,,85.00,,75.56,59.00,48.00,27.00,15.06,8.00,5.00,2.00,2.00,1.00
2026-03-30T16:53:00Z,,,,,,85.00,,75.56,59.00,48.00,27.00,15.06,7.00,5.18,2.00,1.00,1.00
2026-03-30T17:02:00Z,,,,,,85.00,,75.56,59.00,48.00,27.00,15.06,7.00,5.18,2.00,1.00,1.00
2026-03-30T17:09:00Z,,,,,,85.00,,75.56,59.00,48.00,28.00,15.06,7.00,5.18,2.00,1.00,1.00
2026-03-30T17:10:00Z,,,,,,85.00,,75.56,59.00,49.00,28.00,15.06,7.00,5.18,2.00,1.00,1.00
2026-03-30T17:11:00Z,,,,,,85.00,,75.56,59.00,48.00,28.00,15.06,7.00,5.18,2.00,1.00,1.00
2026-03-30T17:13:00Z,,,,,,85.00,,75.56,59.00,48.00,28.00,16.00,7.00,5.18,2.00,1.00,1.00
2026-03-30T17:14:00Z,,,,,,84.00,,75.56,59.00,48.00,28.00,16.00,7.00,5.18,2.00,1.00,1.00
2026-03-30T17:16:00Z,,,,,,84.00,,75.56,59.00,48.00,28.00,16.00,7.00,6.54,2.00,1.00,1.00
2026-03-30T17:17:00Z,,,,,,84.00,,75.56,59.00,48.00,28.00,16.00,7.00,6.00,2.00,1.00,1.00
2026-03-30T17:24:00Z,,,,,,84.00,,75.56,59.00,48.00,27.00,16.00,7.00,6.00,2.00,1.00,1.00
2026-03-30T17:29:00Z,,,,,,84.00,,75.56,59.00,48.00,26.00,16.00,7.00,6.00,2.00,1.00,1.00
2026-03-30T17:31:00Z,,,,,,84.00,,75.56,59.00,48.00,26.00,16.00,7.00,6.00,2.00,1.00,1.00
2026-03-30T17:34:00Z,,,,,,84.00,,75.56,59.00,48.00,26.00,16.00,7.00,6.00,2.00,1.00,1.00
2026-03-30T17:35:00Z,,,,,,84.00,,75.56,59.00,47.00,26.00,16.00,7.00,6.00,2.00,1.00,1.00
2026-03-30T17:38:00Z,,,,,,84.00,,75.56,59.00,47.00,26.00,16.00,7.00,6.00,2.00,1.00,1.00
2026-03-30T17:41:00Z,,,,,,84.00,,75.56,59.00,47.00,26.00,16.00,7.00,6.00,4.29,1.00,1.00
2026-03-30T17:42:00Z,,,,,,84.00,,75.56,59.00,47.00,26.00,16.00,8.80,6.00,4.29,1.00,1.00
2026-03-30T17:43:00Z,,,,,,84.00,,75.56,59.00,47.00,26.00,16.00,8.80,6.00,4.29,1.00,1.00
2026-03-30T17:58:00Z,,,,,,84.00,,75.56,59.00,48.00,26.00,16.00,8.80,6.00,4.29,1.00,1.00
2026-03-30T18:02:00Z,,,,,,84.00,,75.56,59.00,48.00,26.00,16.00,8.80,6.00,4.29,1.00,1.00
2026-03-30T18:04:00Z,,,,,,84.00,,75.56,58.00,48.00,26.00,16.00,9.00,6.00,4.29,1.00,1.00
2026-03-30T18:08:00Z,,,,,,84.00,,75.56,58.00,48.88,26.00,16.00,9.00,6.00,4.29,1.00,1.00
2026-03-30T18:09:00Z,,,,,,84.00,,75.56,58.00,48.00,26.00,16.00,9.00,6.00,4.29,1.00,1.00
2026-03-30T18:11:00Z,,,,,,84.00,,75.56,58.29,48.00,26.00,16.00,9.00,6.00,4.29,1.00,1.00
2026-03-30T18:13:00Z,,,,,,84.00,,75.56,59.00,48.00,26.00,16.00,9.00,6.00,4.29,1.00,1.00
2026-03-30T18:17:00Z,,,,,,84.00,,75.56,56.27,48.00,26.00,16.00,9.00,6.00,4.29,1.00,1.00
2026-03-30T18:20:00Z,,,,,,84.00,,74.00,56.27,48.00,26.00,16.00,9.00,6.00,4.29,1.00,1.00
2026-03-30T18:22:00Z,,,,,,84.00,,74.00,58.91,48.00,26.00,16.00,9.00,6.00,4.29,1.00,1.00
2026-03-30T18:23:00Z,,,,,,84.00,,74.00,63.00,48.00,26.00,16.00,9.00,6.00,4.29,1.00,1.00
2026-03-30T18:24:00Z,,,,,,84.00,,74.00,63.00,49.00,27.00,16.00,9.00,6.00,4.29,1.00,1.00
2026-03-30T18:26:00Z,,,,,,84.00,,74.00,63.00,49.00,27.17,16.00,9.00,6.00,4.29,1.00,1.00
2026-03-30T18:33:00Z,,,,,,84.00,,74.00,63.00,47.00,27.17,16.00,9.00,6.00,4.29,1.00,1.00
2026-03-30T18:35:00Z,,,,,,84.00,,74.00,63.64,47.00,28.00,16.00,9.00,6.00,4.29,1.00,1.00
2026-03-30T18:39:00Z,,,,,,84.00,,74.00,63.64,46.15,28.00,16.00,9.00,6.00,4.29,1.00,1.00
2026-03-30T18:40:00Z,,,,,,84.00,,74.00,63.64,46.15,26.80,16.00,9.00,5.00,4.29,1.00,1.00
2026-03-30T18:41:00Z,,,,,,84.00,,74.00,63.64,49.00,26.80,16.00,9.00,5.00,4.29,1.00,1.00
2026-03-30T18:45:00Z,,,,,,84.00,,74.00,63.46,49.00,26.80,16.00,9.00,5.00,4.29,1.00,1.00
2026-03-30T18:50:00Z,,,,,,84.00,,74.00,63.46,48.00,26.80,16.00,9.00,5.00,4.29,1.00,1.00
2026-03-30T18:53:00Z,,,,,,84.00,,74.00,63.46,48.00,26.80,16.00,9.00,5.00,4.29,1.00,1.00
2026-03-30T18:56:00Z,,,,,,84.00,,74.00,63.46,48.00,26.80,15.00,9.00,5.00,4.29,1.00,1.00
2026-03-30T18:59:00Z,,,,,,84.00,,74.00,63.46,48.00,26.80,15.00,9.00,5.00,4.29,1.00,1.00
2026-03-30T19:00:00Z,,,,,,84.00,,74.00,63.46,45.50,26.80,14.00,9.00,5.00,4.29,1.00,1.00
2026-03-30T19:01:00Z,,,,,,84.00,,74.00,63.46,45.50,26.80,14.00,9.00,5.00,4.29,1.00,1.00
2026-03-30T19:02:00Z,,,,,,84.00,,74.00,63.46,48.00,26.80,14.00,9.00,5.00,4.29,1.00,1.00
2026-03-30T19:03:00Z,,,,,,84.00,,74.00,63.46,48.00,26.80,15.00,9.00,5.00,4.29,1.00,1.00
2026-03-30T19:04:00Z,,,,,,84.00,,74.00,63.46,48.00,26.80,15.00,9.00,5.00,4.29,1.00,1.00
2026-03-30T19:05:00Z,,,,,,84.00,,74.00,63.46,48.00,28.00,15.00,9.00,5.00,4.29,1.00,1.00
2026-03-30T19:06:00Z,,,,,,84.00,,74.00,63.46,48.00,28.00,15.00,9.00,5.00,4.29,1.00,1.00
2026-03-30T19:10:00Z,,,,,,84.00,,74.00,63.89,48.00,28.00,15.00,9.00,5.00,4.29,1.00,1.00
2026-03-30T19:11:00Z,,,,,,84.00,,74.00,63.89,48.00,28.00,15.00,9.00,6.00,4.29,1.00,1.00
2026-03-30T19:12:00Z,,,,,,84.00,,74.00,65.00,48.00,28.00,15.00,9.00,6.00,4.29,1.00,1.00
2026-03-30T19:15:00Z,,,,,,84.00,,74.00,65.00,48.00,28.00,15.00,9.00,6.00,4.29,1.00,1.00
2026-03-30T19:17:00Z,,,,,,84.00,,74.00,65.00,48.00,28.00,15.00,9.00,5.00,4.29,1.00,1.00
2026-03-30T19:19:00Z,,,,,,84.00,,74.00,65.00,47.73,28.00,15.00,9.00,5.00,4.29,1.00,1.00
2026-03-30T19:20:00Z,,,,,,84.00,,74.00,65.00,48.00,28.00,15.00,9.00,5.00,4.29,1.00,1.00
2026-03-30T19:24:00Z,,,,,,84.00,,74.00,65.00,48.00,28.00,15.00,9.00,5.00,4.29,1.00,1.00
2026-03-30T19:30:00Z,,,,,,84.00,,74.00,65.00,49.00,28.00,15.00,9.00,5.00,4.29,1.00,1.00
2026-03-30T19:31:00Z,,,,,,84.00,,75.00,65.00,49.00,28.00,15.00,9.00,5.00,4.29,1.00,1.00
2026-03-30T19:34:00Z,,,,,,84.00,,75.00,65.00,48.22,28.00,15.00,9.00,5.00,4.29,1.00,1.00
2026-03-30T19:37:00Z,,,,,,84.00,,75.00,60.11,48.22,28.00,15.00,9.00,5.00,4.29,1.00,1.00
2026-03-30T19:39:00Z,,,,,,84.00,,75.00,60.11,48.22,28.00,15.00,9.00,5.00,4.29,1.00,1.00
2026-03-30T19:48:00Z,,,,,,84.00,,75.00,60.11,43.63,28.00,15.00,9.00,5.00,4.29,1.00,1.00
2026-03-30T19:50:00Z,,,,,,84.00,,75.00,60.11,47.50,28.00,15.00,9.00,5.00,4.29,1.00,1.00
2026-03-30T19:53:00Z,,,,,,84.00,,75.00,61.00,48.68,28.00,15.00,9.00,5.00,4.29,1.00,1.00
2026-03-30T19:54:00Z,,,,,,84.00,,75.00,61.00,48.68,28.00,15.00,9.00,5.00,4.29,1.00,1.00
2026-03-30T20:01:00Z,,,,,,84.00,,75.00,61.00,49.00,28.00,15.00,9.00,5.00,4.29,1.00,1.00
2026-03-30T20:03:00Z,,,,,,84.00,,75.00,61.00,49.00,28.00,15.00,9.00,5.00,4.29,1.00,1.00
2026-03-30T20:04:00Z,,,,,,84.00,,75.00,61.00,49.00,28.00,15.00,9.00,5.00,4.00,1.00,1.00
2026-03-30T20:05:00Z,,,,,,84.00,,75.00,61.00,49.00,28.00,15.00,9.00,5.00,4.00,1.00,1.00
2026-03-30T20:09:00Z,,,,,,84.00,,75.00,62.71,49.00,28.00,15.00,9.00,5.00,4.00,1.00,1.00
2026-03-30T20:10:00Z,,,,,,84.00,,75.00,62.71,49.00,28.00,15.00,9.00,7.00,4.00,1.00,1.00
2026-03-30T20:12:00Z,,,,,,84.00,,75.00,62.71,49.00,28.00,15.00,8.00,7.00,4.00,1.00,1.00
2026-03-30T20:14:00Z,,,,,,84.00,,75.00,62.71,49.00,28.00,15.00,8.00,7.00,4.00,1.00,1.00
2026-03-30T20:21:00Z,,,,,,84.00,,75.00,62.71,49.00,28.00,15.00,8.00,7.00,4.00,1.00,1.00
2026-03-30T20:23:00Z,,,,,,84.00,,75.00,62.71,49.00,28.00,15.00,8.00,6.00,4.00,1.00,1.00
2026-03-30T20:24:00Z,,,,,,84.00,,75.00,62.71,49.00,28.00,15.00,7.00,6.00,4.00,1.00,1.00
2026-03-30T20:26:00Z,,,,,,84.00,,75.00,62.71,49.00,30.30,15.00,7.00,6.00,4.00,1.00,1.00
2026-03-30T20:30:00Z,,,,,,84.00,,75.00,62.71,48.00,30.30,15.00,7.00,6.00,4.00,1.00,1.00
2026-03-30T20:37:00Z,,,,,,84.00,,75.00,62.71,48.00,30.30,15.00,7.00,6.00,4.00,1.00,1.00
2026-03-30T20:39:00Z,,,,,,84.00,,75.00,62.71,48.00,34.00,15.00,7.00,6.00,4.00,1.00,1.00
2026-03-30T20:45:00Z,,,,,,84.00,,75.00,62.71,48.00,34.00,15.00,7.00,6.00,4.00,1.00,1.00
2026-03-30T20:47:00Z,,,,,,84.00,,75.00,62.71,48.00,34.00,15.00,7.00,6.00,4.00,1.00,1.00
2026-03-30T20:48:00Z,,,,,,84.00,,76.65,62.71,48.00,34.00,15.00,8.00,6.00,4.00,1.00,1.00
2026-03-30T20:49:00Z,,,,,,84.00,,76.65,63.90,48.00,34.00,15.00,8.00,6.00,4.00,1.00,1.00
2026-03-30T20:51:00Z,,,,,,85.75,,76.65,65.00,48.00,34.00,15.00,8.00,6.00,4.00,1.00,1.00
2026-03-30T20:53:00Z,,,,,,85.75,,78.00,65.00,48.00,34.00,15.00,8.00,6.00,4.00,1.00,1.00
2026-03-30T20:55:00Z,,,,,,85.75,,79.85,65.00,48.00,34.00,15.00,8.00,6.00,4.00,1.00,1.00
2026-03-30T20:58:00Z,,,,,,85.75,,79.85,65.00,48.00,31.02,15.00,8.00,6.00,4.00,1.00,1.00
2026-03-30T21:02:00Z,,,,,,85.75,,79.85,65.00,48.00,31.02,15.00,8.00,6.00,4.00,1.00,1.00
2026-03-30T21:03:00Z,,,,,,85.75,,79.85,65.00,47.00,31.02,15.00,8.00,6.00,4.00,1.00,1.00
2026-03-30T21:06:00Z,,,,,,85.75,,79.85,65.00,47.00,35.75,15.00,8.00,6.00,4.00,1.00,1.00
2026-03-30T21:08:00Z,,,,,,85.75,,79.85,67.00,47.00,35.75,15.00,8.00,6.00,4.00,1.00,1.00
2026-03-30T21:09:00Z,,,,,,85.75,,79.85,67.00,47.00,35.75,15.00,8.00,6.00,4.00,1.00,1.00
2026-03-30T21:16:00Z,,,,,,85.75,,79.85,66.00,47.00,35.75,15.00,8.00,6.00,4.00,1.00,1.00
2026-03-30T21:18:00Z,,,,,,85.75,,79.85,66.00,47.00,33.00,15.00,8.00,6.00,4.00,1.00,1.00
2026-03-30T21:19:00Z,,,,,,85.75,,79.85,66.00,47.00,33.00,15.00,8.00,6.00,4.00,1.00,1.00
2026-03-30T21:21:00Z,,,,,,85.75,,79.85,66.00,47.00,33.00,15.00,8.00,6.00,4.00,1.00,1.00
2026-03-30T21:22:00Z,,,,,,85.75,,79.85,66.00,45.05,33.00,15.00,8.00,6.00,4.00,1.00,1.00
2026-03-30T21:24:00Z,,,,,,85.75,,79.85,66.00,45.00,33.00,15.00,8.00,6.00,4.00,1.00,1.00
2026-03-30T21:30:00Z,,,,,,85.75,,79.85,66.00,45.00,33.00,15.00,8.00,5.11,4.00,1.00,1.00
2026-03-30T21:33:00Z,,,,,,85.75,,79.85,65.00,45.00,33.00,15.00,6.20,5.11,4.00,1.00,1.00
2026-03-30T21:34:00Z,,,,,,85.75,,79.85,65.00,45.00,33.00,14.00,6.20,5.11,4.00,1.00,1.00
2026-03-30T21:38:00Z,,,,,,85.75,,79.85,65.00,45.00,33.00,14.00,6.20,5.11,4.00,1.00,1.00
2026-03-30T21:43:00Z,,,,,,85.75,,79.85,65.00,41.17,33.00,14.00,6.20,5.11,4.00,1.00,1.00
2026-03-30T21:44:00Z,,,,,,85.75,,79.85,64.00,41.17,33.00,14.00,6.20,5.11,4.00,1.00,1.00
2026-03-30T21:45:00Z,,,,,,85.75,,79.85,61.00,41.17,33.00,14.00,6.20,5.11,4.00,1.00,1.00
2026-03-30T21:46:00Z,,,,,,85.75,,79.85,61.00,45.00,33.00,14.00,6.20,5.11,4.00,1.00,1.00
2026-03-30T21:51:00Z,,,,,,85.75,,79.85,61.00,45.00,33.00,14.00,6.20,5.11,4.00,1.00,1.00
2026-03-30T21:56:00Z,,,,,,85.75,,79.85,61.00,44.50,33.00,14.00,6.20,5.11,4.00,1.00,1.00
2026-03-30T22:00:00Z,,,,,,85.75,,79.85,61.00,44.50,33.00,14.00,6.00,5.11,4.00,1.00,1.00
2026-03-30T22:01:00Z,,,,,,85.75,,79.85,61.00,45.00,33.00,14.00,6.00,5.11,4.00,1.00,1.00
2026-03-30T22:12:00Z,,,,,,85.75,,79.85,61.00,44.00,33.00,14.00,6.00,5.11,4.00,1.00,1.00
2026-03-30T22:14:00Z,,,,,,85.75,,79.85,59.00,44.00,32.00,14.00,6.00,5.11,4.00,1.00,1.00
2026-03-30T22:28:00Z,,,,,,85.75,,79.85,63.00,44.00,32.00,14.00,6.00,5.11,4.00,1.00,1.00
2026-03-30T22:30:00Z,,,,,,85.75,,79.85,63.00,45.00,32.00,14.00,6.00,5.11,4.00,1.00,1.00
2026-03-30T22:31:00Z,,,,,,85.75,,79.85,63.00,45.00,32.00,14.00,6.00,5.11,4.00,1.00,1.00
2026-03-30T22:32:00Z,,,,,,85.75,,79.85,63.00,45.00,32.00,14.00,6.00,5.11,4.00,1.00,1.00
2026-03-30T22:33:00Z,,,,,,85.75,,79.85,63.00,44.00,32.00,14.00,6.00,5.11,4.00,1.00,1.00
2026-03-30T22:34:00Z,,,,,,85.75,,79.85,64.00,44.00,32.00,14.00,6.00,5.11,4.00,1.00,1.00
2026-03-30T22:36:00Z,,,,,,85.75,,79.85,63.00,44.00,32.00,14.00,6.00,5.11,4.00,1.00,1.00
2026-03-30T22:44:00Z,,,,,,85.75,,79.85,63.00,44.00,31.00,14.00,6.00,5.11,4.00,1.00,1.00
2026-03-30T22:45:00Z,,,,,,85.75,,79.85,63.00,45.00,31.00,14.00,6.00,5.11,4.00,1.00,1.00
2026-03-30T22:48:00Z,,,,,,85.75,,79.85,63.00,45.00,31.00,14.00,6.00,5.11,4.00,1.00,1.00
2026-03-30T22:51:00Z,,,,,,85.75,,79.85,64.00,45.00,31.00,14.00,6.00,5.11,4.00,1.00,1.00
2026-03-30T22:53:00Z,,,,,,85.75,,79.85,64.00,45.00,31.00,14.00,7.59,5.11,4.00,1.00,1.00
2026-03-30T22:56:00Z,,,,,,86.00,,79.85,64.00,45.00,31.00,14.00,7.59,5.11,4.00,1.00,1.00
2026-03-30T22:57:00Z,,,,,,86.00,,79.85,64.00,45.00,31.00,14.00,7.59,5.11,4.00,1.00,1.00
2026-03-30T22:58:00Z,,,,,,86.00,,79.85,64.00,45.00,31.00,14.00,7.59,5.11,4.00,1.00,1.00
2026-03-30T23:03:00Z,,,,,,86.00,,79.85,64.00,45.00,31.00,14.00,7.59,6.00,4.00,1.00,1.00
2026-03-30T23:05:00Z,,,,,,86.00,,79.85,64.00,45.00,31.00,14.00,7.59,6.00,4.00,1.00,1.00
2026-03-30T23:11:00Z,,,,,,86.00,,79.85,64.00,44.00,31.00,14.00,7.59,6.00,4.00,1.00,1.00
2026-03-30T23:14:00Z,,,,,,86.00,,79.85,64.00,44.00,30.00,14.00,7.59,6.00,4.00,1.00,1.00
2026-03-30T23:16:00Z,,,,,,86.00,,78.00,64.00,45.00,30.00,14.00,7.59,6.00,4.00,1.00,1.00
2026-03-30T23:18:00Z,,,,,,86.00,,78.00,64.00,44.00,30.00,14.00,7.59,6.00,4.00,1.00,1.00
2026-03-30T23:20:00Z,,,,,,86.00,,78.00,63.00,44.00,30.42,14.00,7.59,6.00,4.00,1.00,1.00
2026-03-30T23:25:00Z,,,,,,86.00,,78.00,63.00,44.00,30.42,14.00,7.59,6.00,4.00,1.00,1.00
2026-03-30T23:27:00Z,,,,,,86.00,,78.00,63.00,45.00,30.42,14.00,7.59,6.00,4.00,1.00,1.00
2026-03-30T23:30:00Z,,,,,,86.00,,78.00,63.00,44.00,30.42,14.00,7.59,6.00,4.00,1.00,1.00
2026-03-30T23:32:00Z,,,,,,86.00,,78.00,63.00,44.00,30.42,14.00,7.59,6.00,4.00,1.00,1.00
2026-03-30T23:37:00Z,,,,,,86.00,,78.00,63.00,44.00,30.42,14.00,7.59,6.00,4.00,1.00,1.00
2026-03-30T23:38:00Z,,,,,,86.00,,78.00,63.00,44.00,30.42,14.00,7.59,6.00,4.00,1.00,1.00
2026-03-30T23:41:00Z,,,,,,86.00,,78.00,63.00,44.00,30.42,14.00,7.59,6.00,4.00,1.00,1.00
2026-03-30T23:43:00Z,,,,,,86.00,,78.00,63.00,44.00,30.42,13.00,7.59,6.00,4.00,1.00,1.00
2026-03-30T23:44:00Z,,,,,,86.00,,78.00,63.00,44.00,30.42,13.00,7.59,6.00,4.00,1.00,1.00
2026-03-30T23:45:00Z,,,,,,86.00,,78.00,63.00,44.00,30.42,13.00,7.59,6.00,4.00,1.00,1.00
2026-03-30T23:49:00Z,,,,,,86.00,,78.00,63.00,44.00,30.42,13.00,7.59,6.00,4.00,1.00,1.00
2026-03-30T23:52:00Z,,,,,,86.00,,78.00,63.00,44.00,30.42,13.00,7.59,6.00,4.00,1.00,1.00
2026-03-30T23:57:00Z,,,,,,86.00,,78.00,63.00,44.00,30.42,13.00,7.00,6.00,4.00,1.00,1.00
2026-03-30T23:58:00Z,,,,,,86.00,,78.00,63.00,44.00,30.42,13.00,7.00,6.00,4.00,1.00,1.00
2026-03-31T00:00:00Z,,,,,,86.00,,78.00,63.00,44.00,32.00,13.00,7.00,6.00,4.00,1.00,1.00
2026-03-31T00:07:00Z,,,,,,86.00,,78.00,63.00,44.00,32.00,13.00,7.00,6.00,4.00,1.00,1.00
2026-03-31T00:08:00Z,,,,,,86.00,,78.00,63.00,45.00,32.00,13.00,7.00,6.00,4.00,1.00,1.00
2026-03-31T00:10:00Z,,,,,,86.00,,78.00,63.00,45.00,32.00,13.00,7.78,6.00,4.00,1.00,1.00
2026-03-31T00:20:00Z,,,,,,86.00,,78.00,63.00,45.00,32.00,13.00,7.78,6.00,4.00,1.00,1.00
2026-03-31T00:21:00Z,,,,,,86.00,,78.00,63.00,45.00,32.00,13.00,7.78,6.00,4.00,1.39,1.00
2026-03-31T00:22:00Z,,,,,,86.00,,78.00,63.00,45.00,32.00,13.00,7.78,6.00,4.00,1.39,1.00
2026-03-31T00:23:00Z,,,,,,86.00,,78.00,63.00,45.00,32.00,13.00,7.78,6.00,4.00,1.39,1.00
2026-03-31T00:24:00Z,,,,,,86.00,,78.00,63.00,45.00,32.00,13.00,7.78,6.00,4.00,1.39,1.00
2026-03-31T00:28:00Z,,,,,,86.00,,78.00,63.00,45.00,32.00,13.00,7.78,6.00,4.00,1.39,1.00
2026-03-31T00:29:00Z,,,,,,86.00,,78.00,63.00,45.00,32.00,13.00,7.78,6.00,4.00,1.39,1.00
2026-03-31T00:31:00Z,,,,,,86.00,,78.00,63.00,45.00,30.80,13.00,7.78,6.00,4.00,1.39,1.00
2026-03-31T00:33:00Z,,,,,,86.00,,78.00,63.00,45.00,30.80,13.00,7.78,6.00,4.00,1.39,1.00
2026-03-31T00:35:00Z,,,,,,86.00,,78.00,63.00,45.00,30.80,13.00,7.78,6.00,4.00,1.39,1.00
2026-03-31T00:36:00Z,,,,,,86.00,,78.00,63.00,45.00,27.05,13.00,7.78,6.00,4.00,1.39,1.00
2026-03-31T00:37:00Z,,,,,,86.00,,77.00,63.00,45.00,27.05,13.00,7.78,6.00,4.00,1.39,1.00
2026-03-31T00:42:00Z,,,,,,86.00,,77.00,63.00,45.00,27.05,14.60,7.78,6.00,4.00,3.31,1.00
2026-03-31T00:44:00Z,,,,,,86.00,,77.00,63.00,45.00,27.05,14.00,7.78,6.00,4.00,3.31,1.00
2026-03-31T00:45:00Z,,,,,,86.00,,79.00,63.00,45.00,27.05,14.00,7.78,6.00,4.00,3.31,1.00
2026-03-31T00:46:00Z,,,,,,86.00,,79.00,61.56,45.00,32.00,14.00,7.78,6.00,4.00,3.31,1.00
2026-03-31T00:47:00Z,,,,,,86.00,,79.00,61.56,45.00,27.84,14.00,7.78,6.00,4.00,1.00,1.00
2026-03-31T00:55:00Z,,,,,,86.00,,79.00,61.56,45.00,27.84,14.00,8.00,6.00,4.00,1.00,1.00
2026-03-31T01:05:00Z,,,,,,86.00,,79.00,61.56,42.00,27.84,14.00,8.00,6.00,4.00,1.00,1.00
2026-03-31T01:07:00Z,,,,,,86.00,,79.00,61.56,42.00,27.84,14.00,8.00,6.00,4.00,1.00,1.00
2026-03-31T01:15:00Z,,,,,,86.00,,79.00,63.00,42.00,27.84,14.00,8.00,6.00,4.00,1.00,1.00
2026-03-31T01:23:00Z,,,,,,86.00,,79.00,63.00,42.00,27.84,14.00,8.00,6.00,4.00,1.00,1.00
2026-03-31T01:24:00Z,,,,,,86.00,,79.00,63.00,42.00,27.84,14.00,8.00,6.00,4.00,1.00,1.00
2026-03-31T01:28:00Z,,,,,,86.00,,79.00,63.00,42.00,27.84,15.00,8.00,6.00,4.00,1.00,1.00
2026-03-31T01:29:00Z,,,,,,86.00,,79.00,63.00,45.00,27.84,15.00,8.00,6.00,4.00,1.00,1.00
2026-03-31T01:33:00Z,,,,,,86.00,,79.00,53.34,44.00,27.84,15.00,8.00,6.00,4.00,1.00,1.00
2026-03-31T01:39:00Z,,,,,,86.00,,79.00,53.34,43.00,27.84,15.00,8.00,6.00,4.00,1.00,1.00
2026-03-31T01:42:00Z,,,,,,86.00,,75.00,53.34,43.00,27.84,15.00,8.00,6.00,4.00,1.00,1.00
2026-03-31T01:45:00Z,,,,,,86.00,,75.00,53.34,43.00,27.84,15.00,8.00,6.00,4.00,1.00,1.00
2026-03-31T01:49:00Z,,,,,,86.00,,75.00,53.34,40.00,27.84,15.00,8.00,6.00,4.00,1.00,1.00
2026-03-31T01:52:00Z,,,,,,86.00,,75.00,55.00,40.00,27.84,15.00,8.00,6.00,4.00,1.00,1.00
2026-03-31T01:59:00Z,,,,,,86.00,,75.00,54.40,40.00,27.84,15.00,8.00,6.00,4.00,1.00,1.00
2026-03-31T02:00:00Z,,,,,,86.00,,75.00,54.40,40.00,31.00,15.00,8.00,6.00,4.00,1.00,1.00
2026-03-31T02:01:00Z,,,,,,86.00,,75.00,54.40,40.00,31.00,15.00,8.00,6.00,4.00,1.00,1.00
2026-03-31T02:04:00Z,,,,,,86.00,,75.00,54.40,43.09,31.00,15.00,8.00,6.00,4.00,1.00,1.00
2026-03-31T02:05:00Z,,,,,,86.00,,75.00,54.40,43.09,28.16,15.00,8.00,6.00,4.00,1.00,1.00
2026-03-31T02:13:00Z,,,,,,86.00,,75.00,55.00,43.09,28.16,15.00,8.00,6.00,4.00,1.00,1.00
2026-03-31T02:14:00Z,,,,,,86.00,,75.00,56.00,43.09,28.16,15.00,8.00,6.00,4.00,1.00,1.00
2026-03-31T02:15:00Z,,,,,,86.00,,75.00,58.00,43.09,28.16,15.00,8.00,6.00,4.00,1.00,1.00
2026-03-31T02:20:00Z,,,,,,86.00,,75.00,60.63,43.09,28.16,15.00,8.00,6.00,4.00,1.00,1.00
2026-03-31T02:22:00Z,,,,,,86.00,,75.00,60.63,40.08,28.16,15.00,8.00,6.00,4.00,1.00,1.00
2026-03-31T02:23:00Z,,,,,,87.00,,75.00,60.63,40.08,28.16,15.00,8.00,6.00,4.00,1.00,1.00
2026-03-31T02:25:00Z,,,,,,87.00,,75.00,60.63,40.08,28.16,15.00,8.00,8.00,4.00,1.00,1.00
2026-03-31T02:26:00Z,,,,,,87.00,,75.00,60.63,40.08,28.00,15.00,8.00,8.00,4.00,1.00,1.00
2026-03-31T02:29:00Z,,,,,,87.00,,75.00,60.63,43.00,28.00,15.00,8.00,8.00,4.00,1.00,1.00
2026-03-31T02:33:00Z,,,,,,87.00,,75.00,60.63,43.00,28.00,15.00,8.00,8.00,4.00,1.00,1.00
2026-03-31T02:34:00Z,,,,,,87.00,,76.17,60.63,43.00,28.00,15.00,8.00,8.00,4.00,1.00,1.00
2026-03-31T02:37:00Z,,,,,,87.00,,76.00,60.63,43.00,28.00,15.00,8.00,8.00,4.00,1.00,1.00
2026-03-31T02:42:00Z,,,,,,87.00,,76.00,60.63,43.00,28.00,15.00,8.00,8.00,4.00,1.00,1.00
2026-03-31T02:43:00Z,,,,,,87.00,,76.00,60.63,43.00,28.00,15.00,8.00,8.00,4.00,1.00,1.00
2026-03-31T02:56:00Z,,,,,,87.00,,76.00,60.63,39.16,28.00,15.00,8.00,6.00,1.09,1.00,1.00
2026-03-31T02:57:00Z,,,,,,87.00,,76.00,60.63,39.16,28.00,15.00,7.05,6.00,1.09,1.00,1.00
2026-03-31T02:58:00Z,,,,,,87.00,,76.00,60.63,41.00,26.52,12.25,7.05,6.00,1.09,1.00,1.00
2026-03-31T02:59:00Z,,,,,,86.00,,76.00,60.63,34.30,26.52,12.25,7.05,6.00,1.09,1.00,1.00
2026-03-31T03:01:00Z,,,,,,86.00,,76.00,57.00,34.30,26.52,12.25,7.05,6.00,1.09,1.00,1.00
2026-03-31T03:03:00Z,,,,,,86.00,,76.00,57.00,38.00,26.52,12.25,7.05,6.00,1.09,1.00,1.00
2026-03-31T03:08:00Z,,,,,,86.00,,76.00,57.00,37.00,26.52,12.25,7.05,6.00,1.09,1.00,1.00
2026-03-31T03:10:00Z,,,,,,86.00,,76.00,57.00,34.05,26.52,12.25,7.05,6.00,1.09,1.00,1.00
2026-03-31T03:17:00Z,,,,,,86.00,,74.00,57.00,34.05,26.52,12.25,7.05,6.00,1.09,1.00,1.00
2026-03-31T03:19:00Z,,,,,,86.00,,74.00,57.00,34.05,26.52,12.25,7.05,6.00,1.09,1.00,1.00
2026-03-31T03:22:00Z,,,,,,86.00,,74.00,57.00,34.05,26.52,12.00,7.05,6.00,1.09,1.00,1.00
2026-03-31T03:23:00Z,,,,,,86.00,,74.00,57.00,36.41,26.52,12.00,7.05,6.00,1.09,1.00,1.00
2026-03-31T03:24:00Z,,,,,,84.00,,74.00,57.00,36.41,26.52,12.00,7.05,6.00,1.09,1.00,1.00
2026-03-31T03:25:00Z,,,,,,84.00,,74.00,56.00,36.41,26.52,12.00,7.05,6.00,1.09,1.00,1.00
2026-03-31T03:26:00Z,,,,,,84.00,,74.00,56.00,38.49,26.52,12.00,7.05,6.00,1.09,1.00,1.00
2026-03-31T03:30:00Z,,,,,,84.00,,74.00,56.00,38.49,26.52,12.00,7.05,6.00,1.09,1.00,1.00
2026-03-31T03:31:00Z,,,,,,84.00,,74.00,52.00,38.49,26.52,12.00,7.05,6.00,1.09,1.00,1.00
2026-03-31T03:32:00Z,,,,,,84.52,,74.00,56.00,34.15,26.52,12.00,7.05,6.00,1.09,1.00,1.00
2026-03-31T03:35:00Z,,,,,,84.52,,74.00,56.00,34.60,25.00,12.00,7.05,6.00,1.09,1.00,1.00
2026-03-31T03:37:00Z,,,,,,84.52,,74.00,56.00,37.57,25.00,12.00,7.05,6.00,1.09,1.00,1.00
2026-03-31T03:38:00Z,,,,,,84.52,,74.00,56.00,37.57,25.00,12.00,7.05,6.00,1.00,1.00,1.00
2026-03-31T03:39:00Z,,,,,,84.52,,74.00,53.69,37.57,25.00,12.00,7.05,6.00,1.00,1.00,1.00
2026-03-31T03:41:00Z,,,,,,84.52,,74.00,55.00,37.57,25.00,12.00,7.05,6.00,1.00,1.00,1.00
2026-03-31T03:45:00Z,,,,,,84.20,,74.00,55.00,37.57,25.00,12.00,7.05,6.00,1.00,1.00,1.00
2026-03-31T03:49:00Z,,,,,,84.20,,71.21,49.47,29.84,25.00,12.00,7.05,6.00,1.00,1.00,1.00
2026-03-31T03:50:00Z,,,,,,81.46,,71.21,49.47,29.84,25.00,12.00,7.05,6.00,1.00,1.00,1.00
2026-03-31T03:51:00Z,,,,,,81.46,,71.21,49.47,29.00,25.00,12.00,7.05,6.00,1.00,1.00,1.00
2026-03-31T03:52:00Z,,,,,,81.46,,73.94,49.47,29.00,25.00,12.00,7.05,6.00,1.00,1.00,1.00
2026-03-31T03:54:00Z,,,,,,81.46,,70.06,49.47,29.00,25.00,12.00,7.05,6.00,1.00,1.00,1.00
2026-03-31T03:57:00Z,,,,,,81.46,,70.06,49.47,29.00,21.18,12.00,7.05,6.00,1.00,1.00,1.00
2026-03-31T03:58:00Z,,,,,,81.46,,70.06,53.00,29.00,16.77,12.00,7.05,6.00,1.00,1.00,1.00
2026-03-31T04:00:00Z,,,,,,81.46,,70.06,53.00,28.04,16.77,12.00,7.05,6.00,1.00,1.00,1.00
2026-03-31T04:01:00Z,,,,,,81.46,,70.06,47.00,36.05,16.77,12.00,7.05,6.00,1.00,1.00,1.00
2026-03-31T04:03:00Z,,,,,,81.46,,70.06,51.60,34.93,16.77,12.00,7.05,6.00,1.00,1.00,1.00
2026-03-31T04:04:00Z,,,,,,81.46,,70.06,51.60,34.93,24.84,12.00,7.05,6.00,1.00,1.00,1.00
2026-03-31T04:05:00Z,,,,,,81.46,,70.06,51.60,34.93,24.84,12.00,5.57,6.00,1.00,1.00,1.00
2026-03-31T04:10:00Z,,,,,,81.46,,68.38,51.60,34.93,24.84,12.00,5.57,6.00,1.00,1.00,1.00
2026-03-31T04:13:00Z,,,,,,81.46,,68.38,47.75,34.93,24.84,12.00,5.57,6.00,1.00,1.00,1.00
2026-03-31T04:14:00Z,,,,,,81.46,,68.38,39.75,34.93,23.00,11.00,5.57,6.00,1.00,1.00,1.00
2026-03-31T04:17:00Z,,,,,,81.46,,65.00,39.75,34.93,23.00,11.00,5.57,6.00,1.00,1.00,1.00
2026-03-31T04:19:00Z,,,,,,81.50,,65.00,42.44,34.93,23.00,11.00,5.57,6.00,1.00,1.00,1.00
2026-03-31T04:20:00Z,,,,,,81.50,,65.00,42.44,34.93,23.00,11.00,5.57,6.00,1.00,1.00,1.00
2026-03-31T04:21:00Z,,,,,,81.50,,65.00,42.44,34.93,24.00,11.00,5.57,6.00,1.00,1.00,1.00
2026-03-31T04:24:00Z,,,,,,82.78,,65.00,42.44,34.93,24.00,11.00,5.57,6.00,1.00,1.00,1.00
2026-03-31T04:30:00Z,,,,,,82.78,,65.00,41.00,34.93,24.00,11.00,5.57,6.00,1.00,1.00,1.00
2026-03-31T04:31:00Z,,,,,,82.78,,65.00,41.00,35.00,24.00,11.00,5.57,6.00,1.00,1.00,1.00
2026-03-31T04:33:00Z,,,,,,82.78,,65.00,41.00,35.00,24.00,11.00,5.57,3.19,1.00,1.00,1.00
2026-03-31T04:34:00Z,,,,,,82.78,,65.00,41.00,35.00,24.00,11.00,5.15,3.40,1.00,1.00,1.00
2026-03-31T04:35:00Z,,,,,,82.78,,65.00,41.00,35.00,24.00,11.00,5.15,3.40,1.00,1.00,1.00
2026-03-31T04:37:00Z,,,,,,82.78,,65.00,41.00,35.00,24.00,12.00,5.15,3.40,1.00,1.00,1.00
2026-03-31T04:38:00Z,,,,,,82.78,,65.00,41.00,35.00,24.00,12.00,5.15,3.40,1.00,1.00,1.00
2026-03-31T04:43:00Z,,,,,,82.78,,65.00,41.00,35.25,24.00,12.00,5.15,3.40,1.00,1.00,1.00
2026-03-31T04:48:00Z,,,,,,82.78,,65.00,41.00,35.25,16.45,12.00,5.15,3.40,1.00,1.00,1.00
2026-03-31T04:50:00Z,,,,,,82.78,,63.00,41.00,35.25,16.45,12.00,5.15,3.40,1.00,1.00,1.00
2026-03-31T04:52:00Z,,,,,,82.78,,63.00,41.00,33.86,16.45,12.00,5.15,3.40,1.00,1.00,1.00
2026-03-31T04:53:00Z,,,,,,82.78,,63.00,41.00,33.66,16.45,12.00,5.15,3.40,1.00,1.00,1.00
2026-03-31T04:54:00Z,,,,,,82.78,,63.00,41.00,32.00,16.45,12.00,5.15,3.40,1.00,1.00,1.00
2026-03-31T04:55:00Z,,,,,,82.78,,63.00,41.00,32.00,16.45,12.00,5.15,3.40,1.00,1.00,1.00
2026-03-31T04:59:00Z,,,,,,82.78,,63.00,41.00,32.00,22.10,12.26,5.15,3.40,1.00,1.00,1.00
2026-03-31T05:00:00Z,,,,,,82.78,,63.00,41.00,35.03,22.10,12.26,5.15,3.40,1.00,1.00,1.00
2026-03-31T05:02:00Z,,,,,,82.78,,63.00,40.71,35.03,22.10,12.26,5.15,3.40,1.00,1.00,1.00
2026-03-31T05:04:00Z,,,,,,82.78,,63.00,37.00,35.03,22.10,12.26,5.15,3.40,1.00,1.00,1.00
2026-03-31T05:08:00Z,,,,,,82.78,,63.00,37.00,35.03,18.00,12.26,5.15,3.40,1.00,1.00,1.00
2026-03-31T05:09:00Z,,,,,,82.78,,63.00,32.60,35.03,18.00,12.26,5.15,3.40,1.00,1.00,1.00
2026-03-31T05:10:00Z,,,,,,82.78,,63.00,32.60,35.03,18.00,12.00,5.15,3.40,1.00,1.00,1.00
2026-03-31T05:17:00Z,,,,,,82.78,,63.00,32.60,30.20,18.00,12.00,5.15,3.40,1.00,1.00,1.00
2026-03-31T05:20:00Z,,,,,,82.78,,63.00,32.60,25.59,18.00,12.00,5.15,3.40,1.00,1.00,1.00
2026-03-31T05:22:00Z,,,,,,82.78,,63.00,36.62,25.59,18.00,12.00,5.15,3.40,1.00,1.00,1.00
2026-03-31T05:27:00Z,,,,,,82.78,,63.00,37.00,25.59,18.00,12.00,5.15,3.40,1.00,1.00,1.00
2026-03-31T05:29:00Z,,,,,,82.78,,63.00,37.52,25.59,18.00,12.00,5.15,3.40,1.00,1.00,1.00
2026-03-31T05:30:00Z,,,,,,82.78,,63.00,41.41,25.59,18.00,12.00,5.15,3.40,1.00,1.00,1.00
2026-03-31T05:37:00Z,,,,,,82.78,,63.00,41.41,25.59,18.00,12.00,5.15,4.00,1.00,1.00,1.00
2026-03-31T05:41:00Z,,,,,,82.78,,63.00,41.41,25.59,16.06,12.00,5.15,4.00,1.00,1.00,1.00
2026-03-31T05:43:00Z,,,,,,82.78,,63.00,40.87,25.59,16.06,12.00,5.15,4.00,1.00,1.00,1.00
2026-03-31T05:45:00Z,,,,,,82.78,,63.00,40.87,25.59,16.06,12.00,5.78,4.00,1.00,1.00,1.00
2026-03-31T05:50:00Z,,,,,,82.78,,63.00,40.87,24.77,16.06,12.00,5.78,4.00,1.00,1.00,1.00
2026-03-31T05:51:00Z,,,,,,82.00,,63.00,40.87,24.77,16.06,12.00,5.78,4.00,1.00,1.00,1.00
2026-03-31T05:55:00Z,,,,,,82.00,,63.00,40.87,25.00,16.06,12.00,5.78,4.00,1.00,1.00,1.00
2026-03-31T05:56:00Z,,,,,,82.00,,63.00,40.87,25.00,19.95,12.00,5.78,4.00,1.00,1.00,1.00
2026-03-31T06:02:00Z,,,,,,82.00,,63.00,40.87,22.00,19.95,12.00,5.78,4.00,1.00,1.00,1.00
2026-03-31T06:03:00Z,,,,,,82.00,,63.00,42.00,26.98,19.95,12.00,5.78,4.00,1.00,1.00,1.00
2026-03-31T06:08:00Z,,,,,,69.43,,63.00,42.00,26.98,19.95,12.00,5.78,4.00,1.00,1.00,1.00
2026-03-31T06:16:00Z,,,,,,69.43,,63.00,42.91,26.98,19.95,12.00,5.78,4.00,1.00,1.00,1.00
2026-03-31T06:19:00Z,,,,,,69.43,,63.00,42.91,29.53,19.95,12.00,5.78,4.00,1.00,1.00,1.00
2026-03-31T06:20:00Z,,,,,,69.43,,63.00,42.91,29.53,19.95,12.00,5.00,4.00,1.00,1.00,1.00
2026-03-31T06:22:00Z,,,,,,69.43,,63.00,41.54,29.53,19.95,12.00,5.00,4.00,1.00,1.00,1.00
2026-03-31T06:25:00Z,,,,,,69.43,,63.00,41.54,27.00,19.95,12.00,5.00,4.00,1.00,1.00,1.00
2026-03-31T06:33:00Z,,,,,,69.43,,63.00,41.54,27.00,19.95,12.00,5.90,4.00,1.00,1.00,1.00
2026-03-31T06:43:00Z,,,,,,69.43,,63.00,41.00,31.55,19.95,12.00,5.90,4.00,1.00,1.00,1.00
2026-03-31T06:47:00Z,,,,,,69.43,,63.00,41.88,31.55,19.95,12.00,5.90,4.00,1.00,1.00,1.00
2026-03-31T06:50:00Z,,,,,,69.43,,63.00,41.72,31.55,19.95,12.00,5.00,4.00,1.00,1.00,1.00
2026-03-31T06:52:00Z,,,,,,69.43,,63.00,41.72,31.55,19.95,12.00,5.00,4.00,1.00,1.00,1.00
2026-03-31T07:03:00Z,,,,,,69.43,,63.00,41.94,31.55,19.95,12.00,5.00,4.00,1.00,1.00,1.00
2026-03-31T07:07:00Z,,,,,,71.00,,63.00,41.94,31.55,19.95,12.00,5.00,4.00,1.00,1.00,1.00
2026-03-31T07:10:00Z,,,,,,71.00,,63.00,41.94,29.00,19.95,12.00,5.00,4.00,1.00,1.00,1.00
2026-03-31T07:20:00Z,,,,,,71.00,,63.00,41.94,29.00,19.95,12.00,5.00,4.00,1.00,1.00,1.00
2026-03-31T07:22:00Z,,,,,,71.00,,63.00,42.56,29.00,19.95,12.00,5.00,4.00,1.00,1.00,1.00
2026-03-31T07:23:00Z,,,,,,71.00,,63.00,43.00,29.00,19.95,12.00,5.00,4.00,1.00,1.00,1.00
2026-03-31T07:27:00Z,,,,,,71.00,,63.00,43.00,29.00,19.95,12.00,5.00,4.00,1.00,1.00,1.00
2026-03-31T07:28:00Z,,,,,,71.00,,63.00,41.90,29.00,19.95,12.00,5.00,4.00,1.00,1.00,1.00
2026-03-31T07:36:00Z,,,,,,71.00,,62.00,41.90,29.00,19.95,12.00,5.00,4.00,1.00,1.00,1.00
2026-03-31T07:48:00Z,,,,,,71.00,,62.00,41.90,29.00,19.95,12.00,5.71,4.00,1.00,1.00,1.00
2026-03-31T07:49:00Z,,,,,,71.00,,62.00,41.50,29.00,19.95,12.00,5.71,4.00,1.00,1.00,1.00
2026-03-31T08:04:00Z,,,,,,71.00,,62.00,42.00,29.00,19.95,12.00,5.71,4.00,1.00,1.00,1.00
2026-03-31T08:06:00Z,,,,,,71.00,,62.00,42.00,29.00,16.00,12.00,5.71,4.00,1.00,1.00,1.00
2026-03-31T08:19:00Z,,,,,,71.00,,62.00,42.00,32.00,16.00,12.00,5.71,4.00,1.00,1.00,1.00
2026-03-31T08:26:00Z,,,,,,71.00,,62.00,42.00,32.00,16.00,12.00,5.71,4.00,1.00,1.00,1.00
2026-03-31T08:48:00Z,,,,,,71.00,,62.00,42.00,30.00,16.00,12.00,5.71,4.00,1.00,1.00,1.00
2026-03-31T08:57:00Z,,,,,,71.00,,62.00,42.00,30.00,14.21,12.00,5.71,4.00,1.00,1.00,1.00
2026-03-31T08:58:00Z,,,,,,71.00,,62.00,42.00,30.00,14.21,12.00,5.71,4.00,1.00,1.00,1.00
2026-03-31T09:13:00Z,,,,,,71.00,,62.00,42.00,30.00,14.21,12.00,5.71,4.00,1.00,1.00,1.00
2026-03-31T09:33:00Z,,,,,,71.00,,62.00,42.00,30.00,14.21,12.00,5.71,4.00,1.00,1.00,1.00
2026-03-31T09:39:00Z,,,,,,71.00,,62.00,42.00,30.00,14.21,12.00,5.71,4.00,1.00,1.00,1.00
2026-03-31T09:40:00Z,,,,,,71.00,,62.00,42.00,30.00,14.21,12.00,5.71,4.00,1.00,1.00,1.00
2026-03-31T09:43:00Z,,,,,,71.00,,62.00,41.00,30.00,14.21,12.00,5.71,4.00,1.00,1.00,1.00
2026-03-31T10:01:00Z,,,,,,71.00,,60.00,41.00,30.00,14.21,12.00,5.71,4.00,1.00,1.00,1.00
2026-03-31T10:06:00Z,,,,,,71.00,,60.00,41.00,26.72,14.21,12.00,5.71,4.00,1.00,1.00,1.00
2026-03-31T10:12:00Z,,,,,,71.00,,60.00,41.00,26.72,14.21,12.00,5.71,4.00,1.00,1.00,1.00
2026-03-31T10:22:00Z,,,,,,71.00,,59.00,42.00,26.72,14.21,12.00,5.71,4.00,1.00,1.00,1.00
2026-03-31T10:23:00Z,,,,,,71.00,,59.00,42.00,29.75,14.21,12.00,5.71,4.00,1.00,1.00,1.00
2026-03-31T10:31:00Z,,,,,,71.00,,59.00,42.00,29.75,14.21,12.00,5.71,4.00,1.00,1.00,1.00
2026-03-31T10:48:00Z,,,,,,71.00,,59.00,42.00,29.75,14.21,12.00,5.71,4.00,1.00,1.00,1.00
2026-03-31T10:56:00Z,,,,,,71.00,,59.00,42.00,27.06,14.21,12.00,5.71,4.00,1.00,1.00,1.00
2026-03-31T11:14:00Z,,,,,,71.00,,59.00,41.00,27.06,13.00,12.00,5.71,4.00,1.00,1.00,1.00
2026-03-31T11:18:00Z,,,,,,71.00,,59.00,42.00,27.06,13.00,12.00,5.71,4.00,1.00,1.00,1.00
2026-03-31T11:20:00Z,,,,,,71.00,,62.00,42.00,27.06,13.00,12.00,5.71,4.00,1.00,1.00,1.00
2026-03-31T11:35:00Z,,,,,,74.93,,62.00,42.00,27.06,13.00,12.00,5.71,4.00,1.00,1.00,1.00
2026-03-31T11:44:00Z,,,,,,74.93,,62.00,42.00,27.06,13.00,12.00,5.71,4.00,1.00,1.00,1.00
2026-03-31T11:53:00Z,,,,,,74.93,,62.00,42.00,27.06,13.00,12.00,5.71,4.00,1.00,1.00,1.00
2026-03-31T12:17:00Z,,,,,,74.93,,62.00,42.00,27.06,13.00,12.00,4.05,3.89,1.00,1.00,1.00
2026-03-31T12:18:00Z,,,,,,74.93,,62.00,42.00,27.06,13.00,10.04,4.05,3.89,1.00,1.00,1.00
2026-03-31T12:19:00Z,,,,,,75.00,,62.00,42.00,27.06,13.00,10.04,4.05,3.89,1.00,1.00,1.00
2026-03-31T12:20:00Z,,,,,,75.00,,62.00,42.00,30.00,13.00,8.08,4.05,3.89,1.00,1.00,1.00
2026-03-31T12:26:00Z,,,,,,75.00,,62.00,42.00,30.00,13.00,10.00,4.05,3.89,1.00,1.00,1.00
2026-03-31T12:28:00Z,,,,,,75.00,,62.00,42.00,25.28,13.00,10.00,4.05,3.89,1.00,1.00,1.00
2026-03-31T12:29:00Z,,,,,,75.00,,62.00,42.00,25.28,13.00,10.00,4.05,2.06,1.00,1.00,1.00
2026-03-31T12:30:00Z,,,,,,75.00,,62.00,41.00,25.28,13.00,10.00,4.05,2.06,1.00,1.00,1.00
2026-03-31T12:32:00Z,,,,,,75.00,,62.00,41.00,25.22,13.00,10.00,4.05,2.06,1.00,1.00,1.00
2026-03-31T12:33:00Z,,,,,,75.00,,62.06,41.00,25.22,13.00,10.00,4.05,2.06,1.00,1.00,1.00
2026-03-31T12:36:00Z,,,,,,75.00,,63.00,41.00,25.22,13.00,10.00,4.05,2.06,1.00,1.00,1.00
2026-03-31T12:41:00Z,,,,,,75.00,,63.00,41.00,25.22,13.00,10.40,4.05,2.00,1.00,1.00,1.00
2026-03-31T12:43:00Z,,,,,,75.00,,63.00,41.00,25.22,13.00,7.30,2.27,1.00,1.00,1.00,1.00
2026-03-31T12:44:00Z,,,,,,70.17,,50.61,41.00,25.22,13.00,7.30,2.27,1.00,1.00,1.00,1.00
2026-03-31T12:53:00Z,,,,,,70.17,,50.61,41.00,25.22,9.16,4.55,2.27,1.00,1.00,1.00,1.00
2026-03-31T12:54:00Z,,,,,,69.00,,50.61,41.00,25.22,9.16,4.55,2.27,1.00,1.00,1.00,1.00
2026-03-31T12:58:00Z,,,,,,69.00,,50.61,41.00,24.25,9.16,4.55,2.27,1.00,1.00,1.00,1.00
2026-03-31T13:01:00Z,,,,,,69.00,,44.00,41.00,24.25,9.16,4.55,2.27,1.00,1.00,1.00,1.00
2026-03-31T13:07:00Z,,,,,,69.00,,44.00,41.00,24.25,9.16,4.17,2.27,1.00,1.00,1.00,1.00
2026-03-31T13:08:00Z,,,,,,69.00,,44.00,41.00,24.25,8.30,4.17,2.27,1.00,1.00,1.00,1.00
2026-03-31T13:09:00Z,,,,,,69.00,,45.00,41.00,24.25,8.30,4.17,2.27,1.00,1.00,1.00,1.00
2026-03-31T13:10:00Z,,,,,,69.00,,45.00,41.00,24.25,8.30,4.07,2.27,1.00,1.00,1.00,1.00
2026-03-31T13:11:00Z,,,,,,69.00,,45.00,41.00,24.25,7.08,4.07,2.27,1.00,1.00,1.00,1.00
2026-03-31T13:12:00Z,,,,,,68.96,,46.65,41.00,24.25,7.08,4.07,2.27,1.00,1.00,1.00,1.00
2026-03-31T13:13:00Z,,,,,,68.00,,46.65,31.82,24.25,7.08,4.07,2.27,1.00,1.00,1.00,1.00
2026-03-31T13:15:00Z,,,,,,68.00,,46.65,31.82,20.66,7.08,4.50,2.27,1.00,1.00,1.00,1.00
2026-03-31T13:19:00Z,,,,,,68.00,,46.65,37.00,20.66,7.08,4.50,2.27,1.00,1.00,1.00,1.00
2026-03-31T13:20:00Z,,,,,,68.00,,46.65,37.00,20.66,11.56,4.50,2.27,1.00,1.00,1.00,1.00
2026-03-31T13:23:00Z,,,,,,68.85,,46.65,37.00,20.66,11.56,4.50,2.27,1.00,1.00,1.00,1.00
2026-03-31T13:24:00Z,,,,,,68.85,,46.65,37.00,20.66,11.56,4.50,2.27,1.00,1.00,1.00,1.00
2026-03-31T13:26:00Z,,,,,,68.85,,46.65,37.00,20.66,11.56,4.08,2.27,1.00,1.00,1.00,1.00
2026-03-31T13:30:00Z,,,,,,68.85,,46.65,37.00,20.66,11.56,4.08,2.27,1.00,1.00,1.00,1.00
2026-03-31T13:31:00Z,,,,,,68.85,,49.00,37.00,20.66,11.56,4.08,2.27,1.00,1.00,1.00,1.00
2026-03-31T13:32:00Z,,,,,,68.85,,49.00,37.00,20.00,11.56,6.00,2.27,1.00,1.00,1.00,1.00
2026-03-31T13:35:00Z,,,,,,68.85,,49.00,37.00,20.00,11.56,6.00,2.27,1.00,1.00,1.00,1.00
2026-03-31T13:36:00Z,,,,,,57.70,,49.00,37.00,17.00,11.56,6.00,2.27,1.00,1.00,1.00,1.00
2026-03-31T13:40:00Z,,,,,,57.70,,47.00,37.00,17.00,11.56,6.00,2.27,1.00,1.00,1.00,1.00
2026-03-31T13:42:00Z,,,,,,57.70,,47.00,37.00,15.11,11.56,6.00,2.27,1.00,1.00,1.00,1.00
2026-03-31T13:43:00Z,,,,,,57.70,,49.62,37.00,15.11,11.56,6.00,2.27,1.00,1.00,1.00,1.00
2026-03-31T13:45:00Z,,,,,,57.70,,49.62,37.00,15.11,11.56,6.00,2.27,1.00,1.00,1.00,1.00
2026-03-31T13:46:00Z,,,,,,57.70,,49.62,37.00,16.00,11.56,6.00,2.27,1.00,1.00,1.00,1.00
2026-03-31T13:47:00Z,,,,,,57.70,,49.62,37.00,15.00,11.56,6.00,2.27,1.00,1.00,1.00,1.00
2026-03-31T13:48:00Z,,,,,,60.02,,40.67,29.01,15.00,11.56,6.00,2.27,1.00,1.00,1.00,1.00
2026-03-31T13:49:00Z,,,,,,60.02,,40.67,33.00,15.00,11.56,6.00,2.27,1.00,1.00,1.00,1.00
2026-03-31T13:50:00Z,,,,,,60.02,,40.67,33.00,15.00,9.00,6.00,2.27,1.00,1.00,1.00,1.00
2026-03-31T13:51:00Z,,,,,,60.02,,40.67,33.00,15.00,9.00,3.15,2.27,1.00,1.00,1.00,1.00
2026-03-31T13:52:00Z,,,,,,60.02,,48.60,33.00,15.00,9.00,3.15,2.27,1.00,1.00,1.00,1.00
2026-03-31T13:55:00Z,,,,,,60.02,,52.09,32.85,15.00,9.00,3.15,2.27,1.00,1.00,1.00,1.00
2026-03-31T14:00:00Z,,,,,,60.02,,51.88,32.85,15.00,9.00,3.15,2.27,1.00,1.00,1.00,1.00
2026-03-31T14:02:00Z,,,,,,68.88,,51.88,32.85,15.00,9.00,3.15,2.27,1.00,1.00,1.00,1.00
2026-03-31T14:03:00Z,,,,,,68.88,,47.00,32.85,15.00,9.00,3.15,2.27,1.00,1.00,1.00,1.00
2026-03-31T14:06:00Z,,,,,,67.00,,47.66,32.85,15.00,9.00,3.15,2.27,1.00,1.00,1.00,1.00
2026-03-31T14:07:00Z,,,,,,67.00,,49.52,35.98,15.00,9.00,3.15,2.27,1.00,1.00,1.00,1.00
2026-03-31T14:11:00Z,,,,,,67.00,,49.52,36.00,15.00,9.00,3.15,2.27,1.00,1.00,1.00,1.00
2026-03-31T14:15:00Z,,,,,,67.00,,49.52,36.00,15.00,7.36,3.15,2.27,1.00,1.00,1.00,1.00
2026-03-31T14:18:00Z,,,,,,67.00,,49.52,38.00,17.00,11.94,3.15,2.27,1.00,1.00,1.00,1.00
2026-03-31T14:19:00Z,,,,,,67.00,,49.52,40.35,17.00,11.94,3.15,2.27,1.00,1.00,1.00,1.00
2026-03-31T14:22:00Z,,,,,,67.00,,49.52,40.35,17.00,11.94,3.15,2.27,1.00,1.00,1.00,1.00
2026-03-31T14:26:00Z,,,,,,67.00,,51.00,40.35,17.00,11.94,3.15,2.27,1.00,1.00,1.00,1.00
2026-03-31T14:27:00Z,,,,,,67.00,,51.00,41.00,17.00,11.94,3.15,2.27,1.00,1.00,1.00,1.00
2026-03-31T14:30:00Z,,,,,,67.00,,51.00,36.06,22.00,11.94,3.15,2.27,1.00,1.00,1.00,1.00
2026-03-31T14:35:00Z,,,,,,67.00,,51.00,36.00,22.00,11.94,6.00,2.27,1.00,1.00,1.00,1.00
2026-03-31T14:41:00Z,,,,,,67.00,,51.00,36.00,22.00,11.94,6.00,2.27,1.00,1.00,1.00,1.00
2026-03-31T14:44:00Z,,,,,,67.00,,51.00,36.00,22.00,11.94,6.00,2.27,1.00,1.00,1.00,1.00
2026-03-31T14:45:00Z,,,,,,67.00,,51.00,36.00,22.00,11.94,6.00,2.27,1.00,1.00,1.00,1.00
2026-03-31T14:46:00Z,,,,,,67.00,,51.00,36.00,22.00,11.94,6.00,2.27,1.00,1.00,1.00,1.00
2026-03-31T14:53:00Z,,,,,,67.00,,51.00,36.00,22.00,11.94,6.00,2.27,1.00,1.00,1.00,1.00
2026-03-31T14:55:00Z,,,,,,67.00,,52.00,36.00,22.00,11.94,6.00,2.27,1.00,1.00,1.00,1.00
2026-03-31T14:57:00Z,,,,,,67.00,,53.93,36.00,22.00,11.94,6.00,2.27,1.00,1.00,1.00,1.00
2026-03-31T14:58:00Z,,,,,,67.00,,53.93,36.00,22.28,11.94,6.00,2.27,1.00,1.00,1.00,1.00
2026-03-31T14:59:00Z,,,,,,67.00,,53.93,36.00,22.28,11.94,6.00,2.00,1.00,1.00,1.00,1.00
2026-03-31T15:01:00Z,,,,,,67.00,,53.93,36.00,23.00,11.94,6.00,2.00,1.00,1.00,1.00,1.00
2026-03-31T15:03:00Z,,,,,,69.51,,53.93,36.00,23.00,11.94,6.00,2.00,1.00,1.00,1.00,1.00
2026-03-31T15:04:00Z,,,,,,71.00,,54.06,36.00,23.00,11.94,6.00,2.00,1.00,1.00,1.00,1.00
2026-03-31T15:05:00Z,,,,,,71.00,,54.06,37.19,23.00,11.94,6.00,2.00,1.00,1.00,1.00,1.00
2026-03-31T15:11:00Z,,,,,,71.00,,57.00,37.19,23.00,11.94,6.00,2.00,1.00,1.00,1.00,1.00
2026-03-31T15:12:00Z,,,,,,71.00,,57.00,38.83,23.00,11.94,6.00,2.00,1.00,1.00,1.00,1.00
2026-03-31T15:14:00Z,,,,,,71.00,,57.00,38.91,23.00,11.94,6.00,2.00,1.00,1.00,1.00,1.00
2026-03-31T15:15:00Z,,,,,,71.00,,57.00,38.91,24.06,11.94,6.00,2.00,1.00,1.00,1.00,1.00
2026-03-31T15:16:00Z,,,,,,71.00,,57.00,38.91,24.00,11.94,6.00,2.00,1.00,1.00,1.00,1.00
2026-03-31T15:18:00Z,,,,,,71.00,,57.00,38.91,24.00,12.79,6.00,2.00,1.00,1.00,1.00,1.00
2026-03-31T15:19:00Z,,,,,,71.00,,57.00,38.91,24.00,12.79,6.00,2.00,1.00,1.00,1.00,1.00
2026-03-31T15:22:00Z,,,,,,72.61,,57.00,38.91,24.00,12.79,6.00,2.00,1.00,1.00,1.00,1.00
2026-03-31T15:26:00Z,,,,,,72.61,,57.00,38.91,24.00,12.53,6.00,2.00,1.00,1.00,1.00,1.00
2026-03-31T15:27:00Z,,,,,,72.61,,57.00,40.92,20.31,12.53,6.00,2.00,1.00,1.00,1.00,1.00
2026-03-31T15:28:00Z,,,,,,72.61,,57.00,39.88,20.31,12.53,6.00,2.00,1.00,1.00,1.00,1.00
2026-03-31T15:29:00Z,,,,,,72.61,,57.00,39.88,19.93,12.53,6.00,2.00,1.00,1.00,1.00,1.00
2026-03-31T15:31:00Z,,,,,,72.61,,57.00,39.88,19.93,12.53,3.04,2.00,1.00,1.00,1.00,1.00
2026-03-31T15:41:00Z,,,,,,72.61,,58.00,39.88,19.93,12.53,3.04,2.00,1.00,1.00,1.00,1.00
2026-03-31T15:42:00Z,,,,,,72.61,,58.00,39.90,19.93,12.53,3.04,2.00,1.00,1.00,1.00,1.00
2026-03-31T15:43:00Z,,,,,,72.61,,58.00,40.97,19.93,12.53,3.04,2.00,1.00,1.00,1.00,1.00
2026-03-31T15:44:00Z,,,,,,69.49,,49.47,40.97,19.93,12.53,6.00,2.00,1.00,1.00,1.00,1.00
2026-03-31T15:45:00Z,,,,,,69.49,,52.66,33.35,19.93,12.53,6.00,2.00,1.00,1.00,1.00,1.00
2026-03-31T15:46:00Z,,,,,,64.30,,52.66,33.35,19.93,12.53,6.00,2.00,1.00,1.00,1.00,1.00
2026-03-31T15:47:00Z,,,,,,64.30,,52.66,33.35,19.65,12.53,6.00,2.00,1.00,1.00,1.00,1.00
2026-03-31T15:49:00Z,,,,,,64.30,,52.66,35.00,19.65,12.53,6.00,2.00,1.00,1.00,1.00,1.00
2026-03-31T15:50:00Z,,,,,,64.30,,52.66,35.81,19.65,12.53,6.00,2.00,1.00,1.00,1.00,1.00
2026-03-31T15:51:00Z,,,,,,64.30,,51.89,35.81,19.65,12.53,6.00,2.00,1.00,1.00,1.00,1.00
2026-03-31T15:54:00Z,,,,,,64.30,,51.89,35.00,22.70,12.53,6.00,2.00,1.00,1.00,1.00,1.00
2026-03-31T15:59:00Z,,,,,,67.00,,51.89,36.00,22.70,12.53,6.00,2.00,1.00,1.00,1.00,1.00
2026-03-31T16:03:00Z,,,,,,67.00,,47.00,36.00,22.70,12.53,6.00,2.00,1.00,1.00,1.00,1.00
2026-03-31T16:05:00Z,,,,,,67.00,,44.04,36.00,22.70,12.53,6.00,2.00,1.00,1.00,1.00,1.00
2026-03-31T16:06:00Z,,,,,,67.00,,44.25,36.00,22.70,12.53,6.00,2.00,1.00,1.00,1.00,1.00
2026-03-31T16:07:00Z,,,,,,67.00,,44.25,37.00,22.70,12.53,6.00,2.00,1.00,1.00,1.00,1.00
2026-03-31T16:08:00Z,,,,,,67.00,,44.25,37.00,21.00,12.00,6.00,2.00,1.00,1.00,1.00,1.00
2026-03-31T16:11:00Z,,,,,,67.00,,44.25,37.00,21.95,12.00,6.00,2.00,1.00,1.00,1.00,1.00
2026-03-31T16:16:00Z,,,,,,67.00,,46.47,37.00,20.09,12.00,6.00,2.00,1.00,1.00,1.00,1.00
2026-03-31T16:17:00Z,,,,,,67.00,,50.73,37.00,20.09,12.00,6.00,2.00,1.00,1.00,1.00,1.00
2026-03-31T16:20:00Z,,,,,,67.00,,50.00,37.00,20.09,12.00,6.00,2.00,1.00,1.00,1.00,1.00
2026-03-31T16:23:00Z,,,,,,67.00,,50.00,37.88,20.09,12.00,6.00,2.00,1.00,1.00,1.00,1.00
2026-03-31T16:25:00Z,,,,,,67.00,,48.00,37.88,20.09,12.00,6.00,2.00,1.00,1.00,1.00,1.00
2026-03-31T16:26:00Z,,,,,,67.00,,48.00,37.88,20.09,12.00,5.00,2.00,1.00,1.00,1.00,1.00
2026-03-31T16:30:00Z,,,,,,67.00,,48.91,37.00,20.09,12.00,5.00,2.00,1.00,1.00,1.00,1.00
2026-03-31T16:32:00Z,,,,,,67.00,,48.91,37.00,20.09,12.00,5.00,2.00,1.00,1.00,1.00,1.00
2026-03-31T16:33:00Z,,,,,,67.00,,48.91,37.00,20.09,12.00,2.62,2.00,1.00,1.00,1.00,1.00
2026-03-31T16:35:00Z,,,,,,67.00,,48.91,38.00,20.09,12.00,2.62,2.00,1.00,1.00,1.00,1.00
2026-03-31T16:36:00Z,,,,,,67.00,,47.00,38.00,20.09,12.00,2.62,2.00,1.00,1.00,1.00,1.00
2026-03-31T16:37:00Z,,,,,,67.00,,47.00,38.00,20.09,12.00,2.62,2.00,1.00,1.00,1.00,1.00
2026-03-31T16:39:00Z,,,,,,67.00,,47.00,37.46,22.90,12.00,2.62,2.00,1.00,1.00,1.00,1.00
2026-03-31T16:42:00Z,,,,,,67.00,,47.00,37.46,18.40,12.00,2.62,2.00,1.00,1.00,1.00,1.00
2026-03-31T16:49:00Z,,,,,,67.00,,51.00,37.46,18.40,12.00,2.62,2.00,1.00,1.00,1.00,1.00
2026-03-31T16:51:00Z,,,,,,67.00,,51.83,37.88,18.40,12.00,6.00,2.00,1.00,1.00,1.00,1.00
2026-03-31T16:52:00Z,,,,,,67.00,,52.87,37.40,18.40,12.00,6.00,2.00,1.00,1.00,1.00,1.00
2026-03-31T16:54:00Z,,,,,,67.00,,52.87,37.40,19.00,12.00,3.00,2.00,1.00,1.00,1.00,1.00
2026-03-31T16:55:00Z,,,,,,67.00,,52.87,30.07,19.00,12.00,3.00,2.00,1.00,1.00,1.00,1.00
2026-03-31T16:56:00Z,,,,,,67.00,,52.87,30.00,19.00,12.00,3.00,2.00,1.00,1.00,1.00,1.00
2026-03-31T17:08:00Z,,,,,,67.00,,52.87,32.00,19.00,12.00,3.00,2.00,1.00,1.00,1.00,1.00
2026-03-31T17:10:00Z,,,,,,67.00,,46.00,32.00,19.00,12.00,3.00,2.00,1.00,1.00,1.00,1.00
2026-03-31T17:11:00Z,,,,,,67.00,,51.66,32.00,19.00,12.00,3.00,2.00,1.00,1.00,1.00,1.00
2026-03-31T17:18:00Z,,,,,,67.00,,52.00,32.00,19.00,12.00,3.00,2.00,1.00,1.00,1.00,1.00
2026-03-31T17:27:00Z,,,,,,67.00,,52.00,34.78,19.00,12.00,3.00,2.00,1.00,1.00,1.00,1.00
2026-03-31T17:30:00Z,,,,,,67.00,,52.00,34.69,19.00,12.00,3.00,2.00,1.00,1.00,1.00,1.00
2026-03-31T17:32:00Z,,,,,,70.75,,52.00,34.69,19.00,12.00,3.00,2.00,1.00,1.00,1.00,1.00
2026-03-31T17:38:00Z,,,,,,70.75,,52.00,34.69,19.00,12.00,3.00,2.00,1.00,1.00,1.00,1.00
2026-03-31T17:39:00Z,,,,,,70.75,,52.00,34.69,19.00,12.00,3.00,2.00,1.00,1.00,1.00,1.00
2026-03-31T17:43:00Z,,,,,,70.75,,53.00,34.69,19.00,12.00,3.00,2.00,1.00,1.00,1.00,1.00
2026-03-31T17:44:00Z,,,,,,71.70,,53.00,34.69,19.00,12.00,3.00,2.00,1.00,1.00,1.00,1.00
2026-03-31T17:46:00Z,,,,,,71.70,,53.00,34.69,19.00,12.00,5.00,2.00,1.00,1.00,1.00,1.00
2026-03-31T17:48:00Z,,,,,,71.70,,53.00,34.69,19.00,12.00,5.00,2.00,1.00,1.00,1.00,1.00
2026-03-31T17:51:00Z,,,,,,71.70,,53.00,34.69,19.00,12.00,5.00,2.00,1.00,1.00,1.00,1.00
2026-03-31T17:59:00Z,,,,,,71.70,,53.00,34.69,19.00,12.00,5.00,2.00,1.00,1.00,1.00,1.00
2026-03-31T18:01:00Z,,,,,,71.70,,53.00,31.00,19.00,12.00,5.00,2.00,1.00,1.00,1.00,1.00
2026-03-31T18:02:00Z,,,,,,71.70,,53.00,30.52,19.00,12.00,5.00,2.00,1.00,1.00,1.00,1.00
2026-03-31T18:08:00Z,,,,,,71.70,,53.00,38.03,19.00,12.00,5.00,2.00,1.00,1.00,1.00,1.00
2026-03-31T18:10:00Z,,,,,,71.70,,53.00,38.03,19.00,7.58,5.00,2.00,1.00,1.00,1.00,1.00
2026-03-31T18:13:00Z,,,,,,71.70,,55.14,39.61,17.21,7.58,5.00,2.00,1.00,1.00,1.00,1.00
2026-03-31T18:14:00Z,,,,,,71.70,,55.14,38.00,18.00,7.58,5.00,2.00,1.00,1.00,1.00,1.00
2026-03-31T18:15:00Z,,,,,,71.70,,55.14,38.00,18.00,5.60,5.00,2.00,1.00,1.00,1.00,1.00
2026-03-31T18:17:00Z,,,,,,71.70,,55.14,38.00,18.00,5.60,5.00,2.00,1.00,1.00,1.00,1.00
2026-03-31T18:18:00Z,,,,,,71.70,,57.21,38.00,22.00,5.60,1.52,2.00,1.00,1.00,1.00,1.00
2026-03-31T18:20:00Z,,,,,,71.70,,57.21,38.00,22.00,5.60,1.52,2.00,1.00,1.00,1.00,1.00
2026-03-31T18:23:00Z,,,,,,71.70,,57.21,38.95,22.00,5.60,1.52,2.00,1.00,1.00,1.00,1.00
2026-03-31T18:24:00Z,,,,,,71.70,,57.21,38.95,22.00,12.72,1.52,2.00,1.00,1.00,1.00,1.00
2026-03-31T18:27:00Z,,,,,,72.00,,57.21,38.95,22.00,12.72,1.52,2.00,1.00,1.00,1.00,1.00
2026-03-31T18:29:00Z,,,,,,72.00,,57.21,38.95,18.04,12.72,1.52,2.00,1.00,1.00,1.00,1.00
2026-03-31T18:30:00Z,,,,,,72.00,,57.21,38.95,18.04,6.30,1.52,2.00,1.00,1.00,1.00,1.00
2026-03-31T18:31:00Z,,,,,,72.00,,57.21,35.00,18.04,6.30,1.52,2.00,1.00,1.00,1.00,1.00
2026-03-31T18:32:00Z,,,,,,72.00,,57.21,35.00,21.90,6.30,1.52,2.00,1.00,1.00,1.00,1.00
2026-03-31T18:33:00Z,,,,,,72.00,,56.67,39.85,21.90,6.30,1.52,2.00,1.00,1.00,1.00,1.00
2026-03-31T18:34:00Z,,,,,,72.00,,56.67,39.88,21.90,6.30,1.52,2.00,1.00,1.00,1.00,1.00
2026-03-31T18:40:00Z,,,,,,72.00,,56.67,39.88,21.90,6.30,1.52,2.00,1.00,1.00,1.00,1.00
2026-03-31T18:41:00Z,,,,,,72.00,,52.00,39.88,21.90,6.30,1.52,2.00,1.00,1.00,1.00,1.00
2026-03-31T18:42:00Z,,,,,,72.00,,52.00,33.71,21.90,6.30,1.52,2.00,1.00,1.00,1.00,1.00
2026-03-31T18:45:00Z,,,,,,68.00,,52.00,33.71,21.90,6.30,1.52,2.00,1.00,1.00,1.00,1.00
2026-03-31T18:57:00Z,,,,,,68.00,,52.00,34.00,21.90,6.30,1.52,2.00,1.00,1.00,1.00,1.00
2026-03-31T18:59:00Z,,,,,,68.00,,52.00,34.00,21.90,6.30,1.52,2.00,1.00,1.00,1.00,1.00
2026-03-31T19:01:00Z,,,,,,68.00,,52.00,34.00,21.90,6.30,1.52,2.00,1.00,1.00,1.00,1.00
2026-03-31T19:02:00Z,,,,,,68.00,,52.00,34.00,21.90,7.00,5.00,3.00,1.00,1.00,1.00,1.00
2026-03-31T19:03:00Z,,,,,,69.03,,50.09,33.00,21.90,7.00,5.00,3.00,1.00,1.00,1.00,1.00
2026-03-31T19:04:00Z,,,,,,68.02,,50.09,33.00,21.90,7.00,5.00,1.00,1.00,1.00,1.00,1.00
2026-03-31T19:05:00Z,,,,,,68.02,,44.26,34.14,17.97,7.00,5.00,1.00,1.00,1.00,1.00,1.00
2026-03-31T19:06:00Z,,,,,,68.02,,44.26,29.23,17.97,7.00,5.00,1.00,1.00,1.00,1.00,1.00
2026-03-31T19:07:00Z,,,,,,77.45,,52.37,29.23,14.72,7.00,5.00,1.00,1.00,1.00,1.00,1.00
2026-03-31T19:08:00Z,,,,,,79.90,,52.37,26.00,14.72,9.00,5.00,1.00,1.00,1.00,1.00,1.00
2026-03-31T19:09:00Z,,,,,,80.00,,55.06,26.00,18.00,7.00,1.82,1.00,1.00,1.00,1.00,1.00
2026-03-31T19:10:00Z,,,,,,80.00,,55.06,26.00,14.79,7.00,1.82,1.00,1.00,1.00,1.00,1.00
2026-03-31T19:11:00Z,,,,,,66.48,,54.27,28.26,14.35,6.70,1.82,1.00,1.00,1.00,1.00,1.00
2026-03-31T19:12:00Z,,,,,,61.45,,42.85,28.00,12.15,2.34,1.82,1.00,1.00,1.00,1.00,1.00
2026-03-31T19:13:00Z,,,,,,61.45,,42.85,28.00,12.15,2.00,1.82,1.00,1.00,1.00,1.00,1.00
2026-03-31T19:14:00Z,,,,,,73.00,,47.43,15.02,12.15,2.00,1.82,1.00,1.00,1.00,1.00,1.00
2026-03-31T19:15:00Z,,,,,,61.17,,44.00,14.00,8.00,1.00,1.82,1.00,1.00,1.00,1.00,1.00
2026-03-31T19:16:00Z,,,,,,52.63,,31.08,14.00,4.67,1.00,1.00,1.00,1.00,1.00,1.00,1.00
2026-03-31T19:17:00Z,,,,,,52.63,,27.66,10.08,1.53,1.00,1.00,1.00,1.00,1.00,1.00,1.00
2026-03-31T19:18:00Z,,,,,,52.63,,24.09,10.28,1.53,1.00,1.00,1.00,1.00,1.00,1.00,1.00
2026-03-31T19:19:00Z,,,,,,38.57,,23.88,8.97,1.53,1.00,1.00,1.00,1.00,1.00,1.00,1.00
2026-03-31T19:20:00Z,,,,,,44.03,,20.97,7.00,1.53,1.00,1.00,1.00,1.00,1.00,1.00,1.00
2026-03-31T19:22:00Z,,,,,,44.03,,20.97,5.00,1.53,1.00,1.00,1.00,1.00,1.00,1.00,1.00
2026-03-31T19:23:00Z,,,,,,44.03,,20.97,5.00,2.00,1.00,1.00,1.00,1.00,1.00,1.00,1.00
2026-03-31T19:24:00Z,,,,,,28.65,,20.97,5.00,2.00,1.00,1.00,1.00,1.00,1.00,1.00,1.00
2026-03-31T19:25:00Z,,,,,,25.44,,17.00,4.00,1.95,1.00,1.00,1.00,1.00,1.00,1.00,1.00
2026-03-31T19:26:00Z,,,,,,26.12,,9.45,4.00,1.95,1.00,1.00,1.00,1.00,1.00,1.00,1.00
2026-03-31T19:27:00Z,,,,,,31.00,,9.45,4.00,1.95,1.00,1.00,1.00,1.00,1.00,1.00,1.00
2026-03-31T19:28:00Z,,,,,,26.00,,13.23,4.00,1.00,1.00,1.00,1.00,1.00,1.00,1.00,1.00
2026-03-31T19:29:00Z,,,,,,25.09,,14.50,4.00,1.00,1.00,1.00,1.00,1.00,1.00,1.00,1.00
2026-03-31T19:30:00Z,,,,,,31.90,,14.50,1.38,1.00,1.00,1.00,1.00,1.00,1.00,1.00,1.00
2026-03-31T19:31:00Z,,,,,,31.90,,4.88,1.38,1.00,1.00,1.00,1.00,1.00,1.00,1.00,1.00
2026-03-31T19:32:00Z,,,,,,34.14,,4.89,1.38,1.00,1.00,1.00,1.00,1.00,1.00,1.00,1.00
2026-03-31T19:33:00Z,,,,,,26.68,,3.00,1.38,1.00,1.00,1.00,1.00,1.00,1.00,1.00,1.00
2026-03-31T19:34:00Z,,,,,,26.68,,6.46,2.98,1.00,1.00,1.00,1.00,1.00,1.00,1.00,1.00
2026-03-31T19:35:00Z,,,,,,26.68,,1.17,2.98,1.00,1.00,1.00,1.00,1.00,1.00,1.00,1.00
2026-03-31T19:36:00Z,,,,,,26.68,,1.17,2.00,1.00,1.00,1.00,1.00,1.00,1.00,1.00,1.00
2026-03-31T19:37:00Z,,,,,,34.32,,1.17,4.25,1.00,1.00,1.00,1.00,1.00,1.00,1.00,1.00
2026-03-31T19:38:00Z,,,,,,26.66,,1.17,4.25,1.00,1.00,1.00,1.00,1.00,1.00,1.00,1.00
2026-03-31T19:39:00Z,,,,,,28.94,,2.00,4.95,1.00,1.00,1.00,1.00,1.00,1.00,1.00,1.00
2026-03-31T19:40:00Z,,,,,,29.00,,2.00,4.95,1.00,1.00,1.00,1.00,1.00,1.00,1.00,1.00
2026-03-31T19:41:00Z,,,,,,28.48,,2.00,4.95,1.00,1.00,1.00,1.00,1.00,1.00,1.00,1.00
2026-03-31T19:42:00Z,,,,,,31.60,,2.00,4.95,1.00,1.00,1.00,1.00,1.00,1.00,1.00,1.00
2026-03-31T19:43:00Z,,,,,,31.60,,9.00,4.95,1.00,1.00,1.00,1.00,1.00,1.00,1.00,1.00
2026-03-31T19:44:00Z,,,,,,31.60,,7.24,4.95,1.00,1.00,1.00,1.00,1.00,1.00,1.00,1.00
2026-03-31T19:45:00Z,,,,,,31.60,,7.24,4.95,2.16,1.00,1.00,1.00,1.00,1.00,1.00,1.00
2026-03-31T19:46:00Z,,,,,,25.07,,7.24,3.00,2.16,1.00,1.00,1.00,1.00,1.00,1.00,1.00
2026-03-31T19:47:00Z,,,,,,31.37,,7.24,3.00,2.16,1.00,1.00,1.00,1.00,1.00,1.00,1.00
2026-03-31T19:48:00Z,,,,,,26.80,,9.00,3.00,2.16,1.00,1.00,1.00,1.00,1.00,1.00,1.00
2026-03-31T19:49:00Z,,,,,,30.96,,9.00,3.90,2.16,1.00,1.00,1.00,1.00,1.00,1.00,1.00
2026-03-31T19:50:00Z,,,,,,32.72,,9.00,3.87,2.99,1.00,1.00,1.00,1.00,1.00,1.00,1.00
2026-03-31T19:51:00Z,,,,,,32.75,,9.00,3.87,2.99,1.00,1.00,1.00,1.00,1.00,1.00,1.00
2026-03-31T19:52:00Z,,,,,,32.97,,9.00,3.87,2.99,1.00,1.00,1.00,1.00,1.00,1.00,1.00
2026-03-31T19:54:00Z,,,,,,32.97,,9.00,3.87,2.99,1.00,1.00,1.00,1.00,1.00,1.00,1.00
2026-03-31T19:56:00Z,,,,,,32.97,,4.00,3.87,2.99,1.00,1.00,1.00,1.00,1.00,1.00,1.00
2026-03-31T19:57:00Z,,,,,,32.97,,4.00,3.87,2.99,1.00,1.00,1.00,1.00,1.00,1.00,1.00
2026-03-31T19:58:00Z,,,,,,32.97,,6.23,3.87,2.99,1.00,1.00,1.00,1.00,1.00,1.00,1.00
2026-03-31T19:59:00Z,,,,,,36.90,,7.00,3.22,2.99,1.00,1.00,1.00,1.00,1.00,1.00,1.00
2026-03-31T20:00:00Z,,,,,,28.28,,6.43,3.22,2.99,1.00,1.00,1.00,1.00,1.00,1.00,1.00
2026-03-31T20:01:00Z,,,,,,31.00,,6.43,3.22,2.99,1.00,1.00,1.00,1.00,1.00,1.00,1.00
2026-03-31T20:02:00Z,,,,,,31.00,,7.51,4.74,2.99,1.00,1.00,1.00,1.00,1.00,1.00,1.00
2026-03-31T20:03:00Z,,,,,,31.00,,7.51,4.74,2.99,1.00,1.00,1.00,1.00,1.00,1.00,1.00
2026-03-31T20:04:00Z,,,,,,31.00,,7.51,4.74,2.96,1.00,1.00,1.00,1.00,1.00,1.00,1.00
2026-03-31T20:05:00Z,,,,,,45.17,,7.51,4.74,2.96,1.00,1.00,1.00,1.00,1.00,1.00,1.00
2026-03-31T20:06:00Z,,,,,,46.50,,8.03,4.74,2.96,1.00,1.00,1.00,1.00,1.00,1.00,1.00
2026-03-31T20:07:00Z,,,,,,46.50,,4.00,4.74,2.00,1.00,1.00,1.00,1.00,1.00,1.00,1.00
2026-03-31T20:08:00Z,,,,,,32.00,,4.37,4.74,2.00,1.00,1.00,1.00,1.00,1.00,1.00,1.00
2026-03-31T20:11:00Z,,,,,,31.00,,4.37,4.74,2.00,1.00,1.00,1.00,1.00,1.00,1.00,1.00
2026-03-31T20:12:00Z,,,,,,31.00,,3.00,4.74,2.00,1.00,1.00,1.00,1.00,1.00,1.00,1.00
2026-03-31T20:13:00Z,,,,,,31.07,,5.92,4.90,2.00,1.00,1.00,1.00,1.00,1.00,1.00,1.00
2026-03-31T20:14:00Z,,94.00,,,,34.71,,7.00,4.90,2.00,1.00,1.00,1.00,1.00,1.00,1.00,1.00
2026-03-31T20:15:00Z,,94.00,,,,34.71,,10.00,4.90,2.00,1.00,1.00,1.00,1.00,1.00,1.00,1.00
2026-03-31T20:17:00Z,,94.00,,,,39.00,,10.00,4.90,2.00,1.00,1.00,1.00,1.00,1.00,1.00,1.00
2026-03-31T20:18:00Z,,94.00,,,,37.00,,10.00,4.90,2.00,1.00,1.00,1.00,1.00,1.00,1.00,1.00
2026-03-31T20:21:00Z,,96.00,,,,37.00,,10.00,4.90,2.00,1.00,1.00,1.00,1.00,1.00,1.00,1.00
2026-03-31T20:22:00Z,,96.00,,,,37.00,,9.64,5.10,2.00,1.00,1.00,1.00,1.00,1.00,1.00,1.00
2026-03-31T20:23:00Z,,96.00,,,62.00,37.98,,10.00,5.10,2.00,1.00,1.00,1.00,1.00,1.00,1.00,1.00
2026-03-31T20:24:00Z,,96.00,,75.00,62.00,38.26,,10.09,5.10,2.00,1.00,1.00,1.00,1.00,1.00,1.00,1.00
2026-03-31T20:26:00Z,,96.00,,75.00,57.00,34.00,,10.09,5.10,2.00,1.00,1.00,1.00,1.00,1.00,1.00,1.00
2026-03-31T20:27:00Z,,96.00,,75.00,57.00,32.28,,10.09,5.10,2.00,1.00,1.00,1.00,1.00,1.00,1.00,1.00
2026-03-31T20:28:00Z,,96.00,,75.00,57.00,30.00,,10.09,5.10,2.00,1.00,1.00,1.00,1.00,1.00,1.00,1.00
2026-03-31T20:29:00Z,,96.00,,74.00,57.00,26.32,,7.00,5.10,2.00,1.00,1.00,1.00,1.00,1.00,1.00,1.00
2026-03-31T20:32:00Z,,96.00,,74.00,57.00,23.91,,7.00,5.10,2.00,1.00,1.00,1.00,1.00,1.00,1.00,1.00
2026-03-31T20:33:00Z,,96.00,,74.00,45.77,15.27,18.41,7.00,5.10,2.00,1.00,1.00,1.00,1.00,1.00,1.00,1.00
2026-03-31T20:34:00Z,,96.00,,74.00,41.46,15.27,18.41,7.00,5.10,2.00,1.00,1.00,1.00,1.00,1.00,1.00,1.00
2026-03-31T20:35:00Z,,96.00,,74.00,38.52,15.27,13.66,7.00,5.10,2.00,1.00,1.00,1.00,1.00,1.00,1.00,1.00
2026-03-31T20:36:00Z,,96.00,,74.00,46.00,18.73,13.66,7.00,5.10,2.00,1.00,1.00,1.00,1.00,1.00,1.00,1.00
2026-03-31T20:37:00Z,,96.00,,74.00,46.00,18.73,9.52,7.00,5.10,2.87,1.00,1.00,1.00,1.00,1.00,1.00,1.00
2026-03-31T20:38:00Z,,96.00,,74.00,46.00,13.21,8.97,5.00,5.10,2.87,1.00,1.00,1.00,1.00,1.00,1.00,1.00
2026-03-31T20:39:00Z,,96.00,,71.80,37.86,13.00,8.97,5.00,5.10,2.87,1.00,1.00,1.00,1.00,1.00,1.00,1.00
2026-03-31T20:41:00Z,,96.00,,72.00,49.00,16.02,8.97,5.00,5.10,2.87,1.00,1.00,1.00,1.00,1.00,1.00,1.00
2026-03-31T20:42:00Z,,96.00,,72.00,49.00,16.02,8.97,5.00,5.10,2.87,1.00,1.00,1.00,1.00,1.00,1.00,1.00
2026-03-31T20:43:00Z,,90.00,,72.00,49.00,16.02,8.97,5.00,5.10,2.96,1.00,1.00,1.00,1.00,1.00,1.00,1.00
2026-03-31T20:44:00Z,,90.00,,72.00,49.00,16.02,8.97,5.00,5.10,2.96,1.00,1.00,1.00,1.00,1.00,1.00,1.00
2026-03-31T20:45:00Z,,90.00,,71.24,49.00,16.02,8.97,5.00,5.10,2.96,1.00,1.00,1.00,1.00,1.00,1.00,1.00
2026-03-31T20:48:00Z,,90.00,,71.24,49.00,17.69,8.97,5.00,5.10,2.96,1.00,1.00,1.00,1.00,1.00,1.00,1.00
2026-03-31T20:50:00Z,,90.00,,71.24,49.00,12.33,8.97,5.00,5.10,2.96,1.00,1.00,1.00,1.00,1.00,1.00,1.00
2026-03-31T20:52:00Z,,90.00,,71.24,49.00,16.70,8.97,5.00,5.10,2.96,1.00,1.00,1.00,1.00,1.00,1.00,1.00
2026-03-31T20:53:00Z,,90.00,,71.24,49.00,28.25,8.97,5.00,5.10,2.96,1.00,1.00,1.00,1.00,1.00,1.00,1.00
2026-03-31T20:54:00Z,,90.00,,71.00,49.00,38.42,8.97,3.45,5.10,2.96,1.00,1.00,1.00,1.00,1.00,1.00,1.00
2026-03-31T20:55:00Z,,90.00,,71.66,49.00,38.42,8.97,4.52,5.10,2.96,1.00,1.00,1.00,1.00,1.00,1.00,1.00
2026-03-31T20:56:00Z,,90.00,,71.66,49.00,38.42,8.97,4.52,5.10,1.00,1.00,1.00,1.00,1.00,1.00,1.00,1.00
2026-03-31T20:58:00Z,,90.00,,71.66,48.00,38.42,8.97,13.60,5.10,1.00,1.00,1.00,1.00,1.00,1.00,1.00,1.00
2026-03-31T20:59:00Z,,90.00,,71.66,48.00,38.42,9.66,13.60,4.73,1.00,1.00,1.00,1.00,1.00,1.00,1.00,1.00
2026-03-31T21:00:00Z,,90.00,,71.66,49.00,38.42,26.91,13.60,4.73,1.00,1.00,1.00,1.00,1.00,1.00,1.00,1.00
2026-03-31T21:01:00Z,,90.00,,71.66,55.00,38.42,26.91,13.60,6.90,1.00,1.00,1.00,1.00,1.00,1.00,1.00,1.00
2026-03-31T21:02:00Z,,90.00,,71.66,55.00,38.42,26.91,10.00,1.00,1.00,1.00,1.00,1.00,1.00,1.00,1.00,1.00
2026-03-31T21:04:00Z,,90.00,,71.66,55.00,29.93,26.91,10.00,1.00,1.00,1.00,1.00,1.00,1.00,1.00,1.00,1.00
2026-03-31T21:05:00Z,,90.00,,71.66,55.00,29.93,26.91,10.00,1.00,1.00,1.00,1.00,1.00,1.00,1.00,1.00,1.00
2026-03-31T21:06:00Z,,90.00,,71.66,55.00,29.93,26.91,15.35,1.00,1.00,1.00,1.00,1.00,1.00,1.00,1.00,1.00
2026-03-31T21:07:00Z,,90.00,,71.66,55.00,29.93,26.91,15.35,1.00,1.00,1.00,1.00,1.00,1.00,1.00,1.00,1.00
2026-03-31T21:10:00Z,,90.00,,71.66,55.00,35.92,26.91,14.00,1.00,1.00,1.00,1.00,1.00,1.00,1.00,1.00,1.00
2026-03-31T21:12:00Z,,90.00,,71.66,55.00,37.00,26.91,14.00,1.00,1.00,1.00,1.00,1.00,1.00,1.00,1.00,1.00
2026-03-31T21:13:00Z,,90.00,,71.66,55.00,37.00,26.91,14.00,1.00,1.00,1.00,1.00,1.00,1.00,1.00,1.00,1.00
2026-03-31T21:14:00Z,,90.00,,71.66,55.00,35.75,26.91,14.00,10.14,1.00,1.00,1.00,1.00,1.00,1.00,1.00,1.00
2026-03-31T21:15:00Z,,90.00,,71.66,55.00,35.75,26.91,14.00,10.14,1.45,1.00,1.00,1.00,1.00,1.00,1.00,1.00
2026-03-31T21:16:00Z,,90.00,,71.66,55.00,35.75,26.91,14.14,10.14,1.45,1.00,1.00,1.00,1.00,1.00,1.00,1.00
2026-03-31T21:17:00Z,,90.00,,71.66,55.00,35.07,26.91,14.14,10.14,1.45,1.00,1.00,1.00,1.00,1.00,1.00,1.00
2026-03-31T21:18:00Z,,90.00,,71.66,55.00,35.40,22.00,14.14,3.19,1.45,1.00,1.00,1.00,1.00,1.00,1.00,1.00
2026-03-31T21:19:00Z,,90.00,,71.00,55.00,37.82,21.00,12.00,3.19,1.45,1.00,1.00,1.00,1.00,1.00,1.00,1.00
2026-03-31T21:20:00Z,,91.00,,71.00,52.86,37.82,21.00,12.00,1.00,1.45,1.00,1.00,1.00,1.00,1.00,1.00,1.00
2026-03-31T21:21:00Z,,91.00,,69.20,52.86,37.82,21.00,11.24,1.00,1.45,1.00,1.00,1.00,1.00,1.00,1.00,1.00
2026-03-31T21:23:00Z,,91.00,,69.20,52.86,33.40,20.00,11.04,4.00,1.45,1.00,1.00,1.00,1.00,1.00,1.00,1.00
2026-03-31T21:25:00Z,,91.00,,69.20,52.86,33.40,20.00,11.04,1.22,1.45,1.00,1.00,1.00,1.00,1.00,1.00,1.00
2026-03-31T21:26:00Z,,91.00,,72.00,52.86,33.40,20.00,12.00,1.22,1.45,1.00,1.00,1.00,1.00,1.00,1.00,1.00
2026-03-31T21:29:00Z,,91.00,,72.00,52.86,33.40,20.00,13.00,1.22,1.45,1.00,1.00,1.00,1.00,1.00,1.00,1.00
2026-03-31T21:31:00Z,,91.00,,72.00,52.86,33.40,20.00,14.00,1.22,1.45,1.00,1.00,1.00,1.00,1.00,1.00,1.00
2026-03-31T21:32:00Z,,91.00,,72.00,59.74,33.40,20.00,14.00,1.22,1.45,1.00,1.00,1.00,1.00,1.00,1.00,1.00
2026-03-31T21:34:00Z,,91.00,,72.00,59.74,36.55,20.00,14.00,1.22,1.45,1.00,1.00,1.00,1.00,1.00,1.00,1.00
2026-03-31T21:35:00Z,,91.00,,71.00,59.74,38.64,20.00,15.00,1.22,1.45,1.00,1.00,1.00,1.00,1.00,1.00,1.00
2026-03-31T21:36:00Z,,91.00,,72.00,59.74,38.64,20.00,15.00,2.00,1.45,1.00,1.00,1.00,1.00,1.00,1.00,1.00
2026-03-31T21:38:00Z,,91.00,,72.00,59.74,38.64,20.00,14.05,2.00,2.00,1.00,1.00,1.00,1.00,1.00,1.00,1.00
2026-03-31T21:41:00Z,,91.00,,72.00,59.74,39.63,20.00,14.05,2.00,2.00,1.00,1.00,1.00,1.00,1.00,1.00,1.00
2026-03-31T21:45:00Z,,91.00,,72.00,59.74,39.63,20.00,14.00,2.00,2.00,1.00,1.00,1.00,1.00,1.00,1.00,1.00
2026-03-31T21:46:00Z,,91.00,,72.00,59.74,37.24,20.00,14.00,2.00,2.00,1.00,1.00,1.00,1.00,1.00,1.00,1.00
2026-03-31T21:48:00Z,,91.00,,72.00,68.99,37.60,20.00,14.00,2.00,2.00,1.00,1.00,1.00,1.00,1.00,1.00,1.00
2026-03-31T21:49:00Z,,91.00,,72.01,70.00,37.60,20.00,14.00,2.00,2.00,1.00,1.00,1.00,1.00,1.00,1.00,1.00
2026-03-31T21:55:00Z,,91.00,,72.01,70.00,38.00,20.00,14.00,1.28,2.00,1.00,1.00,1.00,1.00,1.00,1.00,1.00
2026-03-31T21:56:00Z,,91.00,,72.01,70.00,38.00,20.00,14.00,3.00,2.00,1.00,1.00,1.00,1.00,1.00,1.00,1.00
2026-03-31T21:58:00Z,,91.00,,72.01,70.00,33.68,21.00,14.00,3.00,2.00,1.00,1.00,1.00,1.00,1.00,1.00,1.00
2026-03-31T22:02:00Z,,91.00,,72.01,70.00,26.53,21.00,14.00,3.00,2.00,1.00,1.00,1.00,1.00,1.00,1.00,1.00
2026-03-31T22:03:00Z,,91.00,,72.01,70.00,26.53,21.00,12.45,3.00,2.00,1.00,1.00,1.00,1.00,1.00,1.00,1.00
2026-03-31T22:06:00Z,,91.00,,72.01,57.80,32.21,21.00,12.45,4.49,2.00,1.00,1.00,1.00,1.00,1.00,1.00,1.00
2026-03-31T22:07:00Z,,91.00,,75.99,57.80,32.21,21.00,12.45,4.49,2.00,1.00,1.00,1.00,1.00,1.00,1.00,1.00
2026-03-31T22:08:00Z,,91.00,,75.99,57.80,32.24,21.00,12.45,4.49,2.00,1.00,1.00,1.00,1.00,1.00,1.00,1.00
2026-03-31T22:10:00Z,,91.00,,75.99,57.80,32.24,21.00,2.83,4.49,1.00,1.00,1.00,1.00,1.00,1.00,1.00,1.00
2026-03-31T22:11:00Z,,91.00,,75.99,57.80,30.00,15.00,2.83,4.49,1.00,1.00,1.00,1.00,1.00,1.00,1.00,1.00
2026-03-31T22:12:00Z,,91.00,,75.99,57.80,30.00,15.00,2.83,4.49,1.00,1.00,1.00,1.00,1.00,1.00,1.00,1.00
2026-03-31T22:14:00Z,,91.00,,75.99,57.80,30.00,15.00,3.00,4.49,1.00,1.00,1.00,1.00,1.00,1.00,1.00,1.00
2026-03-31T22:15:00Z,,91.00,,75.99,57.80,30.00,15.00,3.00,4.49,1.00,1.00,1.00,1.00,1.00,1.00,1.00,1.00
2026-03-31T22:16:00Z,,91.00,,75.99,57.80,31.96,15.00,3.00,4.49,1.00,1.00,1.00,1.00,1.00,1.00,1.00,1.00
2026-03-31T22:19:00Z,,91.00,,75.99,57.80,33.60,14.00,3.00,4.49,1.00,1.00,1.00,1.00,1.00,1.00,1.00,1.00
2026-03-31T22:21:00Z,,91.00,,75.99,57.80,33.00,14.00,3.00,4.49,1.00,1.00,1.00,1.00,1.00,1.00,1.00,1.00
2026-03-31T22:23:00Z,,94.00,,76.81,57.80,33.00,14.00,3.00,4.49,1.00,1.00,1.00,1.00,1.00,1.00,1.00,1.00
2026-03-31T22:24:00Z,,94.00,,76.81,57.75,33.00,14.00,3.00,4.49,1.00,1.00,1.00,1.00,1.00,1.00,1.00,1.00
2026-03-31T22:25:00Z,,94.00,,76.81,57.75,28.36,14.00,3.00,4.49,1.00,1.00,1.00,1.00,1.00,1.00,1.00,1.00
2026-03-31T22:26:00Z,,94.00,,76.81,57.75,28.36,14.00,2.87,4.49,1.00,1.00,1.00,1.00,1.00,1.00,1.00,1.00
2026-03-31T22:27:00Z,,94.00,,76.81,54.00,28.36,14.00,2.87,4.49,1.00,1.00,1.00,1.00,1.00,1.00,1.00,1.00
2026-03-31T22:28:00Z,,94.00,,76.81,54.00,28.36,14.00,2.87,4.49,1.00,1.00,1.00,1.00,1.00,1.00,1.00,1.00
2026-03-31T22:30:00Z,,94.00,,76.81,55.81,28.74,14.00,2.87,4.49,1.00,1.00,1.00,1.00,1.00,1.00,1.00,1.00
2026-03-31T22:31:00Z,,94.00,,73.00,55.00,26.00,14.00,2.87,4.49,1.00,1.00,1.00,1.00,1.00,1.00,1.00,1.00
2026-03-31T22:32:00Z,,94.00,,73.00,51.61,25.92,10.00,2.87,4.49,1.00,1.00,1.00,1.00,1.00,1.00,1.00,1.00
2026-03-31T22:33:00Z,,94.00,,73.00,51.61,20.02,10.00,1.44,4.49,1.00,1.00,1.00,1.00,1.00,1.00,1.00,1.00
2026-03-31T22:34:00Z,,94.00,,72.98,51.61,20.02,10.00,1.44,4.49,1.00,1.00,1.00,1.00,1.00,1.00,1.00,1.00
2026-03-31T22:36:00Z,,94.00,,73.00,53.85,20.02,10.00,4.00,4.49,1.00,1.00,1.00,1.00,1.00,1.00,1.00,1.00
2026-03-31T22:37:00Z,,94.00,,73.00,53.85,18.03,10.00,4.00,4.49,1.00,1.00,1.00,1.00,1.00,1.00,1.00,1.00
2026-03-31T22:38:00Z,,94.00,,73.00,53.85,18.03,10.00,4.00,2.00,1.00,1.00,1.00,1.00,1.00,1.00,1.00,1.00
2026-03-31T22:39:00Z,,94.00,,73.00,53.85,15.38,10.00,3.95,2.00,1.00,1.00,1.00,1.00,1.00,1.00,1.00,1.00
2026-03-31T22:41:00Z,,94.00,,64.16,48.80,15.38,10.00,3.95,2.00,1.00,1.00,1.00,1.00,1.00,1.00,1.00,1.00
2026-03-31T22:42:00Z,,94.00,,64.38,47.08,15.38,10.00,3.95,2.00,1.00,1.00,1.00,1.00,1.00,1.00,1.00,1.00
2026-03-31T22:43:00Z,,94.00,,64.38,47.08,20.04,12.64,3.95,2.00,1.00,1.00,1.00,1.00,1.00,1.00,1.00,1.00
2026-03-31T22:44:00Z,,94.00,,64.38,47.08,20.04,12.64,3.66,2.00,1.00,1.00,1.00,1.00,1.00,1.00,1.00,1.00
2026-03-31T22:45:00Z,,94.00,,64.38,49.00,20.04,12.64,3.66,2.00,1.00,1.00,1.00,1.00,1.00,1.00,1.00,1.00
2026-03-31T22:46:00Z,,94.00,,64.38,47.01,20.04,12.64,3.66,2.00,1.00,1.00,1.00,1.00,1.00,1.00,1.00,1.00
2026-03-31T22:47:00Z,,94.00,,64.38,44.00,20.04,12.64,3.66,2.00,1.00,1.00,1.00,1.00,1.00,1.00,1.00,1.00
2026-03-31T22:48:00Z,,94.00,,64.22,43.78,20.04,12.64,3.66,2.00,1.00,1.00,1.00,1.00,1.00,1.00,1.00,1.00
2026-03-31T22:49:00Z,,94.00,,64.22,44.00,20.04,12.64,3.66,2.00,1.00,1.00,1.00,1.00,1.00,1.00,1.00,1.00
2026-03-31T22:50:00Z,,94.00,,64.22,43.00,20.04,12.64,4.61,2.00,1.00,1.00,1.00,1.00,1.00,1.00,1.00,1.00
2026-03-31T22:51:00Z,,94.00,,62.04,43.00,20.04,12.64,4.61,2.00,1.00,1.00,1.00,1.00,1.00,1.00,1.00,1.00
2026-03-31T22:52:00Z,,88.85,,62.04,38.69,17.04,12.64,4.61,2.00,1.00,1.00,1.00,1.00,1.00,1.00,1.00,1.00
2026-03-31T22:53:00Z,,88.85,,67.89,38.96,17.04,12.64,4.61,2.00,1.00,1.00,1.00,1.00,1.00,1.00,1.00,1.00
2026-03-31T22:54:00Z,,88.85,,58.08,35.79,17.04,12.64,4.61,2.00,1.00,1.00,1.00,1.00,1.00,1.00,1.00,1.00
2026-03-31T22:55:00Z,,88.85,,58.08,34.33,17.04,13.72,4.61,2.00,1.00,1.00,1.00,1.00,1.00,1.00,1.00,1.00
2026-03-31T22:56:00Z,,88.85,,58.08,39.75,18.00,13.72,4.61,2.00,1.00,1.00,1.00,1.00,1.00,1.00,1.00,1.00
2026-03-31T22:57:00Z,,88.00,,58.08,39.75,22.17,13.72,8.90,1.00,1.00,1.00,1.00,1.00,1.00,1.00,1.00,1.00
2026-03-31T22:58:00Z,,88.00,,64.00,39.75,16.80,13.72,8.90,1.00,1.00,1.00,1.00,1.00,1.00,1.00,1.00,1.00
2026-03-31T22:59:00Z,,88.00,,62.76,42.56,16.80,13.72,8.90,2.00,1.00,1.00,1.00,1.00,1.00,1.00,1.00,1.00
2026-03-31T23:00:00Z,,88.00,,62.76,41.00,16.80,13.72,10.19,2.00,1.00,1.00,1.00,1.00,1.00,1.00,1.00,1.00
2026-03-31T23:02:00Z,,88.00,,62.76,41.00,16.80,13.00,10.19,2.00,1.00,1.00,1.00,1.00,1.00,1.00,1.00,1.00
2026-03-31T23:03:00Z,,88.00,,62.76,41.00,16.80,8.00,10.19,2.00,1.00,1.00,1.00,1.00,1.00,1.00,1.00,1.00
2026-03-31T23:05:00Z,,88.00,,62.76,43.00,16.80,8.00,10.19,2.00,1.00,1.00,1.00,1.00,1.00,1.00,1.00,1.00
2026-03-31T23:06:00Z,,88.00,,62.76,43.87,16.80,8.00,5.00,2.00,1.00,1.00,1.00,1.00,1.00,1.00,1.00,1.00
2026-03-31T23:12:00Z,,88.00,,63.89,43.87,16.80,8.00,5.00,2.00,1.00,1.00,1.00,1.00,1.00,1.00,1.00,1.00
2026-03-31T23:13:00Z,,88.00,,63.89,44.25,16.80,8.00,5.00,2.00,1.00,1.00,1.00,1.00,1.00,1.00,1.00,1.00
2026-03-31T23:16:00Z,,88.00,,63.89,44.25,16.80,8.00,8.92,2.00,1.00,1.00,1.00,1.00,1.00,1.00,1.00,1.00
2026-03-31T23:17:00Z,,88.00,,63.89,43.46,16.80,8.00,8.92,2.00,1.00,1.00,1.00,1.00,1.00,1.00,1.00,1.00
2026-03-31T23:24:00Z,,88.00,,63.89,44.00,16.80,8.00,8.92,2.00,1.00,1.00,1.00,1.00,1.00,1.00,1.00,1.00
2026-03-31T23:25:00Z,,88.00,,54.90,44.00,16.80,8.00,1.80,2.00,1.00,1.00,1.00,1.00,1.00,1.00,1.00,1.00
2026-03-31T23:27:00Z,,88.00,,62.66,44.00,14.18,8.00,13.09,2.00,1.00,1.00,1.00,1.00,1.00,1.00,1.00,1.00
2026-03-31T23:28:00Z,,88.00,,62.66,42.90,14.18,8.00,13.09,2.00,1.00,1.00,1.00,1.00,1.00,1.00,1.00,1.00
2026-03-31T23:32:00Z,,88.00,,62.66,44.00,14.18,8.00,4.34,2.00,1.00,1.00,1.00,1.00,1.00,1.00,1.00,1.00
2026-03-31T23:33:00Z,,88.00,,67.00,44.00,14.18,8.00,4.34,2.00,1.00,1.00,1.00,1.00,1.00,1.00,1.00,1.00
2026-03-31T23:34:00Z,,88.00,,60.66,44.00,14.18,8.00,4.34,2.00,1.00,1.00,1.00,1.00,1.00,1.00,1.00,1.00
2026-03-31T23:37:00Z,,88.00,,60.66,45.00,14.18,8.00,4.34,2.00,1.00,1.00,1.00,1.00,1.00,1.00,1.00,1.00
2026-03-31T23:40:00Z,,88.00,,60.66,45.00,22.00,8.00,4.34,2.00,1.00,1.00,1.00,1.00,1.00,1.00,1.00,1.00
2026-03-31T23:46:00Z,,88.00,,60.66,45.00,22.00,8.00,8.66,2.00,1.00,1.00,1.00,1.00,1.00,1.00,1.00,1.00
2026-03-31T23:48:00Z,,88.00,,60.66,46.00,22.00,8.00,8.66,2.00,1.00,1.00,1.00,1.00,1.00,1.00,1.00,1.00
2026-03-31T23:51:00Z,,88.00,,56.10,42.91,22.00,8.00,8.66,2.00,1.00,1.00,1.00,1.00,1.00,1.00,1.00,1.00
2026-03-31T23:52:00Z,,88.00,,56.10,44.00,22.00,8.00,8.66,2.00,1.00,1.00,1.00,1.00,1.00,1.00,1.00,1.00
2026-03-31T23:53:00Z,,88.00,,56.10,44.00,25.33,8.00,7.75,2.00,1.00,1.00,1.00,1.00,1.00,1.00,1.00,1.00
2026-03-31T23:55:00Z,,88.00,,56.10,43.00,18.87,8.00,7.75,2.00,1.00,1.00,1.00,1.00,1.00,1.00,1.00,1.00
2026-03-31T23:56:00Z,,89.00,,56.10,43.00,18.87,8.00,7.75,2.00,1.00,1.00,1.00,1.00,1.00,1.00,1.00,1.00
2026-03-31T23:57:00Z,,89.00,,56.10,43.00,16.57,8.00,7.75,2.00,1.00,1.00,1.00,1.00,1.00,1.00,1.00,1.00
2026-03-31T23:58:00Z,,89.00,,56.10,43.00,16.57,8.00,7.75,1.00,1.00,1.00,1.00,1.00,1.00,1.00,1.00,1.00
2026-04-01T00:01:00Z,,89.00,,56.10,43.03,16.57,8.00,3.00,1.00,1.00,1.00,1.00,1.00,1.00,1.00,1.00,1.00
2026-04-01T00:05:00Z,,89.00,,56.10,43.03,23.00,8.00,3.00,1.00,1.00,1.00,1.00,1.00,1.00,1.00,1.00,1.00
2026-04-01T00:06:00Z,,89.00,,37.00,43.21,23.00,8.00,3.00,1.00,1.00,1.00,1.00,1.00,1.00,1.00,1.00,1.00
2026-04-01T00:07:00Z,,89.00,,37.00,43.21,23.00,13.49,3.00,1.00,1.00,1.00,1.00,1.00,1.00,1.00,1.00,1.00
2026-04-01T00:08:00Z,,89.00,,37.00,43.21,23.00,9.07,3.00,1.00,1.00,1.00,1.00,1.00,1.00,1.00,1.00,1.00
2026-04-01T00:09:00Z,,89.00,,37.00,43.21,23.00,9.07,3.00,1.00,1.00,1.00,1.00,1.00,1.00,1.00,1.00,1.00
2026-04-01T00:10:00Z,,89.00,,37.00,43.21,23.00,6.69,3.00,1.00,1.00,1.00,1.00,1.00,1.00,1.00,1.00,1.00
2026-04-01T00:11:00Z,,89.00,,37.00,43.21,24.89,9.50,3.00,1.00,1.00,1.00,1.00,1.00,1.00,1.00,1.00,1.00
2026-04-01T00:13:00Z,,89.00,,37.00,43.21,24.89,9.50,6.61,1.00,1.00,1.00,1.00,1.00,1.00,1.00,1.00,1.00
2026-04-01T00:19:00Z,,89.00,,55.90,43.21,24.89,9.50,6.61,2.00,1.00,1.00,1.00,1.00,1.00,1.00,1.00,1.00
2026-04-01T00:20:00Z,,89.00,,55.90,43.00,26.00,9.50,6.61,2.00,1.00,1.00,1.00,1.00,1.00,1.00,1.00,1.00
2026-04-01T00:26:00Z,,89.00,,55.90,43.00,26.00,9.50,6.61,2.00,1.00,1.00,1.00,1.00,1.00,1.00,1.00,1.00
2026-04-01T00:27:00Z,,89.00,,55.90,43.00,26.00,9.50,6.61,2.00,1.00,1.00,1.00,1.00,1.00,1.00,1.00,1.00
2026-04-01T00:29:00Z,,89.00,,55.90,43.00,26.00,9.50,6.61,2.00,1.00,1.00,1.00,1.00,1.00,1.00,1.00,1.00
2026-04-01T00:30:00Z,,89.00,,55.90,43.00,26.00,9.50,6.61,2.00,1.00,1.00,1.00,1.00,1.00,1.00,1.00,1.00
2026-04-01T00:31:00Z,,89.00,,55.90,43.00,14.40,9.50,6.61,2.00,1.00,1.00,1.00,1.00,1.00,1.00,1.00,1.00
2026-04-01T00:33:00Z,,89.00,,55.90,43.00,14.40,9.50,6.61,2.00,1.00,1.00,1.00,1.00,1.00,1.00,1.00,1.00
2026-04-01T00:34:00Z,,89.00,,55.90,43.00,18.00,9.50,6.61,2.00,1.00,1.00,1.00,1.00,1.00,1.00,1.00,1.00
2026-04-01T00:35:00Z,,89.00,,58.68,43.00,18.44,9.50,7.46,2.00,1.00,1.00,1.00,1.00,1.00,1.00,1.00,1.00
2026-04-01T00:36:00Z,,89.00,,58.68,39.49,18.44,9.50,7.46,2.00,1.00,1.00,1.00,1.00,1.00,1.00,1.00,1.00
2026-04-01T00:37:00Z,,89.00,,58.68,39.49,18.44,12.56,7.46,2.00,1.00,1.00,1.00,1.00,1.00,1.00,1.00,1.00
2026-04-01T00:39:00Z,,89.00,,58.68,42.00,18.44,12.56,7.46,2.00,1.00,1.00,1.00,1.00,1.00,1.00,1.00,1.00
2026-04-01T00:41:00Z,,89.00,,63.57,42.00,18.44,12.56,7.46,2.00,1.00,1.00,1.00,1.00,1.00,1.00,1.00,1.00
2026-04-01T00:42:00Z,,89.00,,63.57,42.00,24.47,12.56,7.46,2.00,1.00,1.00,1.00,1.00,1.00,1.00,1.00,1.00
2026-04-01T00:43:00Z,,89.00,,63.57,42.00,24.47,12.56,7.46,2.00,1.00,1.00,1.00,1.00,1.00,1.00,1.00,1.00
2026-04-01T00:46:00Z,,89.00,,63.57,43.00,24.50,12.56,7.46,2.00,1.00,1.00,1.00,1.00,1.00,1.00,1.00,1.00
2026-04-01T00:48:00Z,,89.00,,63.57,36.22,24.50,17.29,7.46,2.00,1.00,1.00,1.00,1.00,1.00,1.00,1.00,1.00
2026-04-01T00:51:00Z,,89.00,,63.57,41.93,24.50,17.29,7.46,2.00,1.00,1.00,1.00,1.00,1.00,1.00,1.00,1.00
2026-04-01T00:52:00Z,,89.00,,64.50,42.00,24.50,17.29,7.46,2.00,1.00,1.00,1.00,1.00,1.00,1.00,1.00,1.00
2026-04-01T00:56:00Z,,89.00,,64.50,41.50,24.50,17.29,7.46,2.00,1.00,1.00,1.00,1.00,1.00,1.00,1.00,1.00
2026-04-01T00:58:00Z,,89.00,,64.50,41.50,24.50,21.00,7.46,2.00,1.00,1.00,1.00,1.00,1.00,1.00,1.00,1.00
2026-04-01T01:02:00Z,,89.00,,64.50,41.50,24.50,21.00,7.46,2.00,1.00,1.00,1.00,1.00,1.00,1.00,1.00,1.00
2026-04-01T01:03:00Z,,89.00,,64.50,43.78,24.50,21.00,7.46,2.00,1.00,1.00,1.00,1.00,1.00,1.00,1.00,1.00
2026-04-01T01:04:00Z,,89.00,,64.50,43.00,24.50,21.00,7.46,2.00,1.00,1.00,1.00,1.00,1.00,1.00,1.00,1.00
2026-04-01T01:05:00Z,,89.00,,65.00,43.59,24.50,14.00,7.46,2.00,1.00,1.00,1.00,1.00,1.00,1.00,1.00,1.00
2026-04-01T01:06:00Z,,89.00,,65.92,43.59,27.29,14.00,9.72,2.00,1.00,1.00,1.00,1.00,1.00,1.00,1.00,1.00
2026-04-01T01:07:00Z,,89.00,,65.92,43.99,27.29,14.00,9.72,2.00,1.00,1.00,1.00,1.00,1.00,1.00,1.00,1.00
2026-04-01T01:13:00Z,,89.00,,65.92,60.14,27.29,14.00,9.72,2.00,1.00,1.00,1.00,1.00,1.00,1.00,1.00,1.00
2026-04-01T01:14:00Z,,89.00,,65.92,60.56,27.29,14.00,8.45,2.00,1.00,1.00,1.00,1.00,1.00,1.00,1.00,1.00
2026-04-01T01:16:00Z,,89.00,,65.92,60.56,39.87,14.00,8.45,2.00,1.00,1.00,1.00,1.00,1.00,1.00,1.00,1.00
2026-04-01T01:17:00Z,,89.00,,80.00,60.56,39.87,14.00,8.45,2.00,1.00,1.00,1.00,1.00,1.00,1.00,1.00,1.00
2026-04-01T01:19:00Z,,89.00,,80.00,60.56,49.88,14.00,8.45,2.00,1.00,1.00,1.00,1.00,1.00,1.00,1.00,1.00
2026-04-01T01:20:00Z,,89.00,,79.91,60.56,49.88,14.00,4.00,2.00,1.00,1.00,1.00,1.00,1.00,1.00,1.00,1.00
2026-04-01T01:22:00Z,,89.00,,79.91,59.13,49.88,14.00,4.00,2.00,1.00,1.00,1.00,1.00,1.00,1.00,1.00,1.00
2026-04-01T01:23:00Z,,94.95,,79.91,59.13,49.88,14.00,4.00,2.00,1.00,1.00,1.00,1.00,1.00,1.00,1.00,1.00
2026-04-01T01:25:00Z,,94.95,,79.91,59.13,42.00,14.00,4.00,2.00,1.00,1.00,1.00,1.00,1.00,1.00,1.00,1.00
2026-04-01T01:26:00Z,,94.95,,79.91,59.13,42.00,14.00,4.00,2.00,1.00,1.00,1.00,1.00,1.00,1.00,1.00,1.00
2026-04-01T01:28:00Z,,94.95,,79.91,59.13,42.00,11.00,4.00,2.00,1.00,1.00,1.00,1.00,1.00,1.00,1.00,1.00
2026-04-01T01:29:00Z,,94.95,,79.91,59.13,42.00,11.00,4.00,1.00,1.00,1.00,1.00,1.00,1.00,1.00,1.00,1.00
2026-04-01T01:32:00Z,,94.95,,79.91,59.13,42.00,11.00,4.00,2.00,1.00,1.00,1.00,1.00,1.00,1.00,1.00,1.00
2026-04-01T01:33:00Z,,94.95,,79.91,59.13,35.60,11.00,4.00,2.00,1.00,1.00,1.00,1.00,1.00,1.00,1.00,1.00
2026-04-01T01:34:00Z,,94.95,,79.91,59.13,36.00,11.00,4.00,2.00,1.00,1.00,1.00,1.00,1.00,1.00,1.00,1.00
2026-04-01T01:37:00Z,,94.84,,63.00,59.13,32.17,11.00,4.00,2.00,1.00,1.00,1.00,1.00,1.00,1.00,1.00,1.00
2026-04-01T01:38:00Z,,94.84,,59.56,59.13,32.17,11.00,4.73,2.00,1.00,1.00,1.00,1.00,1.00,1.00,1.00,1.00
2026-04-01T01:39:00Z,,95.00,,59.56,59.13,32.17,11.00,4.73,2.00,1.00,1.00,1.00,1.00,1.00,1.00,1.00,1.00
2026-04-01T01:43:00Z,,95.00,,59.56,59.37,32.17,11.00,3.00,2.00,1.00,1.00,1.00,1.00,1.00,1.00,1.00,1.00
2026-04-01T01:44:00Z,,95.00,,70.00,59.37,32.17,11.00,3.00,2.00,1.00,1.00,1.00,1.00,1.00,1.00,1.00,1.00
2026-04-01T01:45:00Z,,95.00,,70.00,59.37,32.17,11.00,3.00,2.00,1.00,1.00,1.00,1.00,1.00,1.00,1.00,1.00
2026-04-01T01:46:00Z,,95.00,,77.50,53.05,32.17,11.00,8.73,2.00,1.00,1.00,1.00,1.00,1.00,1.00,1.00,1.00
2026-04-01T01:48:00Z,,95.00,,77.50,53.05,32.17,11.00,8.73,2.00,1.00,1.00,1.00,1.00,1.00,1.00,1.00,1.00
2026-04-01T01:49:00Z,,96.00,,77.50,53.05,32.17,11.00,8.73,2.00,1.00,1.00,1.00,1.00,1.00,1.00,1.00,1.00
2026-04-01T01:50:00Z,,96.00,,77.50,53.05,42.75,11.00,8.73,2.00,1.00,1.00,1.00,1.00,1.00,1.00,1.00,1.00
2026-04-01T01:51:00Z,,96.00,,77.50,53.05,44.00,11.00,8.73,2.00,1.00,1.00,1.00,1.00,1.00,1.00,1.00,1.00
2026-04-01T01:54:00Z,,96.00,,77.50,59.00,44.00,11.00,8.73,2.00,1.00,1.00,1.00,1.00,1.00,1.00,1.00,1.00
2026-04-01T01:56:00Z,,96.00,,77.50,59.00,38.44,11.00,8.73,2.00,1.00,1.00,1.00,1.00,1.00,1.00,1.00,1.00
2026-04-01T01:57:00Z,,96.00,,87.14,59.00,41.70,11.00,8.73,2.00,1.00,1.00,1.00,1.00,1.00,1.00,1.00,1.00
2026-04-01T01:59:00Z,,96.00,,87.14,59.00,35.79,11.00,8.73,2.00,1.00,1.00,1.00,1.00,1.00,1.00,1.00,1.00
2026-04-01T02:00:00Z,,96.00,,90.00,59.00,35.79,11.00,8.73,2.00,1.00,1.00,1.00,1.00,1.00,1.00,1.00,1.00
2026-04-01T02:06:00Z,,96.00,,90.00,60.00,35.79,11.00,8.73,2.00,1.00,1.00,1.00,1.00,1.00,1.00,1.00,1.00
2026-04-01T02:07:00Z,,96.00,,90.00,60.00,31.66,11.00,8.73,2.00,1.00,1.00,1.00,1.00,1.00,1.00,1.00,1.00
2026-04-01T02:08:00Z,,96.00,,90.00,60.00,36.00,11.00,8.73,1.00,1.00,1.00,1.00,1.00,1.00,1.00,1.00,1.00
2026-04-01T02:09:00Z,,96.00,,90.00,60.00,36.00,11.00,10.63,1.00,1.00,1.00,1.00,1.00,1.00,1.00,1.00,1.00
2026-04-01T02:10:00Z,,96.00,,90.00,60.90,36.00,11.00,10.81,1.00,1.00,1.00,1.00,1.00,1.00,1.00,1.00,1.00
2026-04-01T02:12:00Z,,96.00,,90.00,60.90,36.00,11.00,10.81,1.00,1.00,1.00,1.00,1.00,1.00,1.00,1.00,1.00
2026-04-01T02:15:00Z,,96.00,,90.00,60.90,36.00,11.00,10.81,7.66,1.00,1.00,1.00,1.00,1.00,1.00,1.00,1.00
2026-04-01T02:23:00Z,,96.00,,90.00,60.90,36.00,11.00,10.81,7.66,1.00,1.00,1.00,1.00,1.00,1.00,1.00,1.00
2026-04-01T02:24:00Z,,96.00,,90.00,64.54,36.00,11.00,10.81,7.66,1.00,1.00,1.00,1.00,1.00,1.00,1.00,1.00
2026-04-01T02:26:00Z,,96.00,,90.27,64.54,36.00,11.00,10.81,7.66,1.00,1.00,1.00,1.00,1.00,1.00,1.00,1.00
2026-04-01T02:33:00Z,,96.00,,90.27,64.54,36.00,11.00,12.11,7.66,1.00,1.00,1.00,1.00,1.00,1.00,1.00,1.00
2026-04-01T02:35:00Z,,95.00,,90.27,64.54,36.00,11.00,12.11,7.66,1.00,1.00,1.00,1.00,1.00,1.00,1.00,1.00
2026-04-01T02:36:00Z,,95.00,,88.00,64.54,36.00,11.00,12.11,7.66,1.00,1.00,1.00,1.00,1.00,1.00,1.00,1.00
2026-04-01T02:37:00Z,,95.00,,88.00,64.08,36.00,11.00,12.11,7.66,1.00,1.00,1.00,1.00,1.00,1.00,1.00,1.00
2026-04-01T02:38:00Z,,95.00,,88.00,64.08,37.03,11.00,12.11,7.66,1.00,1.00,1.00,1.00,1.00,1.00,1.00,1.00
2026-04-01T02:39:00Z,,66.00,,87.00,64.08,37.03,11.00,12.11,4.83,1.00,1.00,1.00,1.00,1.00,1.00,1.00,1.00
2026-04-01T02:40:00Z,,66.00,,87.00,64.08,37.03,14.00,5.35,4.83,1.00,1.00,1.00,1.00,1.00,1.00,1.00,1.00
2026-04-01T02:41:00Z,,66.00,,87.00,64.08,37.03,14.00,5.35,4.83,1.00,1.00,1.00,1.00,1.00,1.00,1.00,1.00
2026-04-01T02:42:00Z,,66.00,,87.00,64.08,37.03,14.00,5.35,4.83,1.00,1.00,1.00,1.00,1.00,1.00,1.00,1.00
2026-04-01T02:43:00Z,,66.00,,87.00,64.08,40.40,14.00,5.35,4.83,1.00,1.00,1.00,1.00,1.00,1.00,1.00,1.00
2026-04-01T02:44:00Z,,66.00,,87.00,64.08,40.40,14.00,5.35,4.83,1.48,1.00,1.00,1.00,1.00,1.00,1.00,1.00
2026-04-01T02:45:00Z,,66.00,,87.00,69.14,40.40,14.00,5.35,4.83,1.48,1.00,1.00,1.00,1.00,1.00,1.00,1.00
2026-04-01T02:46:00Z,,66.00,,87.00,69.14,48.21,14.00,5.35,4.83,1.48,1.00,1.00,1.00,1.00,1.00,1.00,1.00
2026-04-01T02:47:00Z,,66.00,,87.00,69.14,40.18,14.00,11.00,4.83,1.48,1.00,1.00,1.00,1.00,1.00,1.00,1.00
2026-04-01T02:55:00Z,,66.00,,87.00,69.14,40.18,18.84,11.00,4.83,1.48,1.00,1.00,1.00,1.00,1.00,1.00,1.00
2026-04-01T02:56:00Z,,66.00,,87.00,69.00,40.18,18.66,11.00,4.83,1.48,1.00,1.00,1.00,1.00,1.00,1.00,1.00
2026-04-01T02:57:00Z,,66.00,,87.00,69.00,40.18,21.00,11.00,4.83,1.48,1.00,1.00,1.00,1.00,1.00,1.00,1.00
2026-04-01T02:59:00Z,,66.00,,87.00,69.00,40.18,16.20,11.00,4.83,1.48,1.00,1.00,1.00,1.00,1.00,1.00,1.00
2026-04-01T03:02:00Z,,66.00,,87.00,69.00,40.18,16.20,12.75,4.83,1.48,1.00,1.00,1.00,1.00,1.00,1.00,1.00
2026-04-01T03:10:00Z,,66.00,,87.00,69.00,40.66,16.20,12.75,4.83,1.48,1.00,1.00,1.00,1.00,1.00,1.00,1.00
2026-04-01T03:13:00Z,,66.00,,87.00,69.00,40.66,16.20,12.75,3.89,1.48,1.00,1.00,1.00,1.00,1.00,1.00,1.00
2026-04-01T03:14:00Z,,66.00,,87.00,69.00,40.66,16.20,12.75,3.89,1.48,1.00,1.00,1.00,1.00,1.00,1.00,1.00
2026-04-01T03:15:00Z,,66.00,,87.00,69.00,40.66,16.20,12.75,3.82,1.48,1.00,1.00,1.00,1.00,1.00,1.00,1.00
2026-04-01T03:16:00Z,,66.00,,80.66,69.00,40.66,16.20,12.75,3.82,2.00,1.00,1.00,1.00,1.00,1.00,1.00,1.00
2026-04-01T03:17:00Z,,66.00,,80.66,68.00,40.66,16.20,12.75,3.82,2.00,1.00,1.00,1.00,1.00,1.00,1.00,1.00
2026-04-01T03:21:00Z,,66.00,,80.66,68.00,40.66,16.20,12.75,3.82,2.00,1.00,1.00,1.00,1.00,1.00,1.00,1.00
2026-04-01T03:22:00Z,,66.00,,83.20,68.00,49.22,16.20,12.75,3.82,2.00,1.00,1.00,1.00,1.00,1.00,1.00,1.00
2026-04-01T03:24:00Z,,66.00,,83.20,68.00,52.28,16.20,12.75,3.82,2.00,1.00,1.00,1.00,1.00,1.00,1.00,1.00
2026-04-01T03:26:00Z,,66.00,,83.20,68.00,52.28,16.20,12.75,3.82,2.00,1.00,1.00,1.00,1.00,1.00,1.00,1.00
2026-04-01T03:33:00Z,,66.00,,83.20,68.00,52.28,14.00,12.75,3.82,2.00,1.00,1.00,1.00,1.00,1.00,1.00,1.00
2026-04-01T03:34:00Z,,66.00,,83.20,68.81,52.28,14.00,12.75,3.82,2.00,1.00,1.00,1.00,1.00,1.00,1.00,1.00
2026-04-01T03:35:00Z,,66.00,,83.20,68.81,43.91,14.00,12.75,3.82,2.00,1.00,1.00,1.00,1.00,1.00,1.00,1.00
2026-04-01T03:37:00Z,,66.00,,83.20,63.96,52.92,14.00,12.75,3.82,2.00,1.00,1.00,1.00,1.00,1.00,1.00,1.00
2026-04-01T03:41:00Z,,86.26,,83.20,63.96,52.92,14.00,12.75,3.82,2.00,1.00,1.00,1.00,1.00,1.00,1.00,1.00
2026-04-01T03:42:00Z,,86.26,,83.20,63.96,52.92,14.00,12.75,4.57,2.00,1.00,1.00,1.00,1.00,1.00,1.00,1.00
2026-04-01T03:43:00Z,,86.26,,83.20,63.96,52.92,24.20,13.29,4.57,2.00,1.00,1.00,1.00,1.00,1.00,1.00,1.00
2026-04-01T03:44:00Z,,86.26,,83.20,63.96,52.92,24.20,13.29,4.57,2.00,1.00,1.00,1.00,1.00,1.00,1.00,1.00
2026-04-01T03:45:00Z,,86.26,,83.20,67.00,52.92,24.20,13.29,4.57,2.00,1.00,1.00,1.00,1.00,1.00,1.00,1.00
2026-04-01T03:48:00Z,,86.26,,83.20,66.00,52.92,20.00,13.29,4.57,2.00,1.00,1.00,1.00,1.00,1.00,1.00,1.00
2026-04-01T03:50:00Z,,86.26,,83.20,64.60,52.92,20.00,13.29,4.57,2.00,1.00,1.00,1.00,1.00,1.00,1.00,1.00
2026-04-01T03:56:00Z,,86.26,,83.20,64.60,52.92,20.00,13.29,4.00,2.00,1.00,1.00,1.00,1.00,1.00,1.00,1.00
2026-04-01T03:57:00Z,,86.26,,83.20,66.86,52.92,20.00,13.29,4.00,2.00,1.00,1.00,1.00,1.00,1.00,1.00,1.00
2026-04-01T03:58:00Z,,96.93,,83.20,66.86,52.92,20.00,13.29,4.00,2.00,1.00,1.00,1.00,1.00,1.00,1.00,1.00
2026-04-01T04:00:00Z,,96.93,,83.20,66.86,52.92,20.00,13.29,4.00,2.00,1.00,1.00,1.00,1.00,1.00,1.00,1.00
2026-04-01T04:02:00Z,,96.93,,83.20,66.86,49.20,20.00,13.29,4.00,2.00,1.00,1.00,1.00,1.00,1.00,1.00,1.00
2026-04-01T04:03:00Z,,96.93,,91.00,66.86,49.20,20.00,13.29,4.00,2.00,1.00,1.00,1.00,1.00,1.00,1.00,1.00
2026-04-01T04:08:00Z,,96.93,,91.00,66.86,56.87,20.00,13.29,4.00,2.00,1.00,1.00,1.00,1.00,1.00,1.00,1.00
2026-04-01T04:10:00Z,,96.93,,91.00,66.86,56.87,20.00,13.29,4.00,2.00,1.00,1.00,1.00,1.00,1.00,1.00,1.00
2026-04-01T04:12:00Z,,96.93,,91.00,66.86,56.00,20.00,13.29,4.00,2.00,1.00,1.00,1.00,1.00,1.00,1.00,1.00
2026-04-01T04:18:00Z,,96.93,,91.00,69.00,56.00,20.00,13.29,5.05,2.00,1.00,1.00,1.00,1.00,1.00,1.00,1.00
2026-04-01T04:20:00Z,,96.93,,91.00,69.00,56.00,20.00,13.29,6.76,2.00,1.00,1.00,1.00,1.00,1.00,1.00,1.00
2026-04-01T04:24:00Z,,96.93,,91.00,69.00,63.92,20.00,13.29,6.76,2.00,1.00,1.00,1.00,1.00,1.00,1.00,1.00
2026-04-01T04:25:00Z,,96.93,,91.00,69.00,67.00,20.00,13.29,6.76,2.00,1.00,1.00,1.00,1.00,1.00,1.00,1.00
2026-04-01T04:26:00Z,,96.93,,91.00,69.00,67.00,20.00,13.29,5.00,2.00,1.00,1.00,1.00,1.00,1.00,1.00,1.00
2026-04-01T04:29:00Z,,96.93,,91.00,69.00,67.00,20.00,13.29,5.00,2.00,1.00,1.00,1.00,1.00,1.00,1.00,1.00
2026-04-01T04:35:00Z,,98.00,,91.00,69.00,67.00,20.00,13.29,5.00,2.00,1.00,1.00,1.00,1.00,1.00,1.00,1.00
2026-04-01T04:36:00Z,,98.00,,91.00,69.00,56.50,20.00,13.29,5.00,2.00,1.00,1.00,1.00,1.00,1.00,1.00,1.00
2026-04-01T04:37:00Z,,98.00,,91.00,69.00,55.78,20.00,13.29,5.00,2.00,1.00,1.00,1.00,1.00,1.00,1.00,1.00
2026-04-01T04:40:00Z,,98.00,,91.00,69.00,59.86,20.00,13.29,5.00,2.00,1.00,1.00,1.00,1.00,1.00,1.00,1.00
2026-04-01T04:41:00Z,,98.00,,91.00,69.00,54.67,20.00,13.29,5.00,2.00,1.00,1.00,1.00,1.00,1.00,1.00,1.00
2026-04-01T04:42:00Z,,98.00,,91.00,69.00,54.67,20.00,13.29,5.00,2.00,1.00,1.00,1.00,1.00,1.00,1.00,1.00
2026-04-01T04:43:00Z,,98.00,,91.00,69.00,54.67,31.00,13.29,5.00,2.00,1.00,1.00,1.00,1.00,1.00,1.00,1.00
2026-04-01T04:44:00Z,,98.00,,91.00,69.00,54.67,31.00,15.83,5.00,2.00,1.00,1.00,1.00,1.00,1.00,1.00,1.00
2026-04-01T04:45:00Z,,98.00,,91.00,69.00,59.12,31.00,15.83,5.00,2.00,1.00,1.00,1.00,1.00,1.00,1.00,1.00
2026-04-01T04:46:00Z,,98.00,,91.00,71.00,59.12,31.00,15.83,5.00,2.00,1.00,1.00,1.00,1.00,1.00,1.00,1.00
2026-04-01T04:47:00Z,,98.00,,91.00,71.00,57.21,31.00,15.83,5.00,2.00,1.00,1.00,1.00,1.00,1.00,1.00,1.00
2026-04-01T04:50:00Z,,98.00,,91.00,71.00,58.62,31.00,15.83,5.00,2.00,1.00,1.00,1.00,1.00,1.00,1.00,1.00
2026-04-01T04:53:00Z,,98.00,,91.00,73.00,58.62,31.00,15.83,5.00,2.00,1.00,1.00,1.00,1.00,1.00,1.00,1.00
2026-04-01T04:55:00Z,,98.00,,91.00,73.00,58.62,31.00,15.83,6.16,2.00,1.00,1.00,1.00,1.00,1.00,1.00,1.00
2026-04-01T04:57:00Z,,98.00,,91.00,73.00,46.77,31.00,15.83,6.95,2.00,1.00,1.00,1.00,1.00,1.00,1.00,1.00
2026-04-01T04:58:00Z,,98.00,,91.00,73.00,46.77,31.96,15.83,6.95,2.00,1.00,1.00,1.00,1.00,1.00,1.00,1.00
2026-04-01T04:59:00Z,,98.00,,90.55,73.00,46.77,31.96,15.83,6.95,2.00,1.00,1.00,1.00,1.00,1.00,1.00,1.00
2026-04-01T05:00:00Z,,98.00,,90.55,73.00,46.31,31.96,15.83,6.95,2.00,1.00,1.00,1.00,1.00,1.00,1.00,1.00
2026-04-01T05:02:00Z,,98.00,,90.55,73.00,46.31,31.96,15.83,6.95,2.00,1.00,1.00,1.00,1.00,1.00,1.00,1.00
2026-04-01T05:04:00Z,,98.00,,90.55,73.00,46.31,31.96,15.83,5.00,2.00,1.00,1.00,1.00,1.00,1.00,1.00,1.00
2026-04-01T05:05:00Z,,98.00,,90.55,73.00,46.31,31.96,15.83,6.00,2.00,1.00,1.00,1.00,1.00,1.00,1.00,1.00
2026-04-01T05:10:00Z,,98.00,,90.55,73.00,46.31,31.96,15.83,5.00,2.00,1.00,1.00,1.00,1.00,1.00,1.00,1.00
2026-04-01T05:14:00Z,,98.00,,90.55,73.00,46.31,31.96,16.78,5.00,2.00,1.00,1.00,1.00,1.00,1.00,1.00,1.00
2026-04-01T05:15:00Z,,98.00,,90.55,73.00,46.31,31.96,12.00,5.00,2.00,1.00,1.00,1.00,1.00,1.00,1.00,1.00
2026-04-01T05:16:00Z,,98.00,,90.55,73.00,45.00,26.11,12.00,5.00,2.00,1.00,1.00,1.00,1.00,1.00,1.00,1.00
2026-04-01T05:18:00Z,,98.00,,90.55,73.00,54.50,26.11,12.00,5.00,2.00,1.00,1.00,1.00,1.00,1.00,1.00,1.00
2026-04-01T05:19:00Z,,98.00,,90.55,65.00,54.50,26.11,12.00,5.00,2.00,1.00,1.00,1.00,1.00,1.00,1.00,1.00
2026-04-01T05:25:00Z,,98.00,,87.25,65.00,54.50,26.11,12.00,5.00,2.00,1.00,1.00,1.00,1.00,1.00,1.00,1.00
2026-04-01T05:26:00Z,,98.00,,87.25,65.00,54.50,26.11,12.00,5.00,2.00,1.00,1.00,1.00,1.00,1.00,1.00,1.00
2026-04-01T05:27:00Z,,97.00,,87.25,65.00,54.50,26.11,12.00,5.00,2.00,1.00,1.00,1.00,1.00,1.00,1.00,1.00
2026-04-01T05:28:00Z,,96.00,,87.25,65.00,54.50,26.11,12.00,5.00,2.00,1.00,1.00,1.00,1.00,1.00,1.00,1.00
2026-04-01T05:34:00Z,,96.00,,87.25,65.00,54.50,26.11,11.00,5.00,2.00,1.00,1.00,1.00,1.00,1.00,1.00,1.00
2026-04-01T05:43:00Z,,65.00,,87.25,65.00,54.50,26.11,11.00,5.00,2.00,1.00,1.00,1.00,1.00,1.00,1.00,1.00
2026-04-01T05:45:00Z,,65.00,,87.25,65.00,48.66,26.11,11.00,5.00,2.00,1.00,1.00,1.00,1.00,1.00,1.00,1.00
2026-04-01T05:46:00Z,,65.00,,87.25,65.00,48.66,26.11,11.00,4.49,2.00,1.00,1.00,1.00,1.00,1.00,1.00,1.00
2026-04-01T05:47:00Z,,65.00,,87.25,65.00,48.66,26.11,11.00,4.49,2.00,1.00,1.00,1.00,1.00,1.00,1.00,1.00
2026-04-01T05:48:00Z,,65.00,,87.25,65.00,48.66,26.11,11.00,4.00,2.00,1.00,1.00,1.00,1.00,1.00,1.00,1.00
2026-04-01T05:49:00Z,,65.00,,87.25,65.00,48.66,26.11,11.00,4.00,1.00,1.00,1.00,1.00,1.00,1.00,1.00,1.00
2026-04-01T05:50:00Z,,65.00,,87.25,65.00,43.56,26.11,11.00,4.00,1.00,1.00,1.00,1.00,1.00,1.00,1.00,1.00
2026-04-01T05:51:00Z,,65.00,,87.25,65.00,43.56,26.11,10.00,4.00,1.00,1.00,1.00,1.00,1.00,1.00,1.00,1.00
2026-04-01T05:53:00Z,,65.00,,87.25,65.00,43.56,29.87,10.00,3.00,1.00,1.00,1.00,1.00,1.00,1.00,1.00,1.00
2026-04-01T05:59:00Z,,65.00,,87.25,65.00,43.56,29.87,10.00,3.00,1.00,1.00,1.00,1.00,1.00,1.00,1.00,1.00
2026-04-01T06:02:00Z,,65.00,,87.25,64.81,43.56,29.87,10.00,3.00,1.00,1.00,1.00,1.00,1.00,1.00,1.00,1.00
2026-04-01T06:05:00Z,,65.00,,87.25,66.00,45.00,29.87,12.57,3.00,1.00,1.00,1.00,1.00,1.00,1.00,1.00,1.00
2026-04-01T06:07:00Z,,65.00,,87.25,66.00,45.00,29.87,19.88,3.00,1.00,1.00,1.00,1.00,1.00,1.00,1.00,1.00
2026-04-01T06:09:00Z,,65.00,,87.25,66.00,29.33,29.87,19.88,3.00,1.00,1.00,1.00,1.00,1.00,1.00,1.00,1.00
2026-04-01T06:32:00Z,,65.00,,87.25,66.00,29.33,30.58,18.00,3.00,1.00,1.00,1.00,1.00,1.00,1.00,1.00,1.00
2026-04-01T06:36:00Z,,65.00,,87.25,66.00,33.27,30.58,18.00,3.00,1.00,1.00,1.00,1.00,1.00,1.00,1.00,1.00
2026-04-01T06:38:00Z,,65.00,,87.25,66.00,33.27,30.58,16.84,3.00,1.00,1.00,1.00,1.00,1.00,1.00,1.00,1.00
2026-04-01T06:39:00Z,,65.00,,87.25,66.00,33.27,30.58,14.00,3.00,1.00,1.00,1.00,1.00,1.00,1.00,1.00,1.00
2026-04-01T06:41:00Z,,65.00,,87.25,66.00,34.00,30.58,14.00,3.00,1.00,1.00,1.00,1.00,1.00,1.00,1.00,1.00
2026-04-01T06:46:00Z,,65.00,,87.25,66.00,34.00,25.76,8.84,3.00,1.00,1.00,1.00,1.00,1.00,1.00,1.00,1.00
2026-04-01T06:54:00Z,,65.00,,87.25,66.00,34.00,25.76,8.84,3.00,1.00,1.00,1.00,1.00,1.00,1.00,1.00,1.00
2026-04-01T07:01:00Z,,65.00,,87.25,66.00,30.00,25.76,8.84,3.00,1.00,1.00,1.00,1.00,1.00,1.00,1.00,1.00
2026-04-01T07:06:00Z,,65.00,,87.25,66.00,30.00,25.76,8.84,2.00,1.00,1.00,1.00,1.00,1.00,1.00,1.00,1.00
2026-04-01T07:07:00Z,,65.00,,87.25,66.00,30.00,25.76,8.00,2.00,1.00,1.00,1.00,1.00,1.00,1.00,1.00,1.00
2026-04-01T07:08:00Z,,65.00,,87.25,66.00,30.00,25.76,8.00,2.00,1.00,1.00,1.00,1.00,1.00,1.00,1.00,1.00
2026-04-01T07:14:00Z,,65.00,,87.25,65.00,30.00,25.76,8.00,2.00,1.00,1.00,1.00,1.00,1.00,1.00,1.00,1.00
2026-04-01T07:20:00Z,,65.00,,87.25,65.00,30.00,25.76,8.00,2.00,1.00,1.00,1.00,1.00,1.00,1.00,1.00,1.00
2026-04-01T07:26:00Z,,65.00,,87.25,65.00,30.00,25.76,11.25,2.00,1.00,1.00,1.00,1.00,1.00,1.00,1.00,1.00
2026-04-01T07:34:00Z,,65.00,,87.25,65.00,30.00,25.76,11.25,2.00,1.00,1.00,1.00,1.00,1.00,1.00,1.00,1.00
2026-04-01T07:35:00Z,,65.00,,87.25,65.00,29.00,25.76,8.00,2.00,1.00,1.00,1.00,1.00,1.00,1.00,1.00,1.00
2026-04-01T07:42:00Z,,65.00,,87.25,65.00,29.00,25.76,8.00,2.00,1.00,1.00,1.00,1.00,1.00,1.00,1.00,1.00
2026-04-01T07:44:00Z,,65.00,,87.25,65.00,30.50,25.76,8.00,2.00,1.00,1.00,1.00,1.00,1.00,1.00,1.00,1.00
2026-04-01T07:45:00Z,,65.00,,87.25,65.00,29.00,25.76,8.00,2.00,1.00,1.00,1.00,1.00,1.00,1.00,1.00,1.00
2026-04-01T07:48:00Z,,65.00,,87.25,67.00,29.00,25.76,8.00,2.00,1.00,1.00,1.00,1.00,1.00,1.00,1.00,1.00
2026-04-01T08:07:00Z,,65.00,,81.00,67.00,29.00,25.76,8.00,2.00,1.00,1.00,1.00,1.00,1.00,1.00,1.00,1.00
2026-04-01T08:08:00Z,,75.00,,79.57,67.00,29.00,25.76,8.00,2.00,1.00,1.00,1.00,1.00,1.00,1.00,1.00,1.00
2026-04-01T08:11:00Z,,75.00,,79.57,67.00,29.00,25.76,8.00,2.00,1.00,1.00,1.00,1.00,1.00,1.00,1.00,1.00
2026-04-01T08:14:00Z,,75.00,,79.57,67.00,33.00,25.76,8.00,2.00,1.00,1.00,1.00,1.00,1.00,1.00,1.00,1.00
2026-04-01T08:17:00Z,,75.00,,78.00,67.00,33.00,25.76,8.00,2.00,1.00,1.00,1.00,1.00,1.00,1.00,1.00,1.00
2026-04-01T08:18:00Z,,75.00,,78.00,67.00,33.00,25.76,8.00,2.00,1.00,1.00,1.00,1.00,1.00,1.00,1.00,1.00
2026-04-01T08:19:00Z,,75.00,,78.00,67.00,33.00,22.14,8.00,2.00,1.00,1.00,1.00,1.00,1.00,1.00,1.00,1.00
2026-04-01T08:25:00Z,,75.00,,78.00,67.00,33.00,21.00,8.00,2.00,1.00,1.00,1.00,1.00,1.00,1.00,1.00,1.00
2026-04-01T08:26:00Z,,75.00,,78.00,67.00,31.00,21.00,8.00,2.00,1.00,1.00,1.00,1.00,1.00,1.00,1.00,1.00
2026-04-01T08:27:00Z,,75.00,,76.31,67.00,31.00,21.00,8.00,2.00,1.00,1.00,1.00,1.00,1.00,1.00,1.00,1.00
2026-04-01T08:28:00Z,,75.00,,75.00,67.00,31.00,21.00,8.00,2.00,1.00,1.00,1.00,1.00,1.00,1.00,1.00,1.00
2026-04-01T08:31:00Z,,75.00,,75.00,66.45,31.00,21.00,8.00,2.00,1.00,1.00,1.00,1.00,1.00,1.00,1.00,1.00
2026-04-01T08:33:00Z,,75.00,,75.00,66.25,31.00,21.00,8.00,2.00,1.00,1.00,1.00,1.00,1.00,1.00,1.00,1.00
2026-04-01T08:35:00Z,,75.00,,75.00,66.25,31.00,21.00,8.00,2.00,1.00,1.00,1.00,1.00,1.00,1.00,1.00,1.00
2026-04-01T08:39:00Z,,79.00,,75.00,66.25,31.00,21.00,8.00,2.00,1.00,1.00,1.00,1.00,1.00,1.00,1.00,1.00
2026-04-01T08:40:00Z,,79.00,,77.00,66.25,31.00,21.00,8.00,2.00,1.00,1.00,1.00,1.00,1.00,1.00,1.00,1.00
2026-04-01T08:43:00Z,,79.00,,77.00,66.25,31.77,21.00,8.00,2.00,1.00,1.00,1.00,1.00,1.00,1.00,1.00,1.00
2026-04-01T08:48:00Z,,79.00,,80.00,66.25,40.04,21.00,8.00,2.00,1.00,1.00,1.00,1.00,1.00,1.00,1.00,1.00
2026-04-01T08:50:00Z,,79.00,,80.00,66.25,44.23,21.00,8.00,2.00,1.00,1.00,1.00,1.00,1.00,1.00,1.00,1.00
2026-04-01T08:52:00Z,,79.00,,80.00,66.25,44.23,21.00,8.00,2.00,1.00,1.00,1.00,1.00,1.00,1.00,1.00,1.00
2026-04-01T08:54:00Z,,79.00,,80.00,66.25,44.23,21.00,8.00,2.00,1.00,1.00,1.00,1.00,1.00,1.00,1.00,1.00
2026-04-01T08:56:00Z,,91.00,,80.00,66.25,44.23,21.00,8.00,2.00,1.00,1.00,1.00,1.00,1.00,1.00,1.00,1.00
2026-04-01T09:01:00Z,,91.00,,80.00,66.25,45.00,21.00,8.00,2.00,1.00,1.00,1.00,1.00,1.00,1.00,1.00,1.00
2026-04-01T09:05:00Z,,91.00,,80.00,66.25,54.35,21.00,8.00,2.00,1.00,1.00,1.00,1.00,1.00,1.00,1.00,1.00
2026-04-01T09:11:00Z,,91.00,,78.00,66.25,54.35,21.00,8.00,2.00,1.00,1.00,1.00,1.00,1.00,1.00,1.00,1.00
2026-04-01T09:13:00Z,,77.00,,78.00,66.25,54.35,21.00,8.00,2.00,1.00,1.00,1.00,1.00,1.00,1.00,1.00,1.00
2026-04-01T09:14:00Z,,77.00,,78.00,69.43,54.35,21.00,8.00,2.00,1.00,1.00,1.00,1.00,1.00,1.00,1.00,1.00
2026-04-01T09:16:00Z,,77.00,,78.00,69.43,54.35,21.00,9.77,2.00,1.00,1.00,1.00,1.00,1.00,1.00,1.00,1.00
2026-04-01T09:17:00Z,,77.00,,78.00,69.77,54.35,21.00,9.77,2.00,1.00,1.00,1.00,1.00,1.00,1.00,1.00,1.00
2026-04-01T09:19:00Z,,77.00,,78.00,69.81,54.35,21.00,9.77,2.00,1.00,1.00,1.00,1.00,1.00,1.00,1.00,1.00
2026-04-01T09:20:00Z,,77.00,,78.00,70.00,54.35,21.00,9.77,2.00,1.00,1.00,1.00,1.00,1.00,1.00,1.00,1.00
2026-04-01T09:21:00Z,,77.00,,78.00,70.00,54.35,21.00,9.77,2.00,1.00,1.00,1.00,1.00,1.00,1.00,1.00,1.00
2026-04-01T09:33:00Z,,77.00,,78.00,70.00,54.35,21.00,8.00,2.00,1.00,1.00,1.00,1.00,1.00,1.00,1.00,1.00
2026-04-01T09:52:00Z,,77.00,,78.00,70.00,54.35,21.00,8.00,2.00,1.00,1.00,1.00,1.00,1.00,1.00,1.00,1.00
2026-04-01T09:53:00Z,,77.00,,78.00,70.00,54.35,21.00,8.00,2.00,1.00,1.00,1.00,1.00,1.00,1.00,1.00,1.00
2026-04-01T09:58:00Z,,77.00,,69.72,70.00,54.35,21.00,8.00,2.00,1.00,1.00,1.00,1.00,1.00,1.00,1.00,1.00
2026-04-01T10:03:00Z,,77.00,,69.72,70.00,46.12,21.00,8.00,2.00,1.00,1.00,1.00,1.00,1.00,1.00,1.00,1.00
2026-04-01T10:04:00Z,,77.00,,69.72,70.00,45.35,21.00,8.00,2.00,1.00,1.00,1.00,1.00,1.00,1.00,1.00,1.00
2026-04-01T10:06:00Z,,77.00,,69.72,70.00,44.00,21.00,10.23,2.00,1.00,1.00,1.00,1.00,1.00,1.00,1.00,1.00
2026-04-01T10:17:00Z,,77.00,,75.00,70.00,34.00,21.00,10.23,2.00,1.00,1.00,1.00,1.00,1.00,1.00,1.00,1.00
2026-04-01T10:23:00Z,,77.00,,75.00,70.00,34.00,21.00,10.23,2.00,1.00,1.00,1.00,1.00,1.00,1.00,1.00,1.00
2026-04-01T10:39:00Z,,77.00,,75.00,70.00,34.00,21.00,10.23,2.00,1.00,1.00,1.00,1.00,1.00,1.00,1.00,1.00
2026-04-01T10:43:00Z,,77.00,,75.00,70.00,34.00,21.00,8.00,2.00,1.00,1.00,1.00,1.00,1.00,1.00,1.00,1.00
2026-04-01T10:46:00Z,,77.00,,75.00,70.00,34.00,21.00,8.00,2.00,1.00,1.00,1.00,1.00,1.00,1.00,1.00,1.00
2026-04-01T10:50:00Z,,77.00,,75.00,70.00,34.00,21.00,8.00,2.00,1.00,1.00,1.00,1.00,1.00,1.00,1.00,1.00
2026-04-01T11:00:00Z,,77.00,,75.00,70.00,30.15,21.00,8.00,2.00,1.00,1.00,1.00,1.00,1.00,1.00,1.00,1.00
2026-04-01T11:01:00Z,,77.00,,75.00,70.84,30.15,21.00,15.26,2.00,1.00,1.00,1.00,1.00,1.00,1.00,1.00,1.00
2026-04-01T11:05:00Z,,77.00,,77.00,70.84,30.15,21.00,15.26,2.00,1.00,1.00,1.00,1.00,1.00,1.00,1.00,1.00
2026-04-01T11:12:00Z,,77.00,,77.00,70.92,30.15,21.00,15.26,2.00,1.00,1.00,1.00,1.00,1.00,1.00,1.00,1.00
2026-04-01T11:14:00Z,,77.00,,80.00,70.92,30.15,21.00,15.26,2.00,1.00,1.00,1.00,1.00,1.00,1.00,1.00,1.00
2026-04-01T11:16:00Z,,77.00,,80.00,71.77,30.15,21.00,15.26,2.00,1.00,1.00,1.00,1.00,1.00,1.00,1.00,1.00
2026-04-01T11:17:00Z,,77.00,,80.00,71.77,30.15,21.00,15.26,2.00,1.00,1.00,1.00,1.00,1.00,1.00,1.00,1.00
2026-04-01T11:18:00Z,,77.00,,77.00,71.77,30.15,21.00,15.26,2.00,1.00,1.00,1.00,1.00,1.00,1.00,1.00,1.00
2026-04-01T11:19:00Z,,77.00,,77.00,71.77,39.00,21.00,15.26,2.00,1.00,1.00,1.00,1.00,1.00,1.00,1.00,1.00
2026-04-01T11:20:00Z,,77.00,,77.00,71.77,40.00,21.00,15.26,2.00,1.00,1.00,1.00,1.00,1.00,1.00,1.00,1.00
2026-04-01T11:23:00Z,,77.00,,77.00,71.77,40.00,21.00,15.26,2.00,1.00,1.00,1.00,1.00,1.00,1.00,1.00,1.00
2026-04-01T11:27:00Z,,77.00,,77.00,71.77,40.00,21.00,15.26,4.99,1.00,1.00,1.00,1.00,1.00,1.00,1.00,1.00
2026-04-01T11:29:00Z,,77.00,,77.00,72.02,40.00,21.00,15.26,4.99,1.00,1.00,1.00,1.00,1.00,1.00,1.00,1.00
2026-04-01T11:31:00Z,,77.00,,77.00,72.02,40.00,21.00,8.00,4.99,1.00,1.00,1.00,1.00,1.00,1.00,1.00,1.00
2026-04-01T11:36:00Z,,77.00,,77.00,72.02,43.82,21.00,8.00,4.99,1.00,1.00,1.00,1.00,1.00,1.00,1.00,1.00
2026-04-01T11:38:00Z,,77.00,,77.00,72.02,41.00,21.00,8.00,4.99,1.00,1.00,1.00,1.00,1.00,1.00,1.00,1.00
2026-04-01T11:48:00Z,,77.00,,77.00,72.02,30.87,21.00,8.00,4.99,1.00,1.00,1.00,1.00,1.00,1.00,1.00,1.00
2026-04-01T11:50:00Z,,77.00,,81.00,72.02,30.87,21.00,8.00,4.99,1.00,1.00,1.00,1.00,1.00,1.00,1.00,1.00
2026-04-01T11:51:00Z,,77.00,,81.00,72.02,30.87,20.00,8.00,4.99,1.00,1.00,1.00,1.00,1.00,1.00,1.00,1.00
2026-04-01T11:54:00Z,,77.00,,81.00,66.03,30.87,20.00,8.00,4.99,1.00,1.00,1.00,1.00,1.00,1.00,1.00,1.00
2026-04-01T11:58:00Z,,77.00,,81.00,66.03,41.00,20.00,8.00,4.99,1.00,1.00,1.00,1.00,1.00,1.00,1.00,1.00
2026-04-01T12:02:00Z,,77.00,,81.00,66.03,41.00,20.00,8.00,4.99,1.00,1.00,1.00,1.00,1.00,1.00,1.00,1.00
2026-04-01T12:06:00Z,,77.00,,81.00,71.50,41.00,20.00,8.00,4.99,1.00,1.00,1.00,1.00,1.00,1.00,1.00,1.00
2026-04-01T12:07:00Z,,77.00,,81.00,71.50,46.90,20.00,8.00,4.99,1.00,1.00,1.00,1.00,1.00,1.00,1.00,1.00
2026-04-01T12:14:00Z,,95.42,,81.00,71.50,46.90,20.00,8.00,4.99,1.00,1.00,1.00,1.00,1.00,1.00,1.00,1.00
2026-04-01T12:16:00Z,,95.42,,81.00,71.50,46.90,20.00,8.00,4.99,1.00,1.00,1.00,1.00,1.00,1.00,1.00,1.00
2026-04-01T12:20:00Z,,95.42,,81.00,71.50,44.00,20.00,8.00,4.99,1.00,1.00,1.00,1.00,1.00,1.00,1.00,1.00
2026-04-01T12:25:00Z,,95.42,,82.00,71.50,44.00,20.00,8.00,4.99,1.00,1.00,1.00,1.00,1.00,1.00,1.00,1.00
2026-04-01T12:28:00Z,,95.42,,82.00,71.50,44.00,20.00,9.00,4.99,1.00,1.00,1.00,1.00,1.00,1.00,1.00,1.00
2026-04-01T12:32:00Z,,95.42,,82.00,71.50,44.00,20.00,9.00,1.00,1.00,1.00,1.00,1.00,1.00,1.00,1.00,1.00
2026-04-01T12:33:00Z,,95.42,,82.00,70.00,37.66,20.00,9.00,1.00,1.00,1.00,1.00,1.00,1.00,1.00,1.00,1.00
2026-04-01T12:34:00Z,,95.42,,82.00,70.00,37.66,20.00,8.00,1.00,1.00,1.00,1.00,1.00,1.00,1.00,1.00,1.00
2026-04-01T12:36:00Z,,95.42,,82.00,70.00,37.66,20.00,8.00,5.93,1.00,1.00,1.00,1.00,1.00,1.00,1.00,1.00
2026-04-01T12:38:00Z,,95.42,,82.00,70.00,37.66,20.00,10.69,5.93,1.00,1.00,1.00,1.00,1.00,1.00,1.00,1.00
2026-04-01T12:43:00Z,,95.42,,82.00,70.00,37.66,20.00,10.69,1.00,1.00,1.00,1.00,1.00,1.00,1.00,1.00,1.00
2026-04-01T12:58:00Z,,95.42,,88.00,70.00,37.66,20.00,10.69,1.00,1.00,1.00,1.00,1.00,1.00,1.00,1.00,1.00
2026-04-01T13:01:00Z,,95.42,,88.00,70.00,44.80,20.00,10.69,1.00,1.00,1.00,1.00,1.00,1.00,1.00,1.00,1.00
2026-04-01T13:09:00Z,,95.42,,88.00,70.00,48.61,20.00,10.69,1.00,1.00,1.00,1.00,1.00,1.00,1.00,1.00,1.00
2026-04-01T13:12:00Z,,95.42,,88.00,70.00,48.61,25.69,10.69,1.00,1.00,1.00,1.00,1.00,1.00,1.00,1.00,1.00
2026-04-01T13:13:00Z,,95.42,,88.00,70.00,48.61,23.11,10.69,1.00,1.00,1.00,1.00,1.00,1.00,1.00,1.00,1.00
2026-04-01T13:19:00Z,,95.42,,88.00,70.00,38.15,23.11,10.69,1.00,1.00,1.00,1.00,1.00,1.00,1.00,1.00,1.00
2026-04-01T13:20:00Z,,95.42,,88.00,70.00,39.18,23.11,10.69,1.00,1.00,1.00,1.00,1.00,1.00,1.00,1.00,1.00
2026-04-01T13:21:00Z,,95.42,,88.00,70.00,45.00,23.11,10.69,1.00,1.00,1.00,1.00,1.00,1.00,1.00,1.00,1.00
2026-04-01T13:27:00Z,,95.42,,83.00,70.00,45.00,23.11,10.69,1.00,1.00,1.00,1.00,1.00,1.00,1.00,1.00,1.00
2026-04-01T13:39:00Z,,95.42,,83.00,70.00,31.89,23.11,10.69,1.00,1.00,1.00,1.00,1.00,1.00,1.00,1.00,1.00
2026-04-01T13:42:00Z,,95.42,,83.00,73.00,31.89,23.00,10.69,1.00,1.00,1.00,1.00,1.00,1.00,1.00,1.00,1.00
2026-04-01T13:43:00Z,,96.80,,84.00,73.00,29.78,21.00,10.69,1.00,1.00,1.00,1.00,1.00,1.00,1.00,1.00,1.00
2026-04-01T13:44:00Z,,96.80,,84.00,73.00,29.78,21.00,8.00,1.00,1.00,1.00,1.00,1.00,1.00,1.00,1.00,1.00
2026-04-01T13:46:00Z,,96.80,,84.00,73.00,29.59,21.00,8.00,1.00,1.00,1.00,1.00,1.00,1.00,1.00,1.00,1.00
2026-04-01T13:53:00Z,,96.80,,84.00,73.00,29.59,21.00,8.00,1.00,1.00,1.00,1.00,1.00,1.00,1.00,1.00,1.00
2026-04-01T13:55:00Z,,96.80,,84.00,73.00,29.59,21.00,10.00,1.00,1.00,1.00,1.00,1.00,1.00,1.00,1.00,1.00
2026-04-01T13:56:00Z,,96.80,,84.00,73.23,29.59,21.00,10.00,1.00,1.00,1.00,1.00,1.00,1.00,1.00,1.00,1.00
2026-04-01T13:59:00Z,,96.80,,84.00,73.23,29.59,21.00,8.00,1.00,1.00,1.00,1.00,1.00,1.00,1.00,1.00,1.00
2026-04-01T14:02:00Z,,96.80,,84.00,72.00,29.59,21.00,8.00,1.00,1.00,1.00,1.00,1.00,1.00,1.00,1.00,1.00
2026-04-01T14:03:00Z,,96.00,,84.00,72.00,29.59,21.00,8.00,1.00,1.00,1.00,1.00,1.00,1.00,1.00,1.00,1.00
2026-04-01T14:05:00Z,,96.00,,84.00,72.00,29.59,21.00,8.00,3.00,1.00,1.00,1.00,1.00,1.00,1.00,1.00,1.00
2026-04-01T14:11:00Z,,96.00,,84.00,72.00,29.59,21.00,8.00,3.00,1.00,1.00,1.00,1.00,1.00,1.00,1.00,1.00
2026-04-01T14:16:00Z,,96.00,,84.00,72.00,29.59,21.00,8.00,3.00,1.00,1.00,1.00,1.00,1.00,1.00,1.00,1.00
2026-04-01T14:21:00Z,,96.00,,84.00,72.00,31.00,21.00,8.00,2.36,1.00,1.00,1.00,1.00,1.00,1.00,1.00,1.00
2026-04-01T14:22:00Z,,96.00,,84.00,72.00,31.00,19.00,8.00,2.36,1.00,1.00,1.00,1.00,1.00,1.00,1.00,1.00
2026-04-01T14:23:00Z,,96.00,,84.00,72.00,31.00,19.00,8.00,2.36,1.00,1.00,1.00,1.00,1.00,1.00,1.00,1.00
2026-04-01T14:27:00Z,,96.00,,84.00,72.00,31.00,19.00,8.00,2.00,1.00,1.00,1.00,1.00,1.00,1.00,1.00,1.00
2026-04-01T14:29:00Z,,96.00,,84.00,72.00,32.00,19.00,8.00,2.00,1.00,1.00,1.00,1.00,1.00,1.00,1.00,1.00
2026-04-01T14:30:00Z,,96.00,,84.00,72.00,33.00,19.00,8.00,2.00,1.00,1.00,1.00,1.00,1.00,1.00,1.00,1.00
2026-04-01T14:31:00Z,,96.00,,84.00,72.00,38.24,19.00,8.00,2.00,1.00,1.00,1.00,1.00,1.00,1.00,1.00,1.00
2026-04-01T14:32:00Z,,96.00,,84.00,72.00,38.24,19.16,8.00,2.00,1.00,1.00,1.00,1.00,1.00,1.00,1.00,1.00
2026-04-01T14:33:00Z,,97.00,,84.00,72.00,38.24,19.16,8.00,2.00,1.00,1.00,1.00,1.00,1.00,1.00,1.00,1.00
2026-04-01T14:34:00Z,,97.00,,84.00,72.00,42.81,19.16,7.94,2.00,1.00,1.00,1.00,1.00,1.00,1.00,1.00,1.00
2026-04-01T14:37:00Z,,97.00,,84.00,72.00,36.50,19.16,7.94,2.00,1.00,1.00,1.00,1.00,1.00,1.00,1.00,1.00
2026-04-01T14:38:00Z,,97.00,,84.00,72.00,36.50,19.16,7.94,2.00,1.00,1.00,1.00,1.00,1.00,1.00,1.00,1.00
2026-04-01T14:41:00Z,,97.00,,84.00,72.00,39.00,20.00,7.94,2.00,1.00,1.00,1.00,1.00,1.00,1.00,1.00,1.00
2026-04-01T14:42:00Z,,97.00,,84.00,72.00,39.00,20.00,7.94,1.00,1.00,1.00,1.00,1.00,1.00,1.00,1.00,1.00
2026-04-01T14:49:00Z,,97.00,,84.00,72.00,39.00,20.00,7.94,2.00,1.00,1.00,1.00,1.00,1.00,1.00,1.00,1.00
2026-04-01T14:52:00Z,,97.00,,84.00,72.00,35.78,20.00,7.94,2.00,1.00,1.00,1.00,1.00,1.00,1.00,1.00,1.00
2026-04-01T14:57:00Z,,97.00,,84.00,72.00,35.78,20.00,7.94,2.44,1.00,1.00,1.00,1.00,1.00,1.00,1.00,1.00
2026-04-01T14:58:00Z,,97.00,,84.00,72.00,37.66,20.00,7.94,2.44,1.00,1.00,1.00,1.00,1.00,1.00,1.00,1.00
2026-04-01T14:59:00Z,,97.00,,84.00,72.00,38.12,20.00,7.94,2.00,1.00,1.00,1.00,1.00,1.00,1.00,1.00,1.00
2026-04-01T15:01:00Z,,97.00,,84.00,72.00,38.12,20.00,7.94,2.00,1.00,1.00,1.00,1.00,1.00,1.00,1.00,1.00
2026-04-01T15:04:00Z,,97.00,,84.00,72.00,38.12,20.00,8.00,2.00,1.00,1.00,1.00,1.00,1.00,1.00,1.00,1.00
2026-04-01T15:05:00Z,,97.00,,84.00,72.00,38.12,20.00,8.00,2.00,1.00,1.00,1.00,1.00,1.00,1.00,1.00,1.00
2026-04-01T15:09:00Z,,97.00,,84.00,74.45,38.12,20.00,8.00,2.00,1.00,1.00,1.00,1.00,1.00,1.00,1.00,1.00
2026-04-01T15:11:00Z,,98.00,,84.00,74.45,38.12,20.00,2.00,2.00,1.00,1.00,1.00,1.00,1.00,1.00,1.00,1.00
2026-04-01T15:12:00Z,,98.00,,84.00,74.94,38.12,20.00,2.00,2.00,1.00,1.00,1.00,1.00,1.00,1.00,1.00,1.00
2026-04-01T15:13:00Z,,98.00,,84.00,74.94,41.16,20.00,2.00,2.00,1.00,1.00,1.00,1.00,1.00,1.00,1.00,1.00
2026-04-01T15:14:00Z,,98.00,,84.00,74.94,41.45,20.00,2.00,1.00,1.00,1.00,1.00,1.00,1.00,1.00,1.00,1.00
2026-04-01T15:16:00Z,,98.00,,84.00,71.84,40.52,20.00,2.00,1.00,1.00,1.00,1.00,1.00,1.00,1.00,1.00,1.00
2026-04-01T15:17:00Z,,98.00,,84.00,71.84,40.52,20.00,2.00,2.00,1.00,1.00,1.00,1.00,1.00,1.00,1.00,1.00
2026-04-01T15:20:00Z,,98.00,,84.00,71.84,36.16,20.00,2.00,2.00,1.00,1.00,1.00,1.00,1.00,1.00,1.00,1.00
2026-04-01T15:22:00Z,,98.00,,84.00,71.81,36.16,20.00,2.00,2.00,1.00,1.00,1.00,1.00,1.00,1.00,1.00,1.00
2026-04-01T15:23:00Z,,98.00,,84.00,70.00,36.16,20.00,2.00,2.00,1.00,1.00,1.00,1.00,1.00,1.00,1.00,1.00
2026-04-01T15:25:00Z,,98.00,,84.00,71.00,37.35,20.00,2.00,2.00,1.00,1.00,1.00,1.00,1.00,1.00,1.00,1.00
2026-04-01T15:29:00Z,,98.00,,84.00,71.00,37.35,20.00,2.00,2.00,1.00,1.00,1.00,1.00,1.00,1.00,1.00,1.00
2026-04-01T15:31:00Z,,98.00,,84.00,71.00,35.00,20.00,2.00,2.00,1.00,1.00,1.00,1.00,1.00,1.00,1.00,1.00
2026-04-01T15:32:00Z,,98.00,,84.00,71.00,35.00,20.00,2.00,2.00,1.00,1.00,1.00,1.00,1.00,1.00,1.00,1.00
2026-04-01T15:33:00Z,,98.00,,84.00,70.00,35.00,20.00,2.00,2.00,1.00,1.00,1.00,1.00,1.00,1.00,1.00,1.00
2026-04-01T15:34:00Z,,98.00,,84.00,70.00,35.00,20.00,6.81,2.00,1.00,1.00,1.00,1.00,1.00,1.00,1.00,1.00
2026-04-01T15:41:00Z,,98.00,,84.00,70.00,31.17,20.00,6.81,2.00,1.00,1.00,1.00,1.00,1.00,1.00,1.00,1.00
2026-04-01T15:42:00Z,,98.00,,84.00,70.00,31.17,17.05,6.81,2.00,1.00,1.00,1.00,1.00,1.00,1.00,1.00,1.00
2026-04-01T15:43:00Z,,98.00,,84.00,70.00,34.00,17.05,6.81,2.00,1.00,1.00,1.00,1.00,1.00,1.00,1.00,1.00
2026-04-01T15:45:00Z,,98.00,,84.00,70.00,34.00,17.05,6.81,1.16,1.00,1.00,1.00,1.00,1.00,1.00,1.00,1.00
2026-04-01T15:47:00Z,,98.00,,84.00,70.00,34.50,16.19,6.81,1.16,1.00,1.00,1.00,1.00,1.00,1.00,1.00,1.00
2026-04-01T15:48:00Z,,98.00,,84.00,70.00,32.00,16.19,6.81,1.16,1.00,1.00,1.00,1.00,1.00,1.00,1.00,1.00
2026-04-01T15:50:00Z,,98.00,,84.00,70.00,31.54,16.19,3.00,1.16,1.00,1.00,1.00,1.00,1.00,1.00,1.00,1.00
2026-04-01T15:51:00Z,,98.00,,86.00,70.00,31.54,16.19,3.00,1.16,1.00,1.00,1.00,1.00,1.00,1.00,1.00,1.00
2026-04-01T15:52:00Z,,98.00,,86.00,71.00,34.00,16.19,3.00,1.16,1.00,1.00,1.00,1.00,1.00,1.00,1.00,1.00
2026-04-01T15:53:00Z,,98.00,,86.00,71.00,34.76,16.19,3.00,1.16,1.00,1.00,1.00,1.00,1.00,1.00,1.00,1.00
2026-04-01T15:58:00Z,,98.00,,86.00,71.00,34.70,16.19,3.00,1.16,1.00,1.00,1.00,1.00,1.00,1.00,1.00,1.00
2026-04-01T16:02:00Z,,98.00,,86.00,71.00,35.50,16.19,3.00,1.16,1.00,1.00,1.00,1.00,1.00,1.00,1.00,1.00
2026-04-01T16:04:00Z,,98.00,,86.00,71.00,35.50,16.19,3.00,1.16,1.00,1.00,1.00,1.00,1.00,1.00,1.00,1.00
2026-04-01T16:05:00Z,,98.00,,86.00,71.00,36.57,16.19,3.00,1.16,1.00,1.00,1.00,1.00,1.00,1.00,1.00,1.00
2026-04-01T16:08:00Z,,98.00,,86.00,71.00,36.57,16.19,3.00,1.16,1.00,1.00,1.00,1.00,1.00,1.00,1.00,1.00
2026-04-01T16:09:00Z,,98.00,,86.00,71.00,36.57,16.19,3.00,1.16,1.00,1.00,1.00,1.00,1.00,1.00,1.00,1.00
2026-04-01T16:14:00Z,,98.00,,86.00,71.00,36.57,16.19,3.00,1.16,1.00,1.00,1.00,1.00,1.00,1.00,1.00,1.00
2026-04-01T16:17:00Z,,98.00,,86.00,71.00,39.50,20.02,3.00,1.16,1.00,1.00,1.00,1.00,1.00,1.00,1.00,1.00
2026-04-01T16:18:00Z,,98.00,,86.00,71.00,38.85,20.02,3.00,1.16,1.00,1.00,1.00,1.00,1.00,1.00,1.00,1.00
2026-04-01T16:20:00Z,,98.00,,86.00,70.01,38.85,20.02,3.00,1.16,1.00,1.00,1.00,1.00,1.00,1.00,1.00,1.00
2026-04-01T16:21:00Z,,98.00,,86.00,69.00,33.00,20.02,3.00,1.16,1.00,1.00,1.00,1.00,1.00,1.00,1.00,1.00
2026-04-01T16:22:00Z,,98.00,,86.00,62.50,33.00,20.02,3.00,1.16,1.00,1.00,1.00,1.00,1.00,1.00,1.00,1.00
2026-04-01T16:23:00Z,,98.00,,86.00,62.50,30.15,20.02,3.00,1.16,1.00,1.00,1.00,1.00,1.00,1.00,1.00,1.00
2026-04-01T16:25:00Z,,98.00,,86.00,62.50,30.15,20.02,3.00,1.16,1.00,1.00,1.00,1.00,1.00,1.00,1.00,1.00
2026-04-01T16:26:00Z,,98.00,,86.00,62.50,29.00,20.02,3.00,1.16,1.00,1.00,1.00,1.00,1.00,1.00,1.00,1.00
2026-04-01T16:27:00Z,,98.00,,86.00,62.92,29.00,20.02,3.00,1.16,1.00,1.00,1.00,1.00,1.00,1.00,1.00,1.00
2026-04-01T16:29:00Z,,98.00,,86.00,63.93,29.00,20.02,3.00,1.16,1.00,1.00,1.00,1.00,1.00,1.00,1.00,1.00
2026-04-01T16:31:00Z,,98.00,,86.00,63.93,31.77,20.02,4.00,1.16,1.00,1.00,1.00,1.00,1.00,1.00,1.00,1.00
2026-04-01T16:35:00Z,,98.00,,86.00,66.00,32.62,20.02,4.00,1.16,1.00,1.00,1.00,1.00,1.00,1.00,1.00,1.00
2026-04-01T16:36:00Z,,98.00,,86.00,66.00,32.62,20.02,3.00,1.16,1.00,1.00,1.00,1.00,1.00,1.00,1.00,1.00
2026-04-01T16:39:00Z,,98.00,,86.00,66.72,32.62,20.02,3.00,1.16,1.00,1.00,1.00,1.00,1.00,1.00,1.00,1.00
2026-04-01T16:40:00Z,,98.00,,86.00,66.72,32.62,20.02,3.00,1.16,1.00,1.00,1.00,1.00,1.00,1.00,1.00,1.00
2026-04-01T16:42:00Z,,98.00,,86.00,66.72,33.94,20.02,3.00,1.16,1.00,1.00,1.00,1.00,1.00,1.00,1.00,1.00
2026-04-01T16:43:00Z,,98.00,,86.00,66.72,34.00,20.02,3.00,1.16,1.00,1.00,1.00,1.00,1.00,1.00,1.00,1.00
2026-04-01T16:44:00Z,,98.00,,86.00,66.72,34.00,20.02,3.00,1.16,1.00,1.00,1.00,1.00,1.00,1.00,1.00,1.00
2026-04-01T16:46:00Z,,98.00,,86.00,67.33,34.00,20.02,3.00,1.16,1.00,1.00,1.00,1.00,1.00,1.00,1.00,1.00
2026-04-01T16:47:00Z,,98.00,,86.00,62.12,34.00,20.02,3.00,1.16,1.00,1.00,1.00,1.00,1.00,1.00,1.00,1.00
2026-04-01T16:48:00Z,,98.00,,86.00,62.12,34.00,13.10,3.00,1.16,1.00,1.00,1.00,1.00,1.00,1.00,1.00,1.00
2026-04-01T16:54:00Z,,98.00,,84.72,62.12,34.00,13.10,2.00,1.16,1.00,1.00,1.00,1.00,1.00,1.00,1.00,1.00
2026-04-01T16:55:00Z,,98.00,,84.72,62.12,29.00,13.10,2.00,1.16,1.00,1.00,1.00,1.00,1.00,1.00,1.00,1.00
2026-04-01T16:56:00Z,,98.00,,84.72,65.80,29.00,13.10,2.00,1.16,1.00,1.00,1.00,1.00,1.00,1.00,1.00,1.00
2026-04-01T16:58:00Z,,98.00,,84.72,65.80,29.00,13.10,2.00,1.16,1.00,1.00,1.00,1.00,1.00,1.00,1.00,1.00
2026-04-01T16:59:00Z,,98.00,,84.72,65.80,32.33,13.10,2.00,1.16,1.00,1.00,1.00,1.00,1.00,1.00,1.00,1.00
2026-04-01T17:00:00Z,,98.00,,84.72,65.83,32.33,13.10,2.00,1.16,1.00,1.00,1.00,1.00,1.00,1.00,1.00,1.00
2026-04-01T17:02:00Z,,98.00,,84.72,65.83,32.33,16.00,4.90,1.16,1.00,1.00,1.00,1.00,1.00,1.00,1.00,1.00
2026-04-01T17:04:00Z,,98.00,,84.72,65.83,32.33,16.00,4.90,1.00,1.00,1.00,1.00,1.00,1.00,1.00,1.00,1.00
2026-04-01T17:06:00Z,,98.00,,84.72,65.83,32.33,16.00,4.90,1.00,1.00,1.00,1.00,1.00,1.00,1.00,1.00,1.00
2026-04-01T17:07:00Z,,98.00,,84.72,67.00,32.33,16.00,4.90,1.00,1.00,1.00,1.00,1.00,1.00,1.00,1.00,1.00
2026-04-01T17:08:00Z,,98.00,,84.72,67.53,32.33,16.00,4.90,1.00,1.00,1.00,1.00,1.00,1.00,1.00,1.00,1.00
2026-04-01T17:09:00Z,,98.00,,84.72,67.53,37.66,18.28,4.90,1.00,1.00,1.00,1.00,1.00,1.00,1.00,1.00,1.00
2026-04-01T17:10:00Z,,98.00,,84.72,67.53,37.66,18.28,4.75,1.00,1.00,1.00,1.00,1.00,1.00,1.00,1.00,1.00
2026-04-01T17:12:00Z,,98.00,,84.72,67.53,36.00,18.28,4.75,1.00,1.00,1.00,1.00,1.00,1.00,1.00,1.00,1.00
2026-04-01T17:13:00Z,,98.00,,84.72,67.53,36.23,18.28,4.75,1.00,1.00,1.00,1.00,1.00,1.00,1.00,1.00,1.00
2026-04-01T17:15:00Z,,98.00,,84.72,67.53,39.85,18.28,4.75,1.00,1.00,1.00,1.00,1.00,1.00,1.00,1.00,1.00
2026-04-01T17:16:00Z,,98.00,,84.72,67.53,40.00,15.00,4.75,1.00,1.00,1.00,1.00,1.00,1.00,1.00,1.00,1.00
2026-04-01T17:17:00Z,,98.00,,84.72,67.53,38.00,15.00,4.75,1.00,1.00,1.00,1.00,1.00,1.00,1.00,1.00,1.00
2026-04-01T17:18:00Z,,98.00,,82.00,67.53,38.00,15.00,4.75,1.00,1.00,1.00,1.00,1.00,1.00,1.00,1.00,1.00
2026-04-01T17:19:00Z,,98.00,,82.00,74.00,38.00,15.00,4.75,1.00,1.00,1.00,1.00,1.00,1.00,1.00,1.00,1.00
2026-04-01T17:20:00Z,,98.00,,82.00,74.00,38.16,15.00,4.75,1.00,1.00,1.00,1.00,1.00,1.00,1.00,1.00,1.00
2026-04-01T17:21:00Z,,98.00,,82.00,74.00,38.00,15.00,4.75,1.00,1.00,1.00,1.00,1.00,1.00,1.00,1.00,1.00
2026-04-01T17:23:00Z,,98.00,,82.00,74.00,38.00,15.00,4.75,1.00,1.00,1.00,1.00,1.00,1.00,1.00,1.00,1.00
2026-04-01T17:25:00Z,,98.00,,82.00,74.00,38.00,15.00,4.75,1.00,1.00,1.00,1.00,1.00,1.00,1.00,1.00,1.00
2026-04-01T17:26:00Z,,98.00,,82.00,71.73,38.00,15.00,4.75,1.00,1.00,1.00,1.00,1.00,1.00,1.00,1.00,1.00
2026-04-01T17:27:00Z,,98.00,,82.00,74.94,38.00,15.00,4.75,1.00,1.00,1.00,1.00,1.00,1.00,1.00,1.00,1.00
2026-04-01T17:28:00Z,,98.00,,82.00,76.35,38.00,15.00,4.75,1.00,1.00,1.00,1.00,1.00,1.00,1.00,1.00,1.00
2026-04-01T17:29:00Z,,98.00,,82.00,76.35,40.00,15.00,4.75,1.00,1.00,1.00,1.00,1.00,1.00,1.00,1.00,1.00
2026-04-01T17:33:00Z,,98.00,,82.00,77.00,40.00,15.00,4.75,1.00,1.00,1.00,1.00,1.00,1.00,1.00,1.00,1.00
2026-04-01T17:35:00Z,,98.00,,82.00,77.00,40.00,20.08,4.75,1.00,1.00,1.00,1.00,1.00,1.00,1.00,1.00,1.00
2026-04-01T17:36:00Z,,98.00,,85.00,77.00,40.00,20.08,3.97,1.00,1.00,1.00,1.00,1.00,1.00,1.00,1.00,1.00
2026-04-01T17:37:00Z,,98.00,,85.00,75.85,41.39,20.08,3.97,1.00,1.00,1.00,1.00,1.00,1.00,1.00,1.00,1.00
2026-04-01T17:38:00Z,,98.00,,85.00,75.85,42.00,20.08,3.97,1.00,1.00,1.00,1.00,1.00,1.00,1.00,1.00,1.00
2026-04-01T17:39:00Z,,98.00,,85.00,75.85,44.00,20.08,3.97,1.00,1.00,1.00,1.00,1.00,1.00,1.00,1.00,1.00
2026-04-01T17:40:00Z,,98.00,,85.00,78.00,44.00,20.08,3.97,1.00,1.00,1.00,1.00,1.00,1.00,1.00,1.00,1.00
2026-04-01T17:41:00Z,,98.00,,85.00,78.00,44.00,20.08,3.97,1.00,1.00,1.00,1.00,1.00,1.00,1.00,1.00,1.00
2026-04-01T17:42:00Z,,98.00,,85.00,80.00,44.00,20.08,5.00,1.00,1.00,1.00,1.00,1.00,1.00,1.00,1.00,1.00
2026-04-01T17:43:00Z,,98.00,,85.00,80.00,44.00,20.08,5.00,1.00,1.00,1.00,1.00,1.00,1.00,1.00,1.00,1.00
2026-04-01T17:44:00Z,,97.00,,85.00,80.00,44.00,20.08,5.00,1.00,1.00,1.00,1.00,1.00,1.00,1.00,1.00,1.00
2026-04-01T17:45:00Z,,97.00,,85.00,80.00,44.00,20.08,5.00,1.00,1.00,1.00,1.00,1.00,1.00,1.00,1.00,1.00
2026-04-01T17:46:00Z,,97.00,,85.00,80.00,44.00,20.08,5.00,1.00,1.00,1.00,1.00,1.00,1.00,1.00,1.00,1.00
2026-04-01T17:47:00Z,,97.00,,85.00,80.00,47.00,20.08,5.00,1.00,1.00,1.00,1.00,1.00,1.00,1.00,1.00,1.00
2026-04-01T17:49:00Z,,97.00,,85.00,80.00,49.30,20.08,5.00,1.00,1.00,1.00,1.00,1.00,1.00,1.00,1.00,1.00
2026-04-01T17:50:00Z,,97.00,,85.00,80.00,52.00,20.08,5.00,1.00,1.00,1.00,1.00,1.00,1.00,1.00,1.00,1.00
2026-04-01T17:51:00Z,,97.00,,85.00,80.00,52.00,20.38,5.00,1.00,1.00,1.00,1.00,1.00,1.00,1.00,1.00,1.00
2026-04-01T17:52:00Z,,97.00,,85.00,80.00,52.00,20.38,4.68,1.00,1.00,1.00,1.00,1.00,1.00,1.00,1.00,1.00
2026-04-01T17:58:00Z,,97.00,,86.12,80.00,52.00,20.38,4.68,1.00,1.00,1.00,1.00,1.00,1.00,1.00,1.00,1.00
2026-04-01T18:00:00Z,,97.00,,86.12,80.00,52.00,21.26,4.68,1.00,1.00,1.00,1.00,1.00,1.00,1.00,1.00,1.00
2026-04-01T18:02:00Z,,97.00,,86.12,80.00,52.00,29.00,4.68,1.00,1.00,1.00,1.00,1.00,1.00,1.00,1.00,1.00
2026-04-01T18:03:00Z,,97.00,,86.12,82.78,52.00,29.00,4.68,1.00,1.00,1.00,1.00,1.00,1.00,1.00,1.00,1.00
2026-04-01T18:05:00Z,,97.00,,93.07,82.78,54.64,29.00,4.68,1.00,1.00,1.00,1.00,1.00,1.00,1.00,1.00,1.00
2026-04-01T18:06:00Z,,97.00,,93.07,82.78,54.64,29.00,5.00,1.00,1.00,1.00,1.00,1.00,1.00,1.00,1.00,1.00
2026-04-01T18:08:00Z,,97.00,,93.07,82.78,54.64,29.00,5.00,1.00,1.00,1.00,1.00,1.00,1.00,1.00,1.00,1.00
2026-04-01T18:09:00Z,,97.00,,93.07,82.78,54.64,29.00,5.00,1.00,1.00,1.00,1.00,1.00,1.00,1.00,1.00,1.00
2026-04-01T18:11:00Z,,97.00,,93.07,82.78,54.64,29.00,5.00,1.00,1.00,1.00,1.00,1.00,1.00,1.00,1.00,1.00
2026-04-01T18:13:00Z,,97.00,,88.00,81.90,54.64,29.00,5.00,1.00,1.00,1.00,1.00,1.00,1.00,1.00,1.00,1.00
2026-04-01T18:14:00Z,,97.00,,88.00,81.90,54.64,28.00,5.00,1.00,1.00,1.00,1.00,1.00,1.00,1.00,1.00,1.00
2026-04-01T18:15:00Z,,97.00,,88.00,82.00,51.67,26.00,5.00,1.00,1.00,1.00,1.00,1.00,1.00,1.00,1.00,1.00
2026-04-01T18:16:00Z,,97.00,,88.00,82.00,51.67,25.00,5.00,1.00,1.00,1.00,1.00,1.00,1.00,1.00,1.00,1.00
2026-04-01T18:17:00Z,,97.00,,88.00,82.00,50.00,25.00,5.00,1.00,1.00,1.00,1.00,1.00,1.00,1.00,1.00,1.00
2026-04-01T18:18:00Z,,97.00,,88.00,82.00,50.00,25.00,5.00,1.00,1.00,1.00,1.00,1.00,1.00,1.00,1.00,1.00
2026-04-01T18:21:00Z,,97.00,,88.00,80.00,50.00,25.00,5.00,1.00,1.00,1.00,1.00,1.00,1.00,1.00,1.00,1.00
2026-04-01T18:22:00Z,,97.00,,88.00,80.00,50.00,24.88,5.00,1.00,1.00,1.00,1.00,1.00,1.00,1.00,1.00,1.00
2026-04-01T18:23:00Z,,97.00,,88.00,80.00,50.00,24.88,5.00,1.00,1.00,1.00,1.00,1.00,1.00,1.00,1.00,1.00
2026-04-01T18:25:00Z,,97.00,,88.00,78.10,48.67,24.88,5.00,1.00,1.00,1.00,1.00,1.00,1.00,1.00,1.00,1.00
2026-04-01T18:27:00Z,,97.00,,88.00,78.10,48.67,24.88,5.00,1.00,1.00,1.00,1.00,1.00,1.00,1.00,1.00,1.00
2026-04-01T18:28:00Z,,97.00,,88.00,78.10,48.67,18.95,5.00,1.00,1.00,1.00,1.00,1.00,1.00,1.00,1.00,1.00
2026-04-01T18:29:00Z,,97.00,,88.00,78.10,48.67,24.00,5.00,1.00,1.00,1.00,1.00,1.00,1.00,1.00,1.00,1.00
2026-04-01T18:30:00Z,,97.00,,90.76,78.10,48.67,24.00,5.00,1.00,1.00,1.00,1.00,1.00,1.00,1.00,1.00,1.00
2026-04-01T18:31:00Z,,97.00,,90.76,78.10,47.26,24.00,5.00,1.00,1.00,1.00,1.00,1.00,1.00,1.00,1.00,1.00
2026-04-01T18:41:00Z,,97.00,,90.76,78.10,47.26,24.00,5.00,1.00,1.00,1.00,1.00,1.00,1.00,1.00,1.00,1.00
2026-04-01T18:45:00Z,,97.00,,90.00,78.10,47.26,24.00,5.00,1.00,1.00,1.00,1.00,1.00,1.00,1.00,1.00,1.00
2026-04-01T18:46:00Z,,97.00,,90.00,78.10,48.00,24.00,5.00,1.00,1.00,1.00,1.00,1.00,1.00,1.00,1.00,1.00
2026-04-01T18:48:00Z,,97.00,,90.00,78.10,48.00,18.60,5.00,1.00,1.00,1.00,1.00,1.00,1.00,1.00,1.00,1.00
2026-04-01T18:49:00Z,,97.00,,90.00,78.10,48.00,18.60,5.00,1.00,1.00,1.00,1.00,1.00,1.00,1.00,1.00,1.00
2026-04-01T18:50:00Z,,97.00,,90.00,78.10,48.00,18.00,5.00,1.00,1.00,1.00,1.00,1.00,1.00,1.00,1.00,1.00
2026-04-01T18:52:00Z,,97.00,,90.00,76.27,48.00,18.00,5.00,1.00,1.00,1.00,1.00,1.00,1.00,1.00,1.00,1.00
2026-04-01T18:54:00Z,,97.00,,90.00,76.27,49.94,18.00,5.00,1.00,1.00,1.00,1.00,1.00,1.00,1.00,1.00,1.00
2026-04-01T18:55:00Z,,97.00,,90.00,76.00,49.94,21.00,5.00,1.00,1.00,1.00,1.00,1.00,1.00,1.00,1.00,1.00
2026-04-01T19:03:00Z,,97.00,,90.00,76.00,44.42,21.00,5.00,1.00,1.00,1.00,1.00,1.00,1.00,1.00,1.00,1.00
2026-04-01T19:04:00Z,,97.00,,90.00,76.00,44.42,21.00,5.00,1.00,1.00,1.00,1.00,1.00,1.00,1.00,1.00,1.00
2026-04-01T19:05:00Z,,97.00,,90.00,76.00,44.42,21.00,4.00,1.00,1.00,1.00,1.00,1.00,1.00,1.00,1.00,1.00
2026-04-01T19:06:00Z,,97.00,,90.00,76.00,44.40,20.68,4.00,1.00,1.00,1.00,1.00,1.00,1.00,1.00,1.00,1.00
2026-04-01T19:07:00Z,,97.00,,90.00,76.00,44.40,20.68,4.00,1.00,1.00,1.00,1.00,1.00,1.00,1.00,1.00,1.00
2026-04-01T19:09:00Z,,97.00,,90.00,76.00,44.40,20.68,4.00,1.00,1.00,1.00,1.00,1.00,1.00,1.00,1.00,1.00
2026-04-01T19:10:00Z,,97.00,,90.00,74.31,44.40,20.68,4.00,1.00,1.00,1.00,1.00,1.00,1.00,1.00,1.00,1.00
2026-04-01T19:12:00Z,,97.00,,90.00,74.31,45.00,20.68,4.00,1.00,1.00,1.00,1.00,1.00,1.00,1.00,1.00,1.00
2026-04-01T19:13:00Z,,97.00,,90.00,77.52,45.00,20.68,4.00,1.00,1.00,1.00,1.00,1.00,1.00,1.00,1.00,1.00
2026-04-01T19:17:00Z,,97.00,,90.00,77.52,43.00,20.68,4.00,1.00,1.00,1.00,1.00,1.00,1.00,1.00,1.00,1.00
2026-04-01T19:20:00Z,,97.00,,90.00,77.52,41.00,20.68,4.00,1.00,1.00,1.00,1.00,1.00,1.00,1.00,1.00,1.00
2026-04-01T19:25:00Z,,97.00,,90.00,77.52,39.00,20.68,4.00,1.00,1.00,1.00,1.00,1.00,1.00,1.00,1.00,1.00
2026-04-01T19:26:00Z,,97.00,,90.00,77.52,38.23,20.68,4.00,1.00,1.00,1.00,1.00,1.00,1.00,1.00,1.00,1.00
2026-04-01T19:28:00Z,,97.00,,90.00,77.52,38.23,20.68,4.00,1.00,1.00,1.00,1.00,1.00,1.00,1.00,1.00,1.00
2026-04-01T19:29:00Z,,97.00,,90.00,77.52,40.40,20.68,4.00,1.00,1.00,1.00,1.00,1.00,1.00,1.00,1.00,1.00
2026-04-01T19:35:00Z,,97.00,,90.00,77.00,40.40,20.68,4.00,1.00,1.00,1.00,1.00,1.00,1.00,1.00,1.00,1.00
2026-04-01T19:39:00Z,,97.00,,89.00,77.00,40.90,20.68,4.00,1.00,1.00,1.00,1.00,1.00,1.00,1.00,1.00,1.00
2026-04-01T19:42:00Z,,97.00,,89.00,77.00,38.06,20.68,4.00,1.00,1.00,1.00,1.00,1.00,1.00,1.00,1.00,1.00
2026-04-01T19:46:00Z,,97.00,,89.00,72.00,38.06,20.68,4.00,1.00,1.00,1.00,1.00,1.00,1.00,1.00,1.00,1.00
2026-04-01T19:47:00Z,,97.00,,89.00,72.00,39.00,20.68,4.00,1.00,1.00,1.00,1.00,1.00,1.00,1.00,1.00,1.00
2026-04-01T19:50:00Z,,97.00,,89.00,72.00,39.00,20.68,4.00,1.00,1.00,1.00,1.00,1.00,1.00,1.00,1.00,1.00
2026-04-01T19:52:00Z,,97.00,,86.15,72.00,39.00,20.68,4.00,1.00,1.00,1.00,1.00,1.00,1.00,1.00,1.00,1.00
2026-04-01T20:03:00Z,,97.00,,86.15,72.65,39.00,15.00,4.00,1.00,1.00,1.00,1.00,1.00,1.00,1.00,1.00,1.00
2026-04-01T20:04:00Z,,97.00,,86.15,72.65,39.50,15.00,4.00,1.00,1.00,1.00,1.00,1.00,1.00,1.00,1.00,1.00
2026-04-01T20:06:00Z,,97.00,,86.15,72.65,40.00,15.00,4.00,1.00,1.00,1.00,1.00,1.00,1.00,1.00,1.00,1.00
2026-04-01T20:08:00Z,,97.00,,86.15,72.65,36.00,15.00,4.00,1.00,1.00,1.00,1.00,1.00,1.00,1.00,1.00,1.00
2026-04-01T20:10:00Z,,97.00,,86.15,73.00,36.00,15.00,4.00,1.00,1.00,1.00,1.00,1.00,1.00,1.00,1.00,1.00
2026-04-01T20:12:00Z,,97.00,,86.15,73.00,35.00,15.00,4.00,1.00,1.00,1.00,1.00,1.00,1.00,1.00,1.00,1.00
2026-04-01T20:13:00Z,,97.00,,86.15,68.08,35.00,15.00,4.00,1.00,1.00,1.00,1.00,1.00,1.00,1.00,1.00,1.00
2026-04-01T20:14:00Z,,97.00,,86.15,64.04,35.00,15.00,4.00,1.00,1.00,1.00,1.00,1.00,1.00,1.00,1.00,1.00
2026-04-01T20:15:00Z,,97.00,,86.15,64.04,35.00,13.06,4.00,1.00,1.00,1.00,1.00,1.00,1.00,1.00,1.00,1.00
2026-04-01T20:17:00Z,,97.00,,86.15,64.04,34.00,13.06,4.00,1.00,1.00,1.00,1.00,1.00,1.00,1.00,1.00,1.00
2026-04-01T20:19:00Z,,97.00,,86.15,64.04,34.00,16.00,4.00,1.00,1.00,1.00,1.00,1.00,1.00,1.00,1.00,1.00
2026-04-01T20:22:00Z,,97.00,,86.15,64.04,33.00,16.00,4.00,1.00,1.00,1.00,1.00,1.00,1.00,1.00,1.00,1.00
2026-04-01T20:26:00Z,,97.00,,86.15,64.04,32.00,16.00,4.00,1.00,1.00,1.00,1.00,1.00,1.00,1.00,1.00,1.00
2026-04-01T20:27:00Z,,97.00,,86.15,67.00,34.00,16.00,4.00,1.00,1.00,1.00,1.00,1.00,1.00,1.00,1.00,1.00
2026-04-01T20:34:00Z,,97.00,,86.15,67.00,34.00,16.00,4.00,1.00,1.00,1.00,1.00,1.00,1.00,1.00,1.00,1.00
2026-04-01T20:36:00Z,,97.00,,86.15,66.00,34.00,16.00,4.00,1.00,1.00,1.00,1.00,1.00,1.00,1.00,1.00,1.00
2026-04-01T20:37:00Z,,97.00,,86.15,66.00,32.89,16.00,4.00,1.00,1.00,1.00,1.00,1.00,1.00,1.00,1.00,1.00
2026-04-01T20:39:00Z,,97.00,,86.15,67.00,32.89,16.00,4.00,1.00,1.00,1.00,1.00,1.00,1.00,1.00,1.00,1.00
2026-04-01T20:48:00Z,,97.00,,86.15,68.00,32.89,16.00,4.00,1.00,1.00,1.00,1.00,1.00,1.00,1.00,1.00,1.00
2026-04-01T20:50:00Z,,97.00,,86.15,68.00,32.89,16.00,4.00,1.00,1.00,1.00,1.00,1.00,1.00,1.00,1.00,1.00
2026-04-01T20:51:00Z,,97.00,,86.15,68.00,32.89,16.00,4.00,1.00,1.00,1.00,1.00,1.00,1.00,1.00,1.00,1.00
2026-04-01T20:53:00Z,,97.00,,86.15,69.00,32.89,16.00,4.00,1.00,1.00,1.00,1.00,1.00,1.00,1.00,1.00,1.00
2026-04-01T20:54:00Z,,97.00,,86.15,69.00,30.91,16.00,4.00,1.00,1.00,1.00,1.00,1.00,1.00,1.00,1.00,1.00
2026-04-01T20:56:00Z,,97.00,,86.15,69.00,30.91,16.00,4.00,1.00,1.00,1.00,1.00,1.00,1.00,1.00,1.00,1.00
2026-04-01T20:57:00Z,,97.00,,86.15,69.00,30.91,13.92,4.00,1.00,1.00,1.00,1.00,1.00,1.00,1.00,1.00,1.00
2026-04-01T21:00:00Z,,97.00,,86.15,68.28,30.91,13.92,4.00,1.00,1.00,1.00,1.00,1.00,1.00,1.00,1.00,1.00
2026-04-01T21:01:00Z,,96.13,,81.08,63.00,30.91,13.92,4.00,1.00,1.00,1.00,1.00,1.00,1.00,1.00,1.00,1.00
2026-04-01T21:02:00Z,,96.13,,81.08,63.00,30.91,13.92,4.00,1.00,1.00,1.00,1.00,1.00,1.00,1.00,1.00,1.00
2026-04-01T21:03:00Z,,96.13,,81.08,63.00,30.91,13.92,4.00,1.00,1.00,1.00,1.00,1.00,1.00,1.00,1.00,1.00
2026-04-01T21:08:00Z,,96.13,,81.08,63.00,30.91,13.92,4.00,1.00,1.00,1.00,1.00,1.00,1.00,1.00,1.00,1.00
2026-04-01T21:11:00Z,,96.13,,81.08,63.00,30.91,13.92,4.00,1.00,1.00,1.00,1.00,1.00,1.00,1.00,1.00,1.00
2026-04-01T21:16:00Z,,96.13,,81.08,63.00,30.00,13.92,4.00,1.00,1.00,1.00,1.00,1.00,1.00,1.00,1.00,1.00
2026-04-01T21:18:00Z,,96.13,,81.08,63.00,30.00,13.92,4.00,1.00,1.00,1.00,1.00,1.00,1.00,1.00,1.00,1.00
2026-04-01T21:22:00Z,,96.13,,81.08,70.00,29.00,13.92,4.00,1.00,1.00,1.00,1.00,1.00,1.00,1.00,1.00,1.00
2026-04-01T21:23:00Z,,96.13,,81.08,70.00,29.00,13.92,4.00,1.00,1.00,1.00,1.00,1.00,1.00,1.00,1.00,1.00
2026-04-01T21:24:00Z,,96.13,,81.08,70.00,29.00,13.92,4.00,1.00,1.00,1.00,1.00,1.00,1.00,1.00,1.00,1.00
2026-04-01T21:25:00Z,,96.13,,83.00,70.00,29.00,13.92,4.00,1.00,1.00,1.00,1.00,1.00,1.00,1.00,1.00,1.00
2026-04-01T21:26:00Z,,96.13,,83.00,70.00,27.11,13.92,4.00,1.00,1.00,1.00,1.00,1.00,1.00,1.00,1.00,1.00
2026-04-01T21:27:00Z,,96.13,,83.00,66.00,28.99,13.92,4.00,1.00,1.00,1.00,1.00,1.00,1.00,1.00,1.00,1.00
2026-04-01T21:29:00Z,,96.13,,81.80,66.00,29.00,13.92,4.00,1.00,1.00,1.00,1.00,1.00,1.00,1.00,1.00,1.00
2026-04-01T21:30:00Z,,96.13,,82.00,66.00,28.00,13.92,4.00,1.00,1.00,1.00,1.00,1.00,1.00,1.00,1.00,1.00
2026-04-01T21:33:00Z,,96.13,,79.00,62.31,27.00,13.92,4.00,1.00,1.00,1.00,1.00,1.00,1.00,1.00,1.00,1.00
2026-04-01T21:34:00Z,,96.13,,79.00,62.31,25.24,13.92,4.00,1.00,1.00,1.00,1.00,1.00,1.00,1.00,1.00,1.00
2026-04-01T21:37:00Z,,96.13,,79.00,55.50,25.24,13.92,4.00,1.00,1.00,1.00,1.00,1.00,1.00,1.00,1.00,1.00
2026-04-01T21:41:00Z,,96.13,,79.00,61.00,27.73,13.92,4.00,1.00,1.00,1.00,1.00,1.00,1.00,1.00,1.00,1.00
2026-04-01T21:44:00Z,,96.13,,79.00,61.00,27.73,13.92,4.00,1.00,1.00,1.00,1.00,1.00,1.00,1.00,1.00,1.00
2026-04-01T21:45:00Z,,96.13,,79.00,60.66,27.73,13.92,4.00,1.00,1.00,1.00,1.00,1.00,1.00,1.00,1.00,1.00
2026-04-01T21:46:00Z,,96.13,,79.00,60.66,27.11,13.92,4.00,1.00,1.00,1.00,1.00,1.00,1.00,1.00,1.00,1.00
2026-04-01T21:47:00Z,,96.13,,79.00,60.66,23.54,13.92,4.00,1.00,1.00,1.00,1.00,1.00,1.00,1.00,1.00,1.00
2026-04-01T21:48:00Z,,96.13,,79.00,62.00,23.54,13.92,4.00,1.00,1.00,1.00,1.00,1.00,1.00,1.00,1.00,1.00
2026-04-01T21:49:00Z,,96.13,,79.00,62.00,23.54,10.75,4.00,1.00,1.00,1.00,1.00,1.00,1.00,1.00,1.00,1.00
2026-04-01T21:53:00Z,,96.13,,79.00,62.00,21.04,10.75,4.00,1.00,1.00,1.00,1.00,1.00,1.00,1.00,1.00,1.00
2026-04-01T21:54:00Z,,96.13,,79.00,60.00,21.04,10.75,4.00,1.00,1.00,1.00,1.00,1.00,1.00,1.00,1.00,1.00
2026-04-01T21:56:00Z,,96.13,,79.00,60.00,12.00,10.75,4.00,1.00,1.00,1.00,1.00,1.00,1.00,1.00,1.00,1.00
2026-04-01T21:57:00Z,,96.13,,79.00,45.47,9.03,10.75,4.00,1.00,1.00,1.00,1.00,1.00,1.00,1.00,1.00,1.00
2026-04-01T21:58:00Z,,96.13,,79.00,54.00,9.03,10.75,4.00,1.00,1.00,1.00,1.00,1.00,1.00,1.00,1.00,1.00
2026-04-01T22:01:00Z,,96.13,,81.00,54.91,10.00,10.75,4.00,1.00,1.00,1.00,1.00,1.00,1.00,1.00,1.00,1.00
2026-04-01T22:02:00Z,,96.13,,81.00,54.91,11.27,10.75,4.00,1.00,1.00,1.00,1.00,1.00,1.00,1.00,1.00,1.00
2026-04-01T22:03:00Z,,96.13,,81.00,55.28,11.27,10.75,4.00,1.00,1.00,1.00,1.00,1.00,1.00,1.00,1.00,1.00
2026-04-01T22:04:00Z,,96.13,,81.00,55.28,10.00,10.75,4.00,1.00,1.00,1.00,1.00,1.00,1.00,1.00,1.00,1.00
2026-04-01T22:06:00Z,,96.13,,81.00,55.28,10.10,10.75,4.00,1.00,1.00,1.00,1.00,1.00,1.00,1.00,1.00,1.00
2026-04-01T22:07:00Z,,96.13,,81.00,55.28,10.10,10.75,4.00,1.00,1.00,1.00,1.00,1.00,1.00,1.00,1.00,1.00
2026-04-01T22:08:00Z,,96.13,,81.00,55.28,10.00,10.75,4.00,1.00,1.00,1.00,1.00,1.00,1.00,1.00,1.00,1.00
2026-04-01T22:10:00Z,,96.13,,81.00,55.28,10.00,10.75,4.00,1.00,1.00,1.00,1.00,1.00,1.00,1.00,1.00,1.00
2026-04-01T22:13:00Z,,96.13,,81.00,55.28,9.00,10.75,4.00,1.00,1.00,1.00,1.00,1.00,1.00,1.00,1.00,1.00
2026-04-01T22:14:00Z,,95.00,,81.00,55.28,9.00,10.75,4.00,1.00,1.00,1.00,1.00,1.00,1.00,1.00,1.00,1.00
2026-04-01T22:15:00Z,,95.00,,81.00,55.28,9.00,10.75,4.00,1.00,1.00,1.00,1.00,1.00,1.00,1.00,1.00,1.00
2026-04-01T22:20:00Z,,95.00,,81.00,55.28,9.00,10.75,4.00,1.00,1.00,1.00,1.00,1.00,1.00,1.00,1.00,1.00
2026-04-01T22:21:00Z,,95.00,,81.00,49.00,9.00,10.75,4.00,1.00,1.00,1.00,1.00,1.00,1.00,1.00,1.00,1.00
2026-04-01T22:23:00Z,,95.00,,81.00,49.00,9.00,10.75,4.00,1.00,1.00,1.00,1.00,1.00,1.00,1.00,1.00,1.00
2026-04-01T22:25:00Z,,95.00,,79.00,49.00,9.00,10.75,4.00,1.00,1.00,1.00,1.00,1.00,1.00,1.00,1.00,1.00
2026-04-01T22:26:00Z,,95.00,,79.00,51.00,9.00,10.75,4.00,1.00,1.00,1.00,1.00,1.00,1.00,1.00,1.00,1.00
2026-04-01T22:32:00Z,,95.00,,79.00,48.72,9.00,10.75,3.00,1.00,1.00,1.00,1.00,1.00,1.00,1.00,1.00,1.00
2026-04-01T22:33:00Z,,95.00,,79.00,48.72,9.00,10.75,3.00,1.00,1.00,1.00,1.00,1.00,1.00,1.00,1.00,1.00
2026-04-01T22:34:00Z,,95.00,,79.00,51.00,9.00,10.75,3.00,1.00,1.00,1.00,1.00,1.00,1.00,1.00,1.00,1.00
2026-04-01T22:35:00Z,,95.00,,79.00,46.48,9.00,10.75,3.00,1.00,1.00,1.00,1.00,1.00,1.00,1.00,1.00,1.00
2026-04-01T22:38:00Z,,95.00,,83.00,46.48,9.00,10.75,3.00,1.00,1.00,1.00,1.00,1.00,1.00,1.00,1.00,1.00
2026-04-01T22:40:00Z,,95.00,,83.00,46.48,6.72,10.75,3.00,1.00,1.00,1.00,1.00,1.00,1.00,1.00,1.00,1.00
2026-04-01T22:42:00Z,,95.00,,77.50,46.48,6.72,8.25,3.00,1.00,1.00,1.00,1.00,1.00,1.00,1.00,1.00,1.00
2026-04-01T22:43:00Z,,95.00,,77.50,46.48,7.91,8.25,3.00,1.00,1.00,1.00,1.00,1.00,1.00,1.00,1.00,1.00
2026-04-01T22:44:00Z,,95.00,,77.50,46.48,7.91,8.25,3.00,1.00,1.00,1.00,1.00,1.00,1.00,1.00,1.00,1.00
2026-04-01T22:45:00Z,,95.00,,77.50,46.48,9.83,8.25,3.00,1.00,1.00,1.00,1.00,1.00,1.00,1.00,1.00,1.00
2026-04-01T22:46:00Z,,95.00,,68.50,46.48,9.83,8.25,3.00,1.00,1.00,1.00,1.00,1.00,1.00,1.00,1.00,1.00
2026-04-01T22:47:00Z,,95.00,,68.50,46.00,9.83,8.25,3.00,1.00,1.00,1.00,1.00,1.00,1.00,1.00,1.00,1.00
2026-04-01T22:51:00Z,,95.00,,68.50,46.00,9.83,8.25,3.00,1.00,1.00,1.00,1.00,1.00,1.00,1.00,1.00,1.00
2026-04-01T22:53:00Z,,95.00,,68.50,46.00,9.89,8.25,3.00,1.00,1.00,1.00,1.00,1.00,1.00,1.00,1.00,1.00
2026-04-01T22:55:00Z,,95.00,,68.50,49.10,10.89,8.25,3.00,1.00,1.00,1.00,1.00,1.00,1.00,1.00,1.00,1.00
2026-04-01T22:59:00Z,,95.00,,68.50,49.10,10.86,8.25,3.00,1.00,1.00,1.00,1.00,1.00,1.00,1.00,1.00,1.00
2026-04-01T23:03:00Z,,95.00,,68.50,49.10,12.00,8.25,3.00,1.00,1.00,1.00,1.00,1.00,1.00,1.00,1.00,1.00
2026-04-01T23:04:00Z,,95.00,,68.50,51.00,12.00,8.25,3.00,1.00,1.00,1.00,1.00,1.00,1.00,1.00,1.00,1.00
2026-04-01T23:06:00Z,,95.00,,68.50,47.05,12.00,8.25,3.00,1.00,1.00,1.00,1.00,1.00,1.00,1.00,1.00,1.00
2026-04-01T23:10:00Z,,95.00,,68.50,47.05,8.18,8.25,3.00,1.00,1.00,1.00,1.00,1.00,1.00,1.00,1.00,1.00
2026-04-01T23:12:00Z,,95.00,,68.50,51.00,13.60,10.01,3.00,1.00,1.00,1.00,1.00,1.00,1.00,1.00,1.00,1.00
2026-04-01T23:14:00Z,,95.00,,68.50,51.00,13.60,10.01,3.00,1.00,1.00,1.00,1.00,1.00,1.00,1.00,1.00,1.00
2026-04-01T23:15:00Z,,95.00,,68.50,51.00,13.60,10.01,3.00,1.00,1.00,1.00,1.00,1.00,1.00,1.00,1.00,1.00
2026-04-01T23:16:00Z,,95.00,,68.50,51.76,13.60,10.01,3.00,1.00,1.00,1.00,1.00,1.00,1.00,1.00,1.00,1.00
2026-04-01T23:19:00Z,,95.00,,83.31,53.00,13.60,10.01,3.00,1.00,1.00,1.00,1.00,1.00,1.00,1.00,1.00,1.00
2026-04-01T23:22:00Z,,95.00,,83.31,53.00,17.00,10.01,2.00,1.00,1.00,1.00,1.00,1.00,1.00,1.00,1.00,1.00
2026-04-01T23:23:00Z,,95.00,,83.31,53.00,17.00,16.00,2.00,1.00,1.00,1.00,1.00,1.00,1.00,1.00,1.00,1.00
2026-04-01T23:25:00Z,,95.00,,83.00,53.00,17.00,16.00,3.00,1.00,1.00,1.00,1.00,1.00,1.00,1.00,1.00,1.00
2026-04-01T23:28:00Z,,95.00,,83.00,53.00,17.00,16.00,3.00,1.00,1.00,1.00,1.00,1.00,1.00,1.00,1.00,1.00
2026-04-01T23:29:00Z,,95.00,,83.00,53.00,17.00,16.00,3.00,1.00,1.00,1.00,1.00,1.00,1.00,1.00,1.00,1.00
2026-04-01T23:31:00Z,,95.00,,83.00,53.00,17.00,16.00,3.00,1.00,1.00,1.00,1.00,1.00,1.00,1.00,1.00,1.00
2026-04-01T23:33:00Z,,95.00,,82.00,53.00,17.00,16.00,3.00,1.00,1.00,1.00,1.00,1.00,1.00,1.00,1.00,1.00
2026-04-01T23:34:00Z,,95.00,,82.00,47.00,17.00,16.00,3.00,1.00,1.00,1.00,1.00,1.00,1.00,1.00,1.00,1.00
2026-04-01T23:35:00Z,,95.00,,82.00,47.00,17.00,16.00,3.00,1.00,1.00,1.00,1.00,1.00,1.00,1.00,1.00,1.00
2026-04-01T23:36:00Z,,95.00,,82.00,52.00,17.00,11.00,3.00,1.00,1.00,1.00,1.00,1.00,1.00,1.00,1.00,1.00
2026-04-01T23:38:00Z,,95.00,,82.00,52.00,17.00,11.00,3.00,1.00,1.00,1.00,1.00,1.00,1.00,1.00,1.00,1.00
2026-04-01T23:39:00Z,,95.00,,82.00,52.77,17.00,11.00,3.00,1.00,1.00,1.00,1.00,1.00,1.00,1.00,1.00,1.00
2026-04-01T23:42:00Z,,95.00,,82.00,52.77,17.00,11.00,3.00,1.00,1.00,1.00,1.00,1.00,1.00,1.00,1.00,1.00
2026-04-01T23:44:00Z,,95.00,,82.00,52.77,11.00,11.00,3.00,1.00,1.00,1.00,1.00,1.00,1.00,1.00,1.00,1.00
2026-04-01T23:53:00Z,,95.00,,82.00,52.77,11.00,11.00,3.00,1.00,1.00,1.00,1.00,1.00,1.00,1.00,1.00,1.00
2026-04-01T23:57:00Z,,95.00,,82.00,52.77,11.00,11.00,3.00,1.00,1.00,1.00,1.00,1.00,1.00,1.00,1.00,1.00
2026-04-01T23:58:00Z,,95.00,,82.00,52.77,11.00,11.00,3.00,1.00,1.00,1.00,1.00,1.00,1.00,1.00,1.00,1.00
2026-04-01T23:59:00Z,,95.00,,82.00,52.77,11.00,11.00,3.00,1.00,1.00,1.00,1.00,1.00,1.00,1.00,1.00,1.00
2026-04-02T00:04:00Z,,95.00,,82.00,52.77,16.00,11.00,3.00,1.00,1.00,1.00,1.00,1.00,1.00,1.00,1.00,1.00
2026-04-02T00:05:00Z,,95.00,,82.00,52.77,16.00,11.00,3.00,1.00,1.00,1.00,1.00,1.00,1.00,1.00,1.00,1.00
2026-04-02T00:06:00Z,,95.00,,82.00,52.77,16.00,11.00,3.00,1.00,1.00,1.00,1.00,1.00,1.00,1.00,1.00,1.00
2026-04-02T00:07:00Z,,95.00,,82.00,52.77,16.00,11.00,3.00,1.00,1.00,1.00,1.00,1.00,1.00,1.00,1.00,1.00
2026-04-02T00:08:00Z,,95.00,,82.00,52.77,16.00,12.00,3.00,1.00,1.00,1.00,1.00,1.00,1.00,1.00,1.00,1.00
2026-04-02T00:12:00Z,,95.00,,82.00,52.77,16.00,12.00,3.00,1.00,1.00,1.00,1.00,1.00,1.00,1.00,1.00,1.00
2026-04-02T00:15:00Z,,95.00,,82.00,52.77,11.00,12.00,3.00,1.00,1.00,1.00,1.00,1.00,1.00,1.00,1.00,1.00
2026-04-02T00:17:00Z,,95.00,,82.00,52.77,11.00,11.00,3.00,1.00,1.00,1.00,1.00,1.00,1.00,1.00,1.00,1.00
2026-04-02T00:18:00Z,,95.00,,82.00,53.00,11.00,11.00,3.00,1.00,1.00,1.00,1.00,1.00,1.00,1.00,1.00,1.00
2026-04-02T00:19:00Z,,95.00,,82.00,53.00,11.00,11.00,3.00,1.00,1.00,1.00,1.00,1.00,1.00,1.00,1.00,1.00
2026-04-02T00:20:00Z,,95.00,,82.00,53.00,21.06,11.00,3.00,1.00,1.00,1.00,1.00,1.00,1.00,1.00,1.00,1.00
2026-04-02T00:25:00Z,,95.00,,83.54,53.00,21.06,11.00,3.00,1.00,1.00,1.00,1.00,1.00,1.00,1.00,1.00,1.00
2026-04-02T00:26:00Z,,95.00,,83.54,53.00,13.00,11.00,3.00,1.00,1.00,1.00,1.00,1.00,1.00,1.00,1.00,1.00
2026-04-02T00:28:00Z,,95.00,,83.54,53.00,13.00,11.00,3.00,1.00,1.00,1.00,1.00,1.00,1.00,1.00,1.00,1.00
2026-04-02T00:29:00Z,,95.00,,83.54,53.00,13.00,11.00,3.00,1.00,1.00,1.00,1.00,1.00,1.00,1.00,1.00,1.00
2026-04-02T00:30:00Z,,95.00,,83.54,53.50,13.00,11.00,3.00,1.00,1.00,1.00,1.00,1.00,1.00,1.00,1.00,1.00
2026-04-02T00:34:00Z,,95.00,,83.54,53.50,15.50,11.00,3.00,1.00,1.00,1.00,1.00,1.00,1.00,1.00,1.00,1.00
2026-04-02T00:35:00Z,,95.00,,82.00,53.50,15.50,11.00,3.00,1.00,1.00,1.00,1.00,1.00,1.00,1.00,1.00,1.00
2026-04-02T00:36:00Z,,95.00,,82.00,53.00,15.50,11.00,3.00,1.00,1.00,1.00,1.00,1.00,1.00,1.00,1.00,1.00
2026-04-02T00:38:00Z,,95.00,,82.00,53.00,15.50,11.00,3.00,1.00,1.00,1.00,1.00,1.00,1.00,1.00,1.00,1.00
2026-04-02T00:39:00Z,,95.00,,82.00,53.00,15.50,11.00,3.00,1.00,1.00,1.00,1.00,1.00,1.00,1.00,1.00,1.00
2026-04-02T00:40:00Z,,95.00,,84.00,53.00,15.50,11.02,3.00,1.00,1.00,1.00,1.00,1.00,1.00,1.00,1.00,1.00
2026-04-02T00:43:00Z,,95.00,,84.00,51.84,15.50,11.02,3.00,1.00,1.00,1.00,1.00,1.00,1.00,1.00,1.00,1.00
2026-04-02T00:44:00Z,,95.00,,84.00,50.00,15.50,11.02,3.00,1.00,1.00,1.00,1.00,1.00,1.00,1.00,1.00,1.00
2026-04-02T00:45:00Z,,95.00,,84.00,49.00,15.50,11.02,3.00,1.00,1.00,1.00,1.00,1.00,1.00,1.00,1.00,1.00
2026-04-02T00:46:00Z,,95.00,,84.00,49.00,15.50,5.33,1.07,1.00,1.00,1.00,1.00,1.00,1.00,1.00,1.00,1.00
2026-04-02T00:48:00Z,,95.00,,84.00,49.00,15.50,5.33,1.07,1.00,1.00,1.00,1.00,1.00,1.00,1.00,1.00,1.00
2026-04-02T00:49:00Z,,95.00,,84.00,47.55,15.50,5.33,1.07,1.00,1.00,1.00,1.00,1.00,1.00,1.00,1.00,1.00
2026-04-02T00:51:00Z,,95.00,,84.00,47.55,15.50,5.02,1.00,1.00,1.00,1.00,1.00,1.00,1.00,1.00,1.00,1.00
2026-04-02T00:53:00Z,,95.00,,84.00,47.55,16.67,5.02,1.00,1.00,1.00,1.00,1.00,1.00,1.00,1.00,1.00,1.00
2026-04-02T00:57:00Z,,95.00,,84.00,47.55,16.67,5.02,1.00,1.00,1.00,1.00,1.00,1.00,1.00,1.00,1.00,1.00
2026-04-02T00:58:00Z,,95.00,,84.00,47.43,16.67,5.02,1.00,1.00,1.00,1.00,1.00,1.00,1.00,1.00,1.00,1.00
2026-04-02T01:00:00Z,,95.00,,84.00,47.43,18.00,5.02,1.00,1.00,1.00,1.00,1.00,1.00,1.00,1.00,1.00,1.00
2026-04-02T01:01:00Z,,95.00,,84.00,47.43,18.00,5.02,1.00,1.00,1.00,1.00,1.00,1.00,1.00,1.00,1.00,1.00
2026-04-02T01:02:00Z,,95.00,,83.00,48.24,16.58,5.02,1.00,1.00,1.00,1.00,1.00,1.00,1.00,1.00,1.00,1.00
2026-04-02T01:04:00Z,,95.00,,83.00,48.00,8.99,5.02,1.00,1.00,1.00,1.00,1.00,1.00,1.00,1.00,1.00,1.00
2026-04-02T01:07:00Z,,95.00,,83.00,48.00,8.99,5.02,1.00,1.00,1.00,1.00,1.00,1.00,1.00,1.00,1.00,1.00
2026-04-02T01:08:00Z,,95.00,,83.00,48.00,8.99,5.02,1.00,1.00,1.00,1.00,1.00,1.00,1.00,1.00,1.00,1.00
2026-04-02T01:09:00Z,,95.00,,83.00,48.00,17.16,5.02,1.00,1.00,1.00,1.00,1.00,1.00,1.00,1.00,1.00,1.00
2026-04-02T01:10:00Z,,95.00,,83.00,48.18,17.16,5.02,1.00,1.00,1.00,1.00,1.00,1.00,1.00,1.00,1.00,1.00
2026-04-02T01:12:00Z,,95.00,,83.00,48.18,17.16,5.02,1.12,1.00,1.00,1.00,1.00,1.00,1.00,1.00,1.00,1.00
2026-04-02T01:13:00Z,,95.00,,83.00,43.00,17.16,5.02,1.12,1.00,1.00,1.00,1.00,1.00,1.00,1.00,1.00,1.00
2026-04-02T01:15:00Z,,95.00,,83.00,47.76,10.00,5.02,1.12,1.00,1.00,1.00,1.00,1.00,1.00,1.00,1.00,1.00
2026-04-02T01:16:00Z,,95.00,,83.00,47.76,10.00,5.02,1.12,1.00,1.00,1.00,1.00,1.00,1.00,1.00,1.00,1.00
2026-04-02T01:17:00Z,,95.00,,77.36,47.76,14.00,5.02,1.12,1.00,1.00,1.00,1.00,1.00,1.00,1.00,1.00,1.00
2026-04-02T01:18:00Z,,95.00,,77.36,48.00,14.00,5.02,2.00,1.00,1.00,1.00,1.00,1.00,1.00,1.00,1.00,1.00
2026-04-02T01:19:00Z,,95.00,,77.36,48.00,14.00,5.02,2.00,1.00,1.00,1.00,1.00,1.00,1.00,1.00,1.00,1.00
2026-04-02T01:22:00Z,,95.00,,77.36,48.42,14.00,5.02,2.00,1.00,1.00,1.00,1.00,1.00,1.00,1.00,1.00,1.00
2026-04-02T01:23:00Z,,95.00,,77.36,42.10,15.02,5.02,2.00,1.00,1.00,1.00,1.00,1.00,1.00,1.00,1.00,1.00
2026-04-02T01:24:00Z,,95.00,,77.36,42.10,17.00,5.02,2.00,1.00,1.00,1.00,1.00,1.00,1.00,1.00,1.00,1.00
2026-04-02T01:25:00Z,,95.00,,77.36,47.83,17.00,7.73,2.00,1.00,1.00,1.00,1.00,1.00,1.00,1.00,1.00,1.00
2026-04-02T01:26:00Z,,95.00,,77.36,47.83,17.00,7.73,2.00,1.00,1.00,1.00,1.00,1.00,1.00,1.00,1.00,1.00
2026-04-02T01:29:00Z,,95.00,,77.36,46.75,17.00,7.73,2.00,1.00,1.00,1.00,1.00,1.00,1.00,1.00,1.00,1.00
2026-04-02T01:30:00Z,,95.00,,77.36,48.33,17.00,7.73,2.00,1.00,1.00,1.00,1.00,1.00,1.00,1.00,1.00,1.00
2026-04-02T01:31:00Z,,95.00,,77.36,49.25,17.00,7.73,2.00,1.00,1.00,1.00,1.00,1.00,1.00,1.00,1.00,1.00
2026-04-02T01:32:00Z,,95.00,,77.36,50.00,17.00,7.73,2.00,1.00,1.00,1.00,1.00,1.00,1.00,1.00,1.00,1.00
2026-04-02T01:35:00Z,,95.00,,77.36,50.00,12.00,7.73,2.00,1.00,1.00,1.00,1.00,1.00,1.00,1.00,1.00,1.00
2026-04-02T01:36:00Z,,95.00,,77.36,50.00,12.00,7.73,2.00,1.00,1.00,1.00,1.00,1.00,1.00,1.00,1.00,1.00
2026-04-02T01:37:00Z,,95.00,,77.36,50.00,14.71,7.73,2.00,1.00,1.00,1.00,1.00,1.00,1.00,1.00,1.00,1.00
2026-04-02T01:38:00Z,,95.00,,77.36,50.00,15.00,7.73,2.00,1.00,1.00,1.00,1.00,1.00,1.00,1.00,1.00,1.00
2026-04-02T01:39:00Z,,95.00,,77.62,50.00,15.66,7.73,2.00,1.00,1.00,1.00,1.00,1.00,1.00,1.00,1.00,1.00
2026-04-02T01:40:00Z,,95.00,,77.62,41.00,13.00,7.73,2.00,1.00,1.00,1.00,1.00,1.00,1.00,1.00,1.00,1.00
2026-04-02T01:41:00Z,,95.00,,77.62,41.00,13.00,7.73,2.00,1.00,1.00,1.00,1.00,1.00,1.00,1.00,1.00,1.00
2026-04-02T01:45:00Z,,95.00,,80.60,41.00,13.00,7.73,2.00,1.00,1.00,1.00,1.00,1.00,1.00,1.00,1.00,1.00
2026-04-02T01:46:00Z,,95.00,,80.60,41.00,15.81,7.73,2.00,1.00,1.00,1.00,1.00,1.00,1.00,1.00,1.00,1.00
2026-04-02T01:47:00Z,,95.00,,80.60,41.00,15.81,7.73,2.54,1.00,1.00,1.00,1.00,1.00,1.00,1.00,1.00,1.00
2026-04-02T01:49:00Z,,95.00,,81.62,48.00,15.81,7.63,2.54,1.00,1.00,1.00,1.00,1.00,1.00,1.00,1.00,1.00
2026-04-02T01:51:00Z,,95.00,,81.62,43.00,15.81,7.63,2.54,1.00,1.00,1.00,1.00,1.00,1.00,1.00,1.00,1.00
2026-04-02T01:52:00Z,,95.00,,82.00,48.00,15.81,7.63,2.54,1.00,1.00,1.00,1.00,1.00,1.00,1.00,1.00,1.00
2026-04-02T01:54:00Z,,95.00,,82.00,44.00,15.81,7.63,2.54,1.00,1.00,1.00,1.00,1.00,1.00,1.00,1.00,1.00
2026-04-02T01:55:00Z,,95.00,,82.00,44.38,15.81,7.63,2.54,1.00,1.00,1.00,1.00,1.00,1.00,1.00,1.00,1.00
2026-04-02T01:56:00Z,,95.00,,82.00,50.00,15.81,7.63,2.54,1.00,1.00,1.00,1.00,1.00,1.00,1.00,1.00,1.00
2026-04-02T01:58:00Z,,95.00,,79.38,49.95,17.69,7.63,2.54,1.00,1.00,1.00,1.00,1.00,1.00,1.00,1.00,1.00
2026-04-02T02:01:00Z,,95.00,,79.38,49.95,17.69,7.63,3.00,1.00,1.00,1.00,1.00,1.00,1.00,1.00,1.00,1.00
2026-04-02T02:03:00Z,,95.00,,81.00,49.95,17.69,8.92,3.00,1.00,1.00,1.00,1.00,1.00,1.00,1.00,1.00,1.00
2026-04-02T02:04:00Z,,95.00,,81.00,49.95,17.69,8.92,3.00,1.00,1.00,1.00,1.00,1.00,1.00,1.00,1.00,1.00
2026-04-02T02:05:00Z,,95.00,,81.00,41.12,17.69,8.92,3.00,1.00,1.00,1.00,1.00,1.00,1.00,1.00,1.00,1.00
2026-04-02T02:07:00Z,,95.00,,81.00,42.00,13.00,8.92,3.00,1.00,1.00,1.00,1.00,1.00,1.00,1.00,1.00,1.00
2026-04-02T02:08:00Z,,95.00,,81.00,41.12,13.00,8.92,3.00,1.00,1.00,1.00,1.00,1.00,1.00,1.00,1.00,1.00
2026-04-02T02:09:00Z,,95.00,,81.00,41.12,13.00,8.92,3.00,1.00,1.00,1.00,1.00,1.00,1.00,1.00,1.00,1.00
2026-04-02T02:10:00Z,,95.00,,81.00,41.12,13.00,8.92,3.00,1.00,1.00,1.00,1.00,1.00,1.00,1.00,1.00,1.00
2026-04-02T02:12:00Z,,95.00,,81.00,41.12,17.68,8.92,3.00,1.00,1.00,1.00,1.00,1.00,1.00,1.00,1.00,1.00
2026-04-02T02:14:00Z,,95.00,,82.00,41.12,17.68,8.92,3.00,1.00,1.00,1.00,1.00,1.00,1.00,1.00,1.00,1.00
2026-04-02T02:15:00Z,,95.00,,82.00,41.12,17.68,8.92,3.00,1.00,1.00,1.00,1.00,1.00,1.00,1.00,1.00,1.00
2026-04-02T02:18:00Z,,95.00,,82.00,41.12,17.68,8.92,3.00,1.00,1.00,1.00,1.00,1.00,1.00,1.00,1.00,1.00
2026-04-02T02:19:00Z,,95.00,,82.00,42.50,17.68,8.92,3.00,1.00,1.00,1.00,1.00,1.00,1.00,1.00,1.00,1.00
2026-04-02T02:20:00Z,,95.00,,82.00,46.80,17.68,8.92,3.00,1.00,1.00,1.00,1.00,1.00,1.00,1.00,1.00,1.00
2026-04-02T02:22:00Z,,95.00,,82.00,48.98,17.68,8.92,3.00,1.00,1.00,1.00,1.00,1.00,1.00,1.00,1.00,1.00
2026-04-02T02:23:00Z,,95.00,,82.00,48.78,17.68,8.92,3.00,1.00,1.00,1.00,1.00,1.00,1.00,1.00,1.00,1.00
2026-04-02T02:28:00Z,,95.00,,82.00,47.87,17.68,8.92,3.00,1.00,1.00,1.00,1.00,1.00,1.00,1.00,1.00,1.00
2026-04-02T02:29:00Z,,95.00,,82.00,49.00,17.68,8.92,3.00,1.00,1.00,1.00,1.00,1.00,1.00,1.00,1.00,1.00
2026-04-02T02:31:00Z,,95.00,,82.00,49.00,11.74,8.92,3.00,1.00,1.00,1.00,1.00,1.00,1.00,1.00,1.00,1.00
2026-04-02T02:34:00Z,,95.00,,82.00,48.00,15.00,8.92,3.00,1.00,1.00,1.00,1.00,1.00,1.00,1.00,1.00,1.00
2026-04-02T02:35:00Z,,95.00,,82.00,48.00,15.00,4.00,3.00,1.00,1.00,1.00,1.00,1.00,1.00,1.00,1.00,1.00
2026-04-02T02:36:00Z,,95.00,,82.00,48.00,15.00,5.00,3.00,1.00,1.00,1.00,1.00,1.00,1.00,1.00,1.00,1.00
2026-04-02T02:37:00Z,,95.00,,82.00,43.83,15.00,5.00,3.00,1.00,1.00,1.00,1.00,1.00,1.00,1.00,1.00,1.00
2026-04-02T02:40:00Z,,95.00,,82.00,43.83,15.00,5.00,3.00,1.00,1.00,1.00,1.00,1.00,1.00,1.00,1.00,1.00
2026-04-02T02:41:00Z,,95.00,,82.00,48.00,15.00,5.00,3.00,1.00,1.00,1.00,1.00,1.00,1.00,1.00,1.00,1.00
2026-04-02T02:44:00Z,,95.00,,82.00,47.00,15.00,5.00,3.00,1.00,1.00,1.00,1.00,1.00,1.00,1.00,1.00,1.00
2026-04-02T02:47:00Z,,95.00,,82.00,47.00,15.46,5.00,3.00,1.00,1.00,1.00,1.00,1.00,1.00,1.00,1.00,1.00
2026-04-02T02:49:00Z,,95.00,,82.00,47.00,15.46,5.00,3.00,1.00,1.00,1.00,1.00,1.00,1.00,1.00,1.00,1.00
2026-04-02T02:50:00Z,,95.00,,82.00,47.35,15.46,5.00,3.00,1.00,1.00,1.00,1.00,1.00,1.00,1.00,1.00,1.00
2026-04-02T02:51:00Z,,95.00,,82.00,47.66,15.46,5.00,3.00,1.00,1.00,1.00,1.00,1.00,1.00,1.00,1.00,1.00
2026-04-02T02:52:00Z,,95.00,,82.00,46.00,15.46,5.00,3.00,1.00,1.00,1.00,1.00,1.00,1.00,1.00,1.00,1.00
2026-04-02T02:53:00Z,,95.00,,82.00,48.00,15.46,5.00,3.00,1.00,1.00,1.00,1.00,1.00,1.00,1.00,1.00,1.00
2026-04-02T02:54:00Z,,95.00,,82.00,48.00,15.46,5.00,3.00,1.00,1.00,1.00,1.00,1.00,1.00,1.00,1.00,1.00
2026-04-02T02:57:00Z,,95.00,,82.00,46.62,15.46,5.00,3.00,1.00,1.00,1.00,1.00,1.00,1.00,1.00,1.00,1.00
2026-04-02T02:58:00Z,,95.00,,82.00,46.62,15.70,5.00,3.00,1.00,1.00,1.00,1.00,1.00,1.00,1.00,1.00,1.00
2026-04-02T02:59:00Z,,95.00,,82.00,46.62,16.87,5.00,3.00,1.00,1.00,1.00,1.00,1.00,1.00,1.00,1.00,1.00
2026-04-02T03:00:00Z,,95.00,,82.00,47.00,16.87,5.00,3.00,1.00,1.00,1.00,1.00,1.00,1.00,1.00,1.00,1.00
2026-04-02T03:02:00Z,,95.00,,82.00,47.00,16.87,5.00,3.00,1.00,1.00,1.00,1.00,1.00,1.00,1.00,1.00,1.00
2026-04-02T03:03:00Z,,95.00,,82.00,45.09,16.87,5.00,3.00,1.00,1.00,1.00,1.00,1.00,1.00,1.00,1.00,1.00
2026-04-02T03:04:00Z,,95.00,,81.00,47.00,16.87,5.00,2.36,1.00,1.00,1.00,1.00,1.00,1.00,1.00,1.00,1.00
2026-04-02T03:08:00Z,,95.00,,81.00,47.00,16.87,9.80,2.91,1.00,1.00,1.00,1.00,1.00,1.00,1.00,1.00,1.00
2026-04-02T03:10:00Z,,95.00,,80.66,47.00,16.87,9.80,2.91,1.00,1.00,1.00,1.00,1.00,1.00,1.00,1.00,1.00
2026-04-02T03:12:00Z,,95.00,,81.00,47.00,16.87,9.80,2.91,1.00,1.00,1.00,1.00,1.00,1.00,1.00,1.00,1.00
2026-04-02T03:13:00Z,,95.00,,81.00,47.00,16.87,9.80,2.91,1.00,1.00,1.00,1.00,1.00,1.00,1.00,1.00,1.00
2026-04-02T03:17:00Z,,95.00,,81.00,47.66,16.87,9.80,2.91,1.00,1.00,1.00,1.00,1.00,1.00,1.00,1.00,1.00
2026-04-02T03:20:00Z,,95.00,,81.00,47.66,16.87,9.80,2.91,1.00,1.00,1.00,1.00,1.00,1.00,1.00,1.00,1.00
2026-04-02T03:21:00Z,,95.00,,81.00,48.00,16.87,9.80,2.91,1.00,1.00,1.00,1.00,1.00,1.00,1.00,1.00,1.00
2026-04-02T03:22:00Z,,95.00,,81.00,48.00,16.87,9.80,2.91,1.00,1.00,1.00,1.00,1.00,1.00,1.00,1.00,1.00
2026-04-02T03:23:00Z,,95.00,,82.00,49.00,13.00,9.80,2.91,1.00,1.00,1.00,1.00,1.00,1.00,1.00,1.00,1.00
2026-04-02T03:24:00Z,,95.00,,82.00,49.00,16.98,9.80,2.91,1.00,1.00,1.00,1.00,1.00,1.00,1.00,1.00,1.00
2026-04-02T03:25:00Z,,95.00,,82.00,49.00,16.98,9.80,2.91,1.00,1.00,1.00,1.00,1.00,1.00,1.00,1.00,1.00
2026-04-02T03:27:00Z,,95.00,,82.00,44.00,16.98,9.80,2.91,1.00,1.00,1.00,1.00,1.00,1.00,1.00,1.00,1.00
2026-04-02T03:30:00Z,,95.00,,82.00,44.00,13.00,9.80,2.91,1.00,1.00,1.00,1.00,1.00,1.00,1.00,1.00,1.00
2026-04-02T03:36:00Z,,95.00,,82.00,47.00,13.00,9.80,2.91,1.00,1.00,1.00,1.00,1.00,1.00,1.00,1.00,1.00
2026-04-02T03:39:00Z,,95.00,,82.00,47.00,13.00,9.80,2.91,1.00,1.00,1.00,1.00,1.00,1.00,1.00,1.00,1.00
2026-04-02T03:40:00Z,,97.00,,82.00,47.00,13.00,9.80,2.91,1.00,1.00,1.00,1.00,1.00,1.00,1.00,1.00,1.00
2026-04-02T03:41:00Z,,97.00,,82.00,43.00,13.00,9.80,2.91,1.00,1.00,1.00,1.00,1.00,1.00,1.00,1.00,1.00
2026-04-02T03:42:00Z,,97.00,,82.00,40.31,13.00,9.80,2.91,1.00,1.00,1.00,1.00,1.00,1.00,1.00,1.00,1.00
2026-04-02T03:44:00Z,,97.00,,82.00,40.31,12.00,9.80,2.91,1.00,1.00,1.00,1.00,1.00,1.00,1.00,1.00,1.00
2026-04-02T03:45:00Z,,97.00,,81.00,45.00,12.00,9.80,2.91,1.00,1.00,1.00,1.00,1.00,1.00,1.00,1.00,1.00
2026-04-02T03:46:00Z,,97.00,,82.00,45.25,12.00,9.80,2.91,1.00,1.00,1.00,1.00,1.00,1.00,1.00,1.00,1.00
2026-04-02T03:49:00Z,,97.00,,82.00,45.25,12.00,9.80,2.91,1.00,1.00,1.00,1.00,1.00,1.00,1.00,1.00,1.00
2026-04-02T03:50:00Z,,97.00,,82.00,45.25,12.00,9.80,2.99,1.00,1.00,1.00,1.00,1.00,1.00,1.00,1.00,1.00
2026-04-02T03:57:00Z,,97.00,,69.92,45.25,12.00,5.00,2.99,1.00,1.00,1.00,1.00,1.00,1.00,1.00,1.00,1.00
2026-04-02T04:00:00Z,,97.00,,69.92,45.25,13.25,5.00,2.99,1.00,1.00,1.00,1.00,1.00,1.00,1.00,1.00,1.00
2026-04-02T04:01:00Z,,97.00,,69.92,41.00,13.25,5.00,2.99,1.00,1.00,1.00,1.00,1.00,1.00,1.00,1.00,1.00
2026-04-02T04:02:00Z,,97.00,,69.92,44.00,14.46,5.00,2.99,1.00,1.00,1.00,1.00,1.00,1.00,1.00,1.00,1.00
2026-04-02T04:03:00Z,,97.00,,69.92,44.00,14.46,5.00,2.99,1.00,1.00,1.00,1.00,1.00,1.00,1.00,1.00,1.00
2026-04-02T04:05:00Z,,97.00,,69.92,44.00,14.46,5.00,2.99,1.00,1.00,1.00,1.00,1.00,1.00,1.00,1.00,1.00
2026-04-02T04:06:00Z,,97.00,,69.92,44.60,14.46,5.00,2.99,1.00,1.00,1.00,1.00,1.00,1.00,1.00,1.00,1.00
2026-04-02T04:08:00Z,,97.00,,80.00,44.60,14.46,5.00,2.99,1.00,1.00,1.00,1.00,1.00,1.00,1.00,1.00,1.00
2026-04-02T04:09:00Z,,97.00,,82.00,45.00,15.82,5.00,2.99,1.00,1.00,1.00,1.00,1.00,1.00,1.00,1.00,1.00
2026-04-02T04:10:00Z,,97.00,,82.00,45.00,14.50,8.00,2.99,1.00,1.00,1.00,1.00,1.00,1.00,1.00,1.00,1.00
2026-04-02T04:12:00Z,,97.00,,82.00,45.00,14.50,8.00,2.99,1.00,1.00,1.00,1.00,1.00,1.00,1.00,1.00,1.00
2026-04-02T04:13:00Z,,97.00,,82.00,45.00,14.50,8.00,2.00,1.00,1.00,1.00,1.00,1.00,1.00,1.00,1.00,1.00
2026-04-02T04:18:00Z,,97.00,,82.00,43.90,14.50,8.00,2.00,1.00,1.00,1.00,1.00,1.00,1.00,1.00,1.00,1.00
2026-04-02T04:19:00Z,,97.00,,82.00,43.90,14.50,8.00,1.00,1.00,1.00,1.00,1.00,1.00,1.00,1.00,1.00,1.00
2026-04-02T04:24:00Z,,97.00,,74.00,43.90,10.78,8.00,1.00,1.00,1.00,1.00,1.00,1.00,1.00,1.00,1.00,1.00
2026-04-02T04:28:00Z,,97.00,,74.00,46.68,10.78,8.00,1.00,1.00,1.00,1.00,1.00,1.00,1.00,1.00,1.00,1.00
2026-04-02T04:30:00Z,,97.00,,74.00,39.68,10.78,8.00,1.00,1.00,1.00,1.00,1.00,1.00,1.00,1.00,1.00,1.00
2026-04-02T04:31:00Z,,97.00,,79.00,39.68,10.78,8.00,1.00,1.00,1.00,1.00,1.00,1.00,1.00,1.00,1.00,1.00
2026-04-02T04:33:00Z,,97.00,,79.00,39.68,10.78,8.00,1.00,1.00,1.00,1.00,1.00,1.00,1.00,1.00,1.00,1.00
2026-04-02T04:38:00Z,,97.00,,79.00,39.68,10.78,8.00,2.00,1.00,1.00,1.00,1.00,1.00,1.00,1.00,1.00,1.00
2026-04-02T04:39:00Z,,95.18,,75.73,38.00,10.78,8.00,2.00,1.00,1.00,1.00,1.00,1.00,1.00,1.00,1.00,1.00
2026-04-02T04:40:00Z,,95.18,,75.73,35.94,10.78,6.81,2.00,1.00,1.00,1.00,1.00,1.00,1.00,1.00,1.00,1.00
2026-04-02T04:41:00Z,,95.18,,68.65,35.94,10.78,6.81,2.00,1.00,1.00,1.00,1.00,1.00,1.00,1.00,1.00,1.00
2026-04-02T04:42:00Z,,95.18,,68.65,35.94,10.78,6.81,2.00,1.00,1.00,1.00,1.00,1.00,1.00,1.00,1.00,1.00
2026-04-02T04:46:00Z,,95.18,,68.65,35.94,10.78,6.81,2.00,1.00,1.00,1.00,1.00,1.00,1.00,1.00,1.00,1.00
2026-04-02T04:48:00Z,,95.18,,68.65,35.94,9.99,6.81,2.00,1.00,1.00,1.00,1.00,1.00,1.00,1.00,1.00,1.00
2026-04-02T04:49:00Z,,95.18,,68.65,35.94,9.99,5.06,2.00,1.00,1.00,1.00,1.00,1.00,1.00,1.00,1.00,1.00
2026-04-02T04:54:00Z,,95.18,,69.00,35.94,9.99,5.06,2.00,1.00,1.00,1.00,1.00,1.00,1.00,1.00,1.00,1.00
2026-04-02T04:55:00Z,,95.18,,69.00,39.11,9.99,5.06,2.00,1.00,1.00,1.00,1.00,1.00,1.00,1.00,1.00,1.00
2026-04-02T04:56:00Z,,95.18,,69.00,39.11,13.01,5.06,2.00,1.00,1.00,1.00,1.00,1.00,1.00,1.00,1.00,1.00
2026-04-02T05:03:00Z,,95.18,,69.00,40.00,8.00,5.06,2.00,1.00,1.00,1.00,1.00,1.00,1.00,1.00,1.00,1.00
2026-04-02T05:06:00Z,,95.18,,69.00,40.00,8.00,5.06,2.00,1.00,1.00,1.00,1.00,1.00,1.00,1.00,1.00,1.00
2026-04-02T05:07:00Z,,95.18,,69.00,40.00,8.00,6.00,2.00,1.00,1.00,1.00,1.00,1.00,1.00,1.00,1.00,1.00
2026-04-02T05:08:00Z,,95.18,,75.00,39.94,8.00,6.00,2.00,1.00,1.00,1.00,1.00,1.00,1.00,1.00,1.00,1.00
2026-04-02T05:09:00Z,,95.18,,75.00,37.12,8.00,6.00,2.00,1.00,1.00,1.00,1.00,1.00,1.00,1.00,1.00,1.00
2026-04-02T05:11:00Z,,95.18,,72.00,37.12,8.00,6.00,2.00,1.00,1.00,1.00,1.00,1.00,1.00,1.00,1.00,1.00
2026-04-02T05:12:00Z,,95.18,,72.00,41.00,8.00,6.00,2.00,1.00,1.00,1.00,1.00,1.00,1.00,1.00,1.00,1.00
2026-04-02T05:15:00Z,,95.18,,72.00,41.00,8.00,6.00,2.00,1.00,1.00,1.00,1.00,1.00,1.00,1.00,1.00,1.00
2026-04-02T05:16:00Z,,95.18,,72.00,42.00,8.00,6.00,2.00,1.00,1.00,1.00,1.00,1.00,1.00,1.00,1.00,1.00
2026-04-02T05:17:00Z,,95.18,,72.00,42.00,8.00,6.00,1.00,1.00,1.00,1.00,1.00,1.00,1.00,1.00,1.00,1.00
2026-04-02T05:18:00Z,,95.18,,72.00,43.72,8.00,6.00,1.00,1.00,1.00,1.00,1.00,1.00,1.00,1.00,1.00,1.00
2026-04-02T05:19:00Z,,95.18,,72.00,44.50,8.00,6.00,1.00,1.00,1.00,1.00,1.00,1.00,1.00,1.00,1.00,1.00
2026-04-02T05:24:00Z,,95.18,,72.00,44.50,16.73,6.00,1.00,1.00,1.00,1.00,1.00,1.00,1.00,1.00,1.00,1.00
2026-04-02T05:29:00Z,,95.18,,72.00,44.50,17.44,6.00,1.00,1.00,1.00,1.00,1.00,1.00,1.00,1.00,1.00,1.00
2026-04-02T05:30:00Z,,95.18,,72.00,37.94,17.44,6.00,1.00,1.00,1.00,1.00,1.00,1.00,1.00,1.00,1.00,1.00
2026-04-02T05:33:00Z,,95.18,,72.00,42.00,17.44,6.00,1.00,1.00,1.00,1.00,1.00,1.00,1.00,1.00,1.00,1.00
2026-04-02T05:39:00Z,,95.18,,72.00,42.00,17.44,5.60,1.00,1.00,1.00,1.00,1.00,1.00,1.00,1.00,1.00,1.00
2026-04-02T05:43:00Z,,95.18,,78.00,42.00,17.44,5.60,2.00,1.00,1.00,1.00,1.00,1.00,1.00,1.00,1.00,1.00
2026-04-02T05:47:00Z,,98.00,,78.00,42.00,17.44,5.60,2.00,1.00,1.00,1.00,1.00,1.00,1.00,1.00,1.00,1.00
2026-04-02T05:49:00Z,,98.00,,78.00,40.00,17.44,5.60,2.00,1.00,1.00,1.00,1.00,1.00,1.00,1.00,1.00,1.00
2026-04-02T05:56:00Z,,98.00,,78.00,40.00,17.44,5.60,2.00,1.00,1.00,1.00,1.00,1.00,1.00,1.00,1.00,1.00
2026-04-02T06:12:00Z,,98.00,,78.00,40.00,15.00,6.00,2.00,1.00,1.00,1.00,1.00,1.00,1.00,1.00,1.00,1.00
2026-04-02T06:13:00Z,,98.00,,78.00,40.00,15.00,6.00,2.00,1.00,1.00,1.00,1.00,1.00,1.00,1.00,1.00,1.00
2026-04-02T06:15:00Z,,98.00,,78.00,40.00,16.00,6.00,2.00,1.00,1.00,1.00,1.00,1.00,1.00,1.00,1.00,1.00
2026-04-02T06:17:00Z,,98.00,,78.00,40.00,15.94,6.00,2.00,1.00,1.00,1.00,1.00,1.00,1.00,1.00,1.00,1.00
2026-04-02T06:23:00Z,,98.00,,78.00,40.30,9.00,6.00,2.00,1.00,1.00,1.00,1.00,1.00,1.00,1.00,1.00,1.00
2026-04-02T06:24:00Z,,98.00,,78.00,40.00,9.00,6.00,2.00,1.00,1.00,1.00,1.00,1.00,1.00,1.00,1.00,1.00
2026-04-02T06:27:00Z,,98.00,,78.00,40.00,9.00,6.00,2.00,1.00,1.00,1.00,1.00,1.00,1.00,1.00,1.00,1.00
2026-04-02T06:28:00Z,,98.00,,78.00,40.00,15.00,6.00,2.00,1.00,1.00,1.00,1.00,1.00,1.00,1.00,1.00,1.00
2026-04-02T06:37:00Z,,98.00,,78.00,41.44,15.00,6.00,2.00,1.00,1.00,1.00,1.00,1.00,1.00,1.00,1.00,1.00
2026-04-02T06:40:00Z,,98.00,,78.00,42.00,15.00,6.00,2.00,1.00,1.00,1.00,1.00,1.00,1.00,1.00,1.00,1.00
2026-04-02T06:42:00Z,,98.00,,78.00,41.00,15.00,6.00,2.00,1.00,1.00,1.00,1.00,1.00,1.00,1.00,1.00,1.00
2026-04-02T06:46:00Z,,98.00,,78.00,42.00,15.00,6.00,2.00,1.00,1.00,1.00,1.00,1.00,1.00,1.00,1.00,1.00
2026-04-02T06:47:00Z,,98.00,,78.00,45.54,15.00,6.00,2.00,1.00,1.00,1.00,1.00,1.00,1.00,1.00,1.00,1.00
2026-04-02T06:50:00Z,,98.00,,78.00,45.54,15.00,7.00,2.00,1.00,1.00,1.00,1.00,1.00,1.00,1.00,1.00,1.00
2026-04-02T06:52:00Z,,98.00,,80.00,45.54,15.00,7.00,2.00,1.00,1.00,1.00,1.00,1.00,1.00,1.00,1.00,1.00
2026-04-02T06:54:00Z,,98.00,,80.00,45.54,15.00,7.00,2.00,1.00,1.00,1.00,1.00,1.00,1.00,1.00,1.00,1.00
2026-04-02T06:55:00Z,,98.00,,80.00,47.00,15.00,7.00,2.00,1.00,1.00,1.00,1.00,1.00,1.00,1.00,1.00,1.00
2026-04-02T06:56:00Z,,98.00,,80.00,44.25,15.00,7.00,2.00,1.00,1.00,1.00,1.00,1.00,1.00,1.00,1.00,1.00
2026-04-02T06:57:00Z,,98.00,,80.00,45.75,15.00,7.00,2.00,1.00,1.00,1.00,1.00,1.00,1.00,1.00,1.00,1.00
2026-04-02T06:59:00Z,,98.00,,79.00,45.75,15.00,7.00,2.00,1.00,1.00,1.00,1.00,1.00,1.00,1.00,1.00,1.00
2026-04-02T09:01:00Z,,98.00,,79.00,45.75,15.00,6.00,2.00,1.00,1.00,1.00,1.00,1.00,1.00,1.00,1.00,1.00
2026-04-02T09:05:00Z,,98.00,,79.00,45.60,15.00,6.00,2.00,1.00,1.00,1.00,1.00,1.00,1.00,1.00,1.00,1.00
2026-04-02T09:07:00Z,,98.00,,79.00,45.60,16.93,6.00,2.00,1.00,1.00,1.00,1.00,1.00,1.00,1.00,1.00,1.00
2026-04-02T09:10:00Z,,98.00,,79.00,45.00,16.93,6.00,2.00,1.00,1.00,1.00,1.00,1.00,1.00,1.00,1.00,1.00
2026-04-02T09:25:00Z,,98.00,,79.00,45.00,16.93,7.00,2.00,1.00,1.00,1.00,1.00,1.00,1.00,1.00,1.00,1.00
2026-04-02T09:26:00Z,,98.00,,79.00,45.05,16.93,7.00,2.00,1.00,1.00,1.00,1.00,1.00,1.00,1.00,1.00,1.00
2026-04-02T09:29:00Z,,98.00,,79.00,44.91,16.93,7.00,2.00,1.00,1.00,1.00,1.00,1.00,1.00,1.00,1.00,1.00
2026-04-02T09:38:00Z,,98.00,,79.00,44.91,16.93,4.80,2.00,1.00,1.00,1.00,1.00,1.00,1.00,1.00,1.00,1.00
2026-04-02T10:04:00Z,,98.00,,79.00,44.91,16.93,4.80,2.00,1.00,1.00,1.00,1.00,1.00,1.00,1.00,1.00,1.00
2026-04-02T10:06:00Z,,98.00,,79.00,44.91,16.93,4.80,2.00,1.00,1.00,1.00,1.00,1.00,1.00,1.00,1.00,1.00
2026-04-02T10:16:00Z,,98.00,,79.00,38.77,16.98,4.80,2.00,1.00,1.00,1.00,1.00,1.00,1.00,1.00,1.00,1.00
2026-04-02T10:28:00Z,,98.00,,79.00,38.77,16.98,4.80,1.00,1.00,1.00,1.00,1.00,1.00,1.00,1.00,1.00,1.00
2026-04-02T10:35:00Z,,98.00,,80.00,38.77,18.42,4.80,1.00,1.00,1.00,1.00,1.00,1.00,1.00,1.00,1.00,1.00
2026-04-02T10:37:00Z,,98.00,,80.00,38.77,18.42,4.80,1.00,1.00,1.00,1.00,1.00,1.00,1.00,1.00,1.00,1.00
2026-04-02T10:40:00Z,,98.00,,80.00,38.77,18.42,4.80,1.00,1.00,1.00,1.00,1.00,1.00,1.00,1.00,1.00,1.00
2026-04-02T10:41:00Z,,98.00,,80.00,45.50,15.71,4.80,1.00,1.00,1.00,1.00,1.00,1.00,1.00,1.00,1.00,1.00
2026-04-02T10:42:00Z,,98.00,,80.00,45.50,16.96,7.02,1.00,1.00,1.00,1.00,1.00,1.00,1.00,1.00,1.00,1.00
2026-04-02T10:43:00Z,,98.00,,80.00,45.50,16.96,7.02,1.00,1.00,1.00,1.00,1.00,1.00,1.00,1.00,1.00,1.00
2026-04-02T10:47:00Z,,98.00,,80.00,45.50,7.23,2.46,1.00,1.00,1.00,1.00,1.00,1.00,1.00,1.00,1.00,1.00
2026-04-02T10:50:00Z,,98.00,,80.00,46.48,7.23,2.46,1.00,1.00,1.00,1.00,1.00,1.00,1.00,1.00,1.00,1.00
2026-04-02T10:53:00Z,,98.00,,81.00,46.48,8.00,2.46,1.00,1.00,1.00,1.00,1.00,1.00,1.00,1.00,1.00,1.00
2026-04-02T10:55:00Z,,98.00,,81.00,39.24,8.00,2.46,1.00,1.00,1.00,1.00,1.00,1.00,1.00,1.00,1.00,1.00
2026-04-02T11:04:00Z,,98.00,,81.00,39.24,9.96,2.46,1.00,1.00,1.00,1.00,1.00,1.00,1.00,1.00,1.00,1.00
2026-04-02T11:16:00Z,,98.00,,81.00,39.24,17.52,2.46,1.00,1.00,1.00,1.00,1.00,1.00,1.00,1.00,1.00,1.00
2026-04-02T11:17:00Z,,98.00,,81.00,39.24,17.52,5.94,1.00,1.00,1.00,1.00,1.00,1.00,1.00,1.00,1.00,1.00
2026-04-02T11:27:00Z,,98.00,,81.00,35.00,17.52,5.94,1.00,1.00,1.00,1.00,1.00,1.00,1.00,1.00,1.00,1.00
2026-04-02T11:31:00Z,,98.00,,79.00,35.00,17.52,5.94,1.00,1.00,1.00,1.00,1.00,1.00,1.00,1.00,1.00,1.00
2026-04-02T11:37:00Z,,98.00,,79.00,35.00,17.52,7.92,1.00,1.00,1.00,1.00,1.00,1.00,1.00,1.00,1.00,1.00
2026-04-02T11:39:00Z,,98.00,,79.00,35.00,17.52,7.92,1.00,1.00,1.00,1.00,1.00,1.00,1.00,1.00,1.00,1.00
2026-04-02T11:43:00Z,,98.00,,79.00,30.54,17.52,7.92,1.00,1.00,1.00,1.00,1.00,1.00,1.00,1.00,1.00,1.00
2026-04-02T11:44:00Z,,98.00,,79.00,34.44,17.52,7.92,1.00,1.00,1.00,1.00,1.00,1.00,1.00,1.00,1.00,1.00
2026-04-02T11:46:00Z,,98.00,,79.00,34.44,17.52,7.92,1.00,1.00,1.00,1.00,1.00,1.00,1.00,1.00,1.00,1.00
2026-04-02T11:48:00Z,,98.00,,79.00,36.75,17.52,7.92,1.00,1.00,1.00,1.00,1.00,1.00,1.00,1.00,1.00,1.00
2026-04-02T12:01:00Z,,98.00,,79.00,36.80,17.52,7.92,1.00,1.00,1.00,1.00,1.00,1.00,1.00,1.00,1.00,1.00
2026-04-02T12:02:00Z,,98.00,,79.00,36.80,17.52,8.80,1.00,1.00,1.00,1.00,1.00,1.00,1.00,1.00,1.00,1.00
2026-04-02T12:03:00Z,,98.00,,79.00,36.80,11.76,8.80,1.00,1.00,1.00,1.00,1.00,1.00,1.00,1.00,1.00,1.00
2026-04-02T12:04:00Z,,98.00,,78.00,36.80,11.76,8.80,1.00,1.00,1.00,1.00,1.00,1.00,1.00,1.00,1.00,1.00
2026-04-02T12:18:00Z,,98.00,,78.00,37.08,11.76,8.80,1.00,1.00,1.00,1.00,1.00,1.00,1.00,1.00,1.00,1.00
2026-04-02T12:19:00Z,,98.00,,80.81,37.08,11.76,8.80,1.00,1.00,1.00,1.00,1.00,1.00,1.00,1.00,1.00,1.00
2026-04-02T12:21:00Z,,98.00,,80.81,37.08,13.66,8.80,1.00,1.00,1.00,1.00,1.00,1.00,1.00,1.00,1.00,1.00
2026-04-02T12:24:00Z,,98.00,,80.81,37.16,13.66,8.80,1.00,1.00,1.00,1.00,1.00,1.00,1.00,1.00,1.00,1.00
2026-04-02T12:26:00Z,,98.00,,80.81,37.16,13.66,8.80,1.00,1.00,1.00,1.00,1.00,1.00,1.00,1.00,1.00,1.00
2026-04-02T12:29:00Z,,98.00,,80.81,38.83,13.66,8.80,1.00,1.00,1.00,1.00,1.00,1.00,1.00,1.00,1.00,1.00
2026-04-02T12:35:00Z,,98.00,,87.96,38.83,13.66,8.80,1.00,1.00,1.00,1.00,1.00,1.00,1.00,1.00,1.00,1.00
2026-04-02T12:36:00Z,,98.00,,87.96,37.41,13.66,8.80,1.00,1.00,1.00,1.00,1.00,1.00,1.00,1.00,1.00,1.00
2026-04-02T12:40:00Z,,98.00,,87.96,31.36,13.66,8.80,1.00,1.00,1.00,1.00,1.00,1.00,1.00,1.00,1.00,1.00
2026-04-02T12:41:00Z,,98.00,,87.96,35.00,13.66,8.80,1.00,1.00,1.00,1.00,1.00,1.00,1.00,1.00,1.00,1.00
2026-04-02T12:42:00Z,,98.00,,87.96,35.00,13.66,2.15,1.00,1.00,1.00,1.00,1.00,1.00,1.00,1.00,1.00,1.00
2026-04-02T12:49:00Z,,98.00,,79.80,35.00,13.66,2.15,1.00,1.00,1.00,1.00,1.00,1.00,1.00,1.00,1.00,1.00
2026-04-02T12:54:00Z,,98.00,,79.80,34.00,13.66,2.15,1.00,1.00,1.00,1.00,1.00,1.00,1.00,1.00,1.00,1.00
2026-04-02T12:55:00Z,,98.00,,89.68,34.00,13.66,2.15,1.00,1.00,1.00,1.00,1.00,1.00,1.00,1.00,1.00,1.00
2026-04-02T13:00:00Z,,98.00,,77.00,34.00,13.66,2.15,1.00,1.00,1.00,1.00,1.00,1.00,1.00,1.00,1.00,1.00
2026-04-02T13:01:00Z,,98.00,,76.41,34.00,13.66,2.15,1.00,1.00,1.00,1.00,1.00,1.00,1.00,1.00,1.00,1.00
2026-04-02T13:02:00Z,,98.00,,76.41,38.08,13.66,2.15,1.00,1.00,1.00,1.00,1.00,1.00,1.00,1.00,1.00,1.00
2026-04-02T13:03:00Z,,98.00,,76.41,38.08,17.01,2.15,1.00,1.00,1.00,1.00,1.00,1.00,1.00,1.00,1.00,1.00
2026-04-02T13:07:00Z,,98.00,,76.41,36.20,17.01,2.15,1.00,1.00,1.00,1.00,1.00,1.00,1.00,1.00,1.00,1.00
2026-04-02T13:11:00Z,,98.00,,76.41,36.20,17.01,2.15,1.00,1.00,1.00,1.00,1.00,1.00,1.00,1.00,1.00,1.00
2026-04-02T13:13:00Z,,98.00,,77.00,36.20,17.01,2.15,1.00,1.00,1.00,1.00,1.00,1.00,1.00,1.00,1.00,1.00
2026-04-02T13:16:00Z,,98.00,,77.00,36.20,17.01,2.15,1.00,1.00,1.00,1.00,1.00,1.00,1.00,1.00,1.00,1.00
2026-04-02T13:18:00Z,,98.00,,84.00,36.20,17.01,2.15,1.00,1.00,1.00,1.00,1.00,1.00,1.00,1.00,1.00,1.00
2026-04-02T13:19:00Z,,98.00,,84.00,36.20,17.01,2.15,1.00,1.00,1.00,1.00,1.00,1.00,1.00,1.00,1.00,1.00
2026-04-02T13:21:00Z,,98.00,,73.00,36.20,17.01,2.15,1.00,1.00,1.00,1.00,1.00,1.00,1.00,1.00,1.00,1.00
2026-04-02T13:22:00Z,,98.00,,73.00,33.57,8.00,2.15,1.00,1.00,1.00,1.00,1.00,1.00,1.00,1.00,1.00,1.00
2026-04-02T13:30:00Z,,98.00,,73.00,33.57,8.00,2.00,1.00,1.00,1.00,1.00,1.00,1.00,1.00,1.00,1.00,1.00
2026-04-02T13:31:00Z,,98.00,,73.00,38.78,8.00,2.00,1.00,1.00,1.00,1.00,1.00,1.00,1.00,1.00,1.00,1.00
2026-04-02T13:32:00Z,,98.00,,73.00,38.52,8.00,2.00,1.00,1.00,1.00,1.00,1.00,1.00,1.00,1.00,1.00,1.00
2026-04-02T13:33:00Z,,98.00,,73.00,38.00,7.11,2.00,1.00,1.00,1.00,1.00,1.00,1.00,1.00,1.00,1.00,1.00
2026-04-02T13:37:00Z,,98.00,,70.17,38.00,7.11,2.00,1.00,1.00,1.00,1.00,1.00,1.00,1.00,1.00,1.00,1.00
2026-04-02T13:46:00Z,,98.00,,80.83,38.61,14.00,2.00,1.00,1.00,1.00,1.00,1.00,1.00,1.00,1.00,1.00,1.00
2026-04-02T13:57:00Z,,98.00,,80.83,38.61,10.00,2.00,1.00,1.00,1.00,1.00,1.00,1.00,1.00,1.00,1.00,1.00
2026-04-02T13:59:00Z,,98.00,,80.83,38.19,10.00,2.00,1.00,1.00,1.00,1.00,1.00,1.00,1.00,1.00,1.00,1.00
2026-04-02T14:03:00Z,,98.00,,80.83,38.19,10.00,2.00,1.92,1.00,1.00,1.00,1.00,1.00,1.00,1.00,1.00,1.00
2026-04-02T14:04:00Z,,98.00,,80.83,34.77,10.00,2.00,1.92,1.00,1.00,1.00,1.00,1.00,1.00,1.00,1.00,1.00
2026-04-02T14:07:00Z,,98.00,,80.83,38.50,10.00,2.00,1.92,1.00,1.00,1.00,1.00,1.00,1.00,1.00,1.00,1.00
2026-04-02T14:10:00Z,,98.00,,80.83,38.50,9.72,2.00,1.92,1.00,1.00,1.00,1.00,1.00,1.00,1.00,1.00,1.00
2026-04-02T14:12:00Z,,98.00,,80.83,38.75,9.72,2.00,1.92,1.00,1.00,1.00,1.00,1.00,1.00,1.00,1.00,1.00
2026-04-02T14:13:00Z,,98.00,,69.00,38.75,9.72,2.00,1.92,1.00,1.00,1.00,1.00,1.00,1.00,1.00,1.00,1.00
2026-04-02T14:14:00Z,,98.00,,69.00,38.75,11.67,2.00,1.92,1.00,1.00,1.00,1.00,1.00,1.00,1.00,1.00,1.00
2026-04-02T14:16:00Z,,98.00,,70.00,38.20,11.67,2.00,1.92,1.00,1.00,1.00,1.00,1.00,1.00,1.00,1.00,1.00
2026-04-02T14:19:00Z,,98.00,,65.60,38.20,11.67,2.00,1.92,1.00,1.00,1.00,1.00,1.00,1.00,1.00,1.00,1.00
2026-04-02T14:30:00Z,,98.00,,70.17,38.20,11.67,2.00,1.92,1.00,1.00,1.00,1.00,1.00,1.00,1.00,1.00,1.00
2026-04-02T14:36:00Z,,98.00,,65.00,38.91,11.67,2.00,1.92,1.00,1.00,1.00,1.00,1.00,1.00,1.00,1.00,1.00
2026-04-02T14:52:00Z,,98.00,,63.00,34.50,11.67,2.00,1.92,1.00,1.00,1.00,1.00,1.00,1.00,1.00,1.00,1.00
2026-04-02T14:53:00Z,,98.00,,63.00,34.50,11.67,2.00,1.00,1.00,1.00,1.00,1.00,1.00,1.00,1.00,1.00,1.00
2026-04-02T14:56:00Z,,98.00,,63.00,34.50,5.00,2.00,1.00,1.00,1.00,1.00,1.00,1.00,1.00,1.00,1.00,1.00
2026-04-02T14:57:00Z,,98.00,,63.00,34.50,5.00,2.00,1.00,1.00,1.00,1.00,1.00,1.00,1.00,1.00,1.00,1.00
2026-04-02T14:58:00Z,,98.00,,62.00,32.00,5.00,2.00,1.00,1.00,1.00,1.00,1.00,1.00,1.00,1.00,1.00,1.00
2026-04-02T15:05:00Z,,98.00,,62.00,32.00,5.00,2.00,1.00,1.00,1.00,1.00,1.00,1.00,1.00,1.00,1.00,1.00
2026-04-02T15:06:00Z,,98.00,,62.00,32.00,5.00,2.00,1.00,1.00,1.00,1.00,1.00,1.00,1.00,1.00,1.00,1.00
2026-04-02T15:08:00Z,,98.00,,62.00,32.00,5.00,2.00,1.00,1.00,1.00,1.00,1.00,1.00,1.00,1.00,1.00,1.00
2026-04-02T15:11:00Z,,98.00,,62.00,33.00,5.00,2.00,1.00,1.00,1.00,1.00,1.00,1.00,1.00,1.00,1.00,1.00
2026-04-02T15:14:00Z,,98.00,,62.00,34.32,5.00,2.00,1.00,1.00,1.00,1.00,1.00,1.00,1.00,1.00,1.00,1.00
2026-04-02T15:15:00Z,,98.00,,62.00,32.00,5.00,2.00,1.00,1.00,1.00,1.00,1.00,1.00,1.00,1.00,1.00,1.00
2026-04-02T15:22:00Z,,98.00,,62.00,32.00,17.40,2.00,1.00,1.00,1.00,1.00,1.00,1.00,1.00,1.00,1.00,1.00
2026-04-02T15:24:00Z,,98.00,,62.00,32.00,17.40,3.16,1.00,1.00,1.00,1.00,1.00,1.00,1.00,1.00,1.00,1.00
2026-04-02T15:26:00Z,,98.00,,56.00,32.00,17.40,3.16,1.00,1.00,1.00,1.00,1.00,1.00,1.00,1.00,1.00,1.00
2026-04-02T15:27:00Z,,98.00,,55.21,32.00,17.40,3.16,1.00,1.00,1.00,1.00,1.00,1.00,1.00,1.00,1.00,1.00
2026-04-02T15:28:00Z,,98.00,,55.21,32.00,17.40,3.16,1.00,1.00,1.00,1.00,1.00,1.00,1.00,1.00,1.00,1.00
2026-04-02T15:29:00Z,,98.00,,42.31,32.00,17.40,3.16,1.00,1.00,1.00,1.00,1.00,1.00,1.00,1.00,1.00,1.00
2026-04-02T15:30:00Z,,98.00,,42.31,31.00,17.40,3.16,1.00,1.00,1.00,1.00,1.00,1.00,1.00,1.00,1.00,1.00
2026-04-02T15:32:00Z,,98.00,,42.31,29.09,17.40,3.16,1.00,1.00,1.00,1.00,1.00,1.00,1.00,1.00,1.00,1.00
2026-04-02T15:35:00Z,,98.00,,42.31,30.00,17.40,3.16,1.00,1.00,1.00,1.00,1.00,1.00,1.00,1.00,1.00,1.00
2026-04-02T15:37:00Z,,98.00,,43.11,29.36,11.29,3.16,1.00,1.00,1.00,1.00,1.00,1.00,1.00,1.00,1.00,1.00
2026-04-02T15:38:00Z,,90.90,,43.11,29.36,11.29,3.16,1.00,1.00,1.00,1.00,1.00,1.00,1.00,1.00,1.00,1.00
2026-04-02T15:39:00Z,,90.90,,42.36,29.00,11.29,3.16,1.00,1.00,1.00,1.00,1.00,1.00,1.00,1.00,1.00,1.00
2026-04-02T15:43:00Z,,90.90,,42.36,26.83,11.29,3.16,1.00,1.00,1.00,1.00,1.00,1.00,1.00,1.00,1.00,1.00
2026-04-02T15:44:00Z,,90.90,,42.36,26.00,11.29,3.16,1.00,1.00,1.00,1.00,1.00,1.00,1.00,1.00,1.00,1.00
2026-04-02T15:47:00Z,,90.90,,42.36,26.00,5.00,3.16,1.00,1.00,1.00,1.00,1.00,1.00,1.00,1.00,1.00,1.00
2026-04-02T15:49:00Z,,90.90,,60.34,26.00,5.00,3.16,1.00,1.00,1.00,1.00,1.00,1.00,1.00,1.00,1.00,1.00
2026-04-02T15:52:00Z,,90.90,,60.34,29.00,5.00,6.05,1.00,1.00,1.00,1.00,1.00,1.00,1.00,1.00,1.00,1.00
2026-04-02T15:53:00Z,,90.90,,60.34,26.00,5.00,6.05,1.00,1.00,1.00,1.00,1.00,1.00,1.00,1.00,1.00,1.00
2026-04-02T15:56:00Z,,90.90,,60.34,27.86,5.00,6.05,1.00,1.00,1.00,1.00,1.00,1.00,1.00,1.00,1.00,1.00
2026-04-02T15:58:00Z,,90.90,,60.96,25.20,5.00,6.05,1.00,1.00,1.00,1.00,1.00,1.00,1.00,1.00,1.00,1.00
2026-04-02T16:00:00Z,,90.90,,60.96,27.88,6.60,6.05,1.00,1.00,1.00,1.00,1.00,1.00,1.00,1.00,1.00,1.00
2026-04-02T16:01:00Z,,90.90,,60.96,26.00,6.60,6.05,1.00,1.00,1.00,1.00,1.00,1.00,1.00,1.00,1.00,1.00
2026-04-02T16:02:00Z,,90.90,,64.86,26.00,7.00,6.05,1.00,1.00,1.00,1.00,1.00,1.00,1.00,1.00,1.00,1.00
2026-04-02T16:03:00Z,,90.90,,64.86,26.00,7.00,6.05,1.00,1.00,1.00,1.00,1.00,1.00,1.00,1.00,1.00,1.00
2026-04-02T16:04:00Z,,90.90,,64.86,27.40,7.00,6.05,1.00,1.00,1.00,1.00,1.00,1.00,1.00,1.00,1.00,1.00
2026-04-02T16:07:00Z,,90.90,,64.86,27.40,4.37,6.05,1.00,1.00,1.00,1.00,1.00,1.00,1.00,1.00,1.00,1.00
2026-04-02T16:08:00Z,,90.90,,64.86,27.00,4.37,6.05,1.00,1.00,1.00,1.00,1.00,1.00,1.00,1.00,1.00,1.00
2026-04-02T16:10:00Z,,90.90,,64.86,27.00,4.37,6.05,1.00,1.00,1.00,1.00,1.00,1.00,1.00,1.00,1.00,1.00
2026-04-02T16:12:00Z,,90.90,,64.86,27.88,4.37,6.05,1.00,1.00,1.00,1.00,1.00,1.00,1.00,1.00,1.00,1.00
2026-04-02T16:16:00Z,,90.90,,64.86,27.88,10.99,6.05,1.00,1.00,1.00,1.00,1.00,1.00,1.00,1.00,1.00,1.00
2026-04-02T16:17:00Z,,90.90,,64.86,29.33,10.99,6.05,1.00,1.00,1.00,1.00,1.00,1.00,1.00,1.00,1.00,1.00
2026-04-02T16:18:00Z,,90.90,,64.86,29.96,10.99,6.05,1.00,1.00,1.00,1.00,1.00,1.00,1.00,1.00,1.00,1.00
2026-04-02T16:20:00Z,,90.90,,64.86,29.66,10.99,6.05,1.00,1.00,1.00,1.00,1.00,1.00,1.00,1.00,1.00,1.00
2026-04-02T16:21:00Z,,90.90,,64.86,30.81,10.99,6.05,1.00,1.00,1.00,1.00,1.00,1.00,1.00,1.00,1.00,1.00
2026-04-02T16:22:00Z,,90.90,,64.86,31.50,10.99,6.05,1.00,1.00,1.00,1.00,1.00,1.00,1.00,1.00,1.00,1.00
2026-04-02T16:24:00Z,,90.90,,64.86,31.00,10.99,6.05,1.00,1.00,1.00,1.00,1.00,1.00,1.00,1.00,1.00,1.00
2026-04-02T16:25:00Z,,90.90,,44.39,31.00,10.99,6.05,1.00,1.00,1.00,1.00,1.00,1.00,1.00,1.00,1.00,1.00
2026-04-02T16:26:00Z,,90.90,,58.00,31.00,10.99,6.05,1.00,1.00,1.00,1.00,1.00,1.00,1.00,1.00,1.00,1.00
2026-04-02T16:27:00Z,,90.90,,57.10,31.00,10.99,6.05,1.00,1.00,1.00,1.00,1.00,1.00,1.00,1.00,1.00,1.00
2026-04-02T16:28:00Z,,90.90,,59.20,31.00,10.99,6.05,1.00,1.00,1.00,1.00,1.00,1.00,1.00,1.00,1.00,1.00
2026-04-02T16:30:00Z,,90.90,,63.00,31.00,10.99,6.05,1.00,1.00,1.00,1.00,1.00,1.00,1.00,1.00,1.00,1.00
2026-04-02T16:34:00Z,,90.90,,63.00,29.96,10.99,6.05,1.00,1.00,1.00,1.00,1.00,1.00,1.00,1.00,1.00,1.00
2026-04-02T16:36:00Z,,90.90,,63.00,26.25,10.99,6.05,1.00,1.00,1.00,1.00,1.00,1.00,1.00,1.00,1.00,1.00
2026-04-02T16:38:00Z,,90.90,,63.00,26.25,10.99,2.45,1.00,1.00,1.00,1.00,1.00,1.00,1.00,1.00,1.00,1.00
2026-04-02T16:40:00Z,,90.90,,62.00,26.25,10.99,2.45,1.00,1.00,1.00,1.00,1.00,1.00,1.00,1.00,1.00,1.00
2026-04-02T16:42:00Z,,90.90,,60.00,26.25,10.99,2.45,1.00,1.00,1.00,1.00,1.00,1.00,1.00,1.00,1.00,1.00
2026-04-02T16:44:00Z,,90.90,,60.42,29.83,10.99,2.45,1.00,1.00,1.00,1.00,1.00,1.00,1.00,1.00,1.00,1.00
2026-04-02T16:45:00Z,,90.90,,60.42,30.27,10.99,2.45,1.00,1.00,1.00,1.00,1.00,1.00,1.00,1.00,1.00,1.00
2026-04-02T16:47:00Z,,90.90,,60.42,30.27,13.14,2.45,1.00,1.00,1.00,1.00,1.00,1.00,1.00,1.00,1.00,1.00
2026-04-02T16:48:00Z,,90.90,,60.42,30.83,13.14,3.00,1.00,1.00,1.00,1.00,1.00,1.00,1.00,1.00,1.00,1.00
2026-04-02T16:50:00Z,,90.90,,60.42,30.31,13.14,3.00,1.00,1.00,1.00,1.00,1.00,1.00,1.00,1.00,1.00,1.00
2026-04-02T16:52:00Z,,90.90,,60.42,30.90,13.14,3.00,1.00,1.00,1.00,1.00,1.00,1.00,1.00,1.00,1.00,1.00
2026-04-02T16:53:00Z,,90.90,,46.77,30.90,13.14,3.00,1.00,1.00,1.00,1.00,1.00,1.00,1.00,1.00,1.00,1.00
2026-04-02T16:54:00Z,,90.90,,46.77,30.90,13.14,3.00,1.00,1.00,1.00,1.00,1.00,1.00,1.00,1.00,1.00,1.00
2026-04-02T16:55:00Z,,90.90,,46.77,30.90,13.14,2.00,1.00,1.00,1.00,1.00,1.00,1.00,1.00,1.00,1.00,1.00
2026-04-02T16:57:00Z,,90.90,,53.70,30.90,13.14,2.00,1.00,1.00,1.00,1.00,1.00,1.00,1.00,1.00,1.00,1.00
2026-04-02T16:58:00Z,,90.90,,54.00,30.90,13.14,2.00,1.00,1.00,1.00,1.00,1.00,1.00,1.00,1.00,1.00,1.00
2026-04-02T17:01:00Z,93.00,90.90,,54.00,30.90,13.14,2.00,1.00,1.00,1.00,1.00,1.00,1.00,1.00,1.00,1.00,1.00
2026-04-02T17:02:00Z,93.00,90.90,,54.00,30.90,13.14,2.00,1.00,1.00,1.00,1.00,1.00,1.00,1.00,1.00,1.00,1.00
2026-04-02T17:03:00Z,97.00,90.90,,54.00,31.80,13.14,2.00,1.00,1.00,1.00,1.00,1.00,1.00,1.00,1.00,1.00,1.00
2026-04-02T17:06:00Z,97.00,90.90,,54.00,31.80,13.14,2.00,1.00,1.00,1.00,1.00,1.00,1.00,1.00,1.00,1.00,1.00
2026-04-02T17:11:00Z,97.00,90.90,,54.00,28.36,13.14,2.00,1.00,1.00,1.00,1.00,1.00,1.00,1.00,1.00,1.00,1.00
2026-04-02T17:13:00Z,97.00,90.90,,54.00,32.27,13.14,2.00,1.00,1.00,1.00,1.00,1.00,1.00,1.00,1.00,1.00,1.00
2026-04-02T17:14:00Z,97.00,90.90,,53.00,32.27,13.14,2.00,1.00,1.00,1.00,1.00,1.00,1.00,1.00,1.00,1.00,1.00
2026-04-02T17:15:00Z,97.00,90.90,,53.00,31.90,13.14,2.00,1.00,1.00,1.00,1.00,1.00,1.00,1.00,1.00,1.00,1.00
2026-04-02T17:16:00Z,97.00,90.90,,59.00,31.90,13.14,2.00,1.00,1.00,1.00,1.00,1.00,1.00,1.00,1.00,1.00,1.00
2026-04-02T17:18:00Z,97.00,90.90,,51.94,36.84,13.14,2.00,1.00,1.00,1.00,1.00,1.00,1.00,1.00,1.00,1.00,1.00
2026-04-02T17:19:00Z,97.00,90.90,,62.93,36.84,13.14,2.00,1.00,1.00,1.00,1.00,1.00,1.00,1.00,1.00,1.00,1.00
2026-04-02T17:20:00Z,97.00,90.90,,62.00,36.84,13.14,2.00,1.00,1.00,1.00,1.00,1.00,1.00,1.00,1.00,1.00,1.00
2026-04-02T17:21:00Z,97.00,90.90,95.00,62.00,36.84,13.14,2.00,1.00,1.00,1.00,1.00,1.00,1.00,1.00,1.00,1.00,1.00
2026-04-02T17:25:00Z,97.00,90.90,95.00,62.00,37.61,13.14,2.00,1.00,1.00,1.00,1.00,1.00,1.00,1.00,1.00,1.00,1.00
2026-04-02T17:28:00Z,99.00,90.90,95.00,62.00,37.61,13.14,2.00,1.00,1.00,1.00,1.00,1.00,1.00,1.00,1.00,1.00,1.00
2026-04-02T17:29:00Z,99.00,90.90,95.00,62.00,37.61,13.40,2.00,1.00,1.00,1.00,1.00,1.00,1.00,1.00,1.00,1.00,1.00
2026-04-02T17:30:00Z,99.00,90.90,95.00,65.21,36.17,13.40,2.00,1.00,1.00,1.00,1.00,1.00,1.00,1.00,1.00,1.00,1.00
2026-04-02T17:33:00Z,99.00,90.90,95.00,65.21,37.00,13.40,2.00,1.00,1.00,1.00,1.00,1.00,1.00,1.00,1.00,1.00,1.00
2026-04-02T17:37:00Z,99.00,90.90,95.00,65.00,37.00,9.66,2.00,1.00,1.00,1.00,1.00,1.00,1.00,1.00,1.00,1.00,1.00
2026-04-02T17:38:00Z,99.00,90.90,95.00,65.00,33.00,12.88,2.00,1.00,1.00,1.00,1.00,1.00,1.00,1.00,1.00,1.00,1.00
2026-04-02T17:39:00Z,99.00,90.90,95.00,65.00,39.00,12.88,2.00,1.00,1.00,1.00,1.00,1.00,1.00,1.00,1.00,1.00,1.00
2026-04-02T17:41:00Z,99.00,90.90,99.00,65.00,39.00,12.88,2.00,1.00,1.00,1.00,1.00,1.00,1.00,1.00,1.00,1.00,1.00
2026-04-02T17:43:00Z,99.00,90.90,99.00,65.00,39.00,12.88,2.00,1.00,1.00,1.00,1.00,1.00,1.00,1.00,1.00,1.00,1.00
2026-04-02T17:45:00Z,99.00,90.90,99.00,65.00,38.00,12.88,2.00,1.00,1.00,1.00,1.00,1.00,1.00,1.00,1.00,1.00,1.00
2026-04-02T17:46:00Z,99.00,90.90,99.00,78.24,38.00,12.88,2.00,1.00,1.00,1.00,1.00,1.00,1.00,1.00,1.00,1.00,1.00
2026-04-02T17:47:00Z,99.00,90.90,99.00,78.24,38.70,12.88,2.00,1.00,1.00,1.00,1.00,1.00,1.00,1.00,1.00,1.00,1.00
2026-04-02T17:49:00Z,99.00,90.90,99.00,78.24,40.00,9.49,2.00,1.00,1.00,1.00,1.00,1.00,1.00,1.00,1.00,1.00,1.00
2026-04-02T17:50:00Z,99.00,90.90,99.00,78.24,42.29,9.49,2.00,1.00,1.00,1.00,1.00,1.00,1.00,1.00,1.00,1.00,1.00
2026-04-02T17:51:00Z,99.00,90.90,99.00,78.24,45.00,9.49,2.00,1.00,1.00,1.00,1.00,1.00,1.00,1.00,1.00,1.00,1.00
2026-04-02T17:52:00Z,99.00,90.90,99.00,78.24,45.00,9.49,2.00,1.00,1.00,1.00,1.00,1.00,1.00,1.00,1.00,1.00,1.00
2026-04-02T17:53:00Z,99.00,90.90,99.00,75.87,45.00,9.49,2.00,1.00,1.00,1.00,1.00,1.00,1.00,1.00,1.00,1.00,1.00
2026-04-02T17:54:00Z,99.00,90.90,99.00,75.87,45.00,9.49,2.00,1.00,1.00,1.00,1.00,1.00,1.00,1.00,1.00,1.00,1.00
2026-04-02T17:56:00Z,99.00,90.90,99.00,75.87,45.77,9.49,2.00,1.00,1.00,1.00,1.00,1.00,1.00,1.00,1.00,1.00,1.00
2026-04-02T17:57:00Z,99.00,90.90,99.00,78.90,45.77,9.49,2.00,1.00,1.00,1.00,1.00,1.00,1.00,1.00,1.00,1.00,1.00
2026-04-02T17:59:00Z,99.00,90.90,99.00,78.90,45.77,9.49,2.00,1.00,1.00,1.00,1.00,1.00,1.00,1.00,1.00,1.00,1.00
2026-04-02T18:00:00Z,99.00,90.90,99.00,78.90,45.77,16.09,3.00,1.00,1.00,1.00,1.00,1.00,1.00,1.00,1.00,1.00,1.00
2026-04-02T18:02:00Z,99.00,90.90,99.00,71.85,45.77,16.09,3.00,1.00,1.00,1.00,1.00,1.00,1.00,1.00,1.00,1.00,1.00
2026-04-02T18:04:00Z,99.00,90.90,99.00,71.85,46.00,16.09,3.00,1.00,1.00,1.00,1.00,1.00,1.00,1.00,1.00,1.00,1.00
2026-04-02T18:08:00Z,99.00,90.90,99.00,71.85,46.00,16.09,3.00,1.00,1.00,1.00,1.00,1.00,1.00,1.00,1.00,1.00,1.00
2026-04-02T18:09:00Z,99.00,90.90,99.00,71.85,46.00,16.09,3.00,1.00,1.00,1.00,1.00,1.00,1.00,1.00,1.00,1.00,1.00
2026-04-02T18:10:00Z,99.00,90.90,99.00,71.85,46.00,10.43,3.00,1.00,1.00,1.00,1.00,1.00,1.00,1.00,1.00,1.00,1.00
2026-04-02T18:12:00Z,99.00,90.90,99.00,71.85,46.00,10.43,3.00,1.00,1.00,1.00,1.00,1.00,1.00,1.00,1.00,1.00,1.00
2026-04-02T18:15:00Z,99.00,90.90,99.00,71.85,46.00,10.43,3.00,1.00,1.00,1.00,1.00,1.00,1.00,1.00,1.00,1.00,1.00
2026-04-02T18:17:00Z,99.00,90.90,99.00,71.85,45.00,10.40,3.00,1.00,1.00,1.00,1.00,1.00,1.00,1.00,1.00,1.00,1.00
2026-04-02T18:18:00Z,99.00,90.90,99.00,71.85,44.00,11.00,3.00,1.00,1.00,1.00,1.00,1.00,1.00,1.00,1.00,1.00,1.00
2026-04-02T18:20:00Z,99.00,90.90,99.00,76.00,44.00,11.00,3.00,1.00,1.00,1.00,1.00,1.00,1.00,1.00,1.00,1.00,1.00
2026-04-02T18:21:00Z,99.00,90.90,99.00,76.00,44.00,11.00,3.00,1.00,1.00,1.00,1.00,1.00,1.00,1.00,1.00,1.00,1.00
2026-04-02T18:22:00Z,99.00,90.90,99.00,76.00,44.00,15.36,3.00,1.00,1.00,1.00,1.00,1.00,1.00,1.00,1.00,1.00,1.00
2026-04-02T18:23:00Z,99.00,90.90,99.00,76.00,44.00,14.00,3.00,1.00,1.00,1.00,1.00,1.00,1.00,1.00,1.00,1.00,1.00
2026-04-02T18:25:00Z,99.00,90.90,99.00,76.00,44.00,14.00,3.00,1.00,1.00,1.00,1.00,1.00,1.00,1.00,1.00,1.00,1.00
2026-04-02T18:26:00Z,99.00,90.90,99.00,76.00,44.00,12.20,3.00,1.00,1.00,1.00,1.00,1.00,1.00,1.00,1.00,1.00,1.00
2026-04-02T18:28:00Z,99.00,90.90,99.00,76.00,44.00,12.20,3.00,1.00,1.00,1.00,1.00,1.00,1.00,1.00,1.00,1.00,1.00
2026-04-02T18:30:00Z,99.00,90.90,99.00,76.00,44.00,12.20,3.00,1.00,1.00,1.00,1.00,1.00,1.00,1.00,1.00,1.00,1.00
2026-04-02T18:32:00Z,99.00,90.90,99.00,76.00,44.00,12.20,3.00,1.00,1.00,1.00,1.00,1.00,1.00,1.00,1.00,1.00,1.00
2026-04-02T18:33:00Z,99.00,90.90,99.00,76.00,44.00,14.00,3.00,1.00,1.00,1.00,1.00,1.00,1.00,1.00,1.00,1.00,1.00
2026-04-02T18:35:00Z,99.00,90.90,99.00,76.00,44.00,14.00,3.00,1.00,1.00,1.00,1.00,1.00,1.00,1.00,1.00,1.00,1.00
2026-04-02T18:41:00Z,99.00,90.90,99.00,76.00,44.00,11.00,3.00,1.00,1.00,1.00,1.00,1.00,1.00,1.00,1.00,1.00,1.00
2026-04-02T18:42:00Z,99.00,90.90,99.00,76.00,43.00,14.84,3.00,1.00,1.00,1.00,1.00,1.00,1.00,1.00,1.00,1.00,1.00
2026-04-02T18:43:00Z,99.00,90.90,99.00,76.00,43.00,14.84,3.00,1.00,1.00,1.00,1.00,1.00,1.00,1.00,1.00,1.00,1.00
2026-04-02T18:44:00Z,99.00,90.90,99.00,76.00,43.00,15.00,3.00,1.00,1.00,1.00,1.00,1.00,1.00,1.00,1.00,1.00,1.00
2026-04-02T18:45:00Z,99.00,90.90,99.00,75.00,43.00,15.00,3.00,1.00,1.00,1.00,1.00,1.00,1.00,1.00,1.00,1.00,1.00
2026-04-02T18:47:00Z,99.00,90.90,99.00,75.00,43.00,15.78,3.00,1.00,1.00,1.00,1.00,1.00,1.00,1.00,1.00,1.00,1.00
2026-04-02T18:49:00Z,99.00,90.90,99.00,75.00,43.00,15.78,3.00,1.00,1.00,1.00,1.00,1.00,1.00,1.00,1.00,1.00,1.00
2026-04-02T18:51:00Z,99.00,90.90,99.00,75.00,43.00,15.78,3.00,1.00,1.00,1.00,1.00,1.00,1.00,1.00,1.00,1.00,1.00
2026-04-02T18:54:00Z,99.00,90.90,99.00,75.00,43.00,15.78,3.00,1.00,1.00,1.00,1.00,1.00,1.00,1.00,1.00,1.00,1.00
2026-04-02T18:56:00Z,99.00,90.90,99.00,74.28,43.00,15.78,3.00,1.00,1.00,1.00,1.00,1.00,1.00,1.00,1.00,1.00,1.00
2026-04-02T18:59:00Z,99.00,90.90,99.00,74.28,43.00,15.78,3.00,1.00,1.00,1.00,1.00,1.00,1.00,1.00,1.00,1.00,1.00
2026-04-02T19:06:00Z,99.00,90.90,99.00,72.00,39.89,15.78,3.00,1.00,1.00,1.00,1.00,1.00,1.00,1.00,1.00,1.00,1.00
2026-04-02T19:10:00Z,99.00,90.90,99.00,72.00,38.00,14.98,3.00,1.00,1.00,1.00,1.00,1.00,1.00,1.00,1.00,1.00,1.00
2026-04-02T19:12:00Z,99.00,90.90,99.00,74.00,39.33,14.00,4.00,1.00,1.00,1.00,1.00,1.00,1.00,1.00,1.00,1.00,1.00
2026-04-02T19:16:00Z,99.00,90.90,99.00,74.00,39.33,14.00,4.00,1.00,1.00,1.00,1.00,1.00,1.00,1.00,1.00,1.00,1.00
2026-04-02T19:18:00Z,99.00,90.90,99.00,74.00,39.33,14.00,2.65,1.00,1.00,1.00,1.00,1.00,1.00,1.00,1.00,1.00,1.00
2026-04-02T19:22:00Z,99.00,90.90,99.00,74.00,39.33,14.00,2.65,1.00,1.00,1.00,1.00,1.00,1.00,1.00,1.00,1.00,1.00
2026-04-02T19:23:00Z,99.00,90.90,99.00,69.00,40.00,14.00,2.65,1.00,1.00,1.00,1.00,1.00,1.00,1.00,1.00,1.00,1.00
2026-04-02T19:24:00Z,99.00,90.90,99.00,76.16,42.28,11.11,2.65,1.00,1.00,1.00,1.00,1.00,1.00,1.00,1.00,1.00,1.00
2026-04-02T19:25:00Z,99.00,90.90,99.00,76.16,36.42,11.11,2.65,1.00,1.00,1.00,1.00,1.00,1.00,1.00,1.00,1.00,1.00
2026-04-02T19:28:00Z,99.00,90.90,99.00,76.16,42.57,13.21,2.65,1.00,1.00,1.00,1.00,1.00,1.00,1.00,1.00,1.00,1.00
2026-04-02T19:32:00Z,99.00,90.90,99.00,76.16,41.00,12.00,2.65,1.00,1.00,1.00,1.00,1.00,1.00,1.00,1.00,1.00,1.00
2026-04-02T19:33:00Z,99.00,90.90,99.00,76.16,41.00,12.00,2.65,1.00,1.00,1.00,1.00,1.00,1.00,1.00,1.00,1.00,1.00
2026-04-02T19:34:00Z,99.00,90.90,99.00,82.54,41.00,12.00,2.65,1.00,1.00,1.00,1.00,1.00,1.00,1.00,1.00,1.00,1.00
2026-04-02T19:35:00Z,99.00,90.90,99.00,82.00,43.00,12.00,2.65,1.00,1.00,1.00,1.00,1.00,1.00,1.00,1.00,1.00,1.00
2026-04-02T19:36:00Z,99.00,90.90,99.00,82.00,43.00,15.03,2.65,1.00,1.00,1.00,1.00,1.00,1.00,1.00,1.00,1.00,1.00
2026-04-02T19:42:00Z,99.00,90.90,99.00,82.00,43.00,15.03,2.65,1.00,1.00,1.00,1.00,1.00,1.00,1.00,1.00,1.00,1.00
2026-04-02T19:43:00Z,99.00,90.90,99.00,82.00,43.00,15.00,2.65,1.00,1.00,1.00,1.00,1.00,1.00,1.00,1.00,1.00,1.00
2026-04-02T19:44:00Z,99.00,90.90,99.00,82.00,43.00,15.00,2.65,1.00,1.00,1.00,1.00,1.00,1.00,1.00,1.00,1.00,1.00
2026-04-02T19:45:00Z,99.00,90.90,99.00,82.00,40.69,7.35,2.65,1.00,1.00,1.00,1.00,1.00,1.00,1.00,1.00,1.00,1.00
2026-04-02T19:46:00Z,99.00,90.90,99.00,85.00,42.00,7.35,2.65,1.00,1.00,1.00,1.00,1.00,1.00,1.00,1.00,1.00,1.00
2026-04-02T19:47:00Z,99.00,90.90,99.00,87.00,43.00,7.35,2.65,1.00,1.00,1.00,1.00,1.00,1.00,1.00,1.00,1.00,1.00
2026-04-02T19:48:00Z,99.00,90.90,99.00,87.00,43.00,7.35,2.65,1.00,1.00,1.00,1.00,1.00,1.00,1.00,1.00,1.00,1.00
2026-04-02T19:50:00Z,99.00,90.90,99.00,87.00,43.00,13.00,2.65,1.00,1.00,1.00,1.00,1.00,1.00,1.00,1.00,1.00,1.00
2026-04-02T19:52:00Z,99.00,90.90,99.00,87.00,43.00,13.00,2.65,1.00,1.00,1.00,1.00,1.00,1.00,1.00,1.00,1.00,1.00
2026-04-02T19:54:00Z,99.00,90.90,99.00,87.00,43.00,15.00,2.65,1.00,1.00,1.00,1.00,1.00,1.00,1.00,1.00,1.00,1.00
2026-04-02T19:57:00Z,99.00,90.90,99.00,87.00,43.00,15.00,2.65,1.00,1.00,1.00,1.00,1.00,1.00,1.00,1.00,1.00,1.00
2026-04-02T19:58:00Z,99.00,90.90,99.00,87.00,44.00,16.00,2.65,1.00,1.00,1.00,1.00,1.00,1.00,1.00,1.00,1.00,1.00
2026-04-02T19:59:00Z,99.00,90.90,99.00,87.00,44.00,16.00,5.68,1.00,1.00,1.00,1.00,1.00,1.00,1.00,1.00,1.00,1.00
2026-04-02T20:00:00Z,99.00,90.90,96.06,87.00,44.00,16.00,5.68,1.00,1.00,1.00,1.00,1.00,1.00,1.00,1.00,1.00,1.00
2026-04-02T20:03:00Z,99.00,90.90,96.06,87.00,44.00,16.00,5.68,1.00,1.00,1.00,1.00,1.00,1.00,1.00,1.00,1.00,1.00
2026-04-02T20:04:00Z,99.00,90.90,96.06,87.00,44.00,16.00,5.68,1.00,1.00,1.00,1.00,1.00,1.00,1.00,1.00,1.00,1.00
2026-04-02T20:06:00Z,99.00,90.90,96.06,87.00,44.00,17.00,5.68,1.00,1.00,1.00,1.00,1.00,1.00,1.00,1.00,1.00,1.00
2026-04-02T20:08:00Z,99.00,90.90,96.06,87.00,44.00,17.00,5.68,1.00,1.00,1.00,1.00,1.00,1.00,1.00,1.00,1.00,1.00
2026-04-02T20:09:00Z,99.00,90.90,96.06,87.00,42.00,17.00,5.68,1.00,1.00,1.00,1.00,1.00,1.00,1.00,1.00,1.00,1.00
2026-04-02T20:10:00Z,99.00,90.90,96.06,87.00,42.00,17.00,5.68,1.00,1.00,1.00,1.00,1.00,1.00,1.00,1.00,1.00,1.00
2026-04-02T20:11:00Z,99.00,90.90,96.06,87.00,42.00,15.00,5.68,1.00,1.00,1.00,1.00,1.00,1.00,1.00,1.00,1.00,1.00
2026-04-02T20:12:00Z,99.00,90.90,96.06,87.00,42.69,16.09,5.68,1.00,1.00,1.00,1.00,1.00,1.00,1.00,1.00,1.00,1.00
2026-04-02T20:14:00Z,99.00,90.90,96.06,87.00,42.69,16.00,5.68,1.00,1.00,1.00,1.00,1.00,1.00,1.00,1.00,1.00,1.00
2026-04-02T20:17:00Z,99.00,90.90,96.06,87.00,42.69,13.00,5.68,1.00,1.00,1.00,1.00,1.00,1.00,1.00,1.00,1.00,1.00
2026-04-02T20:19:00Z,99.00,90.90,96.06,87.00,43.00,13.00,5.68,1.00,1.00,1.00,1.00,1.00,1.00,1.00,1.00,1.00,1.00
2026-04-02T20:21:00Z,99.00,90.90,96.06,81.50,43.00,13.00,5.68,1.00,1.00,1.00,1.00,1.00,1.00,1.00,1.00,1.00,1.00
2026-04-02T20:22:00Z,99.00,90.90,96.00,81.50,43.00,13.00,5.68,1.00,1.00,1.00,1.00,1.00,1.00,1.00,1.00,1.00,1.00
2026-04-02T20:24:00Z,99.00,90.90,96.00,81.00,43.00,13.00,5.68,1.00,1.00,1.00,1.00,1.00,1.00,1.00,1.00,1.00,1.00
2026-04-02T20:25:00Z,99.00,90.90,96.00,81.00,43.00,13.00,5.68,1.00,1.00,1.00,1.00,1.00,1.00,1.00,1.00,1.00,1.00
2026-04-02T20:26:00Z,99.00,90.90,96.00,81.00,43.00,13.00,5.68,1.00,1.00,1.00,1.00,1.00,1.00,1.00,1.00,1.00,1.00
2026-04-02T20:32:00Z,99.00,90.90,96.00,81.00,43.00,13.00,5.38,1.00,1.00,1.00,1.00,1.00,1.00,1.00,1.00,1.00,1.00
2026-04-02T20:33:00Z,99.00,90.90,96.00,81.00,43.00,17.70,5.38,1.00,1.00,1.00,1.00,1.00,1.00,1.00,1.00,1.00,1.00
2026-04-02T20:34:00Z,99.00,90.90,96.00,81.00,43.00,17.70,5.38,1.00,1.00,1.00,1.00,1.00,1.00,1.00,1.00,1.00,1.00
2026-04-02T20:36:00Z,99.00,90.90,96.00,85.00,43.00,17.70,5.38,1.00,1.00,1.00,1.00,1.00,1.00,1.00,1.00,1.00,1.00
2026-04-02T20:37:00Z,99.00,90.90,96.00,85.00,43.00,17.70,5.38,1.00,1.00,1.00,1.00,1.00,1.00,1.00,1.00,1.00,1.00
2026-04-02T20:39:00Z,99.00,90.90,96.00,84.00,43.00,17.70,5.38,1.00,1.00,1.00,1.00,1.00,1.00,1.00,1.00,1.00,1.00
2026-04-02T20:41:00Z,99.00,90.90,96.00,84.00,43.00,17.70,5.38,1.00,1.00,1.00,1.00,1.00,1.00,1.00,1.00,1.00,1.00
2026-04-02T20:42:00Z,99.00,90.90,96.00,84.00,43.00,18.00,5.38,1.00,1.00,1.00,1.00,1.00,1.00,1.00,1.00,1.00,1.00
2026-04-02T20:44:00Z,99.00,90.90,96.00,84.00,43.00,18.00,5.38,1.00,1.00,1.00,1.00,1.00,1.00,1.00,1.00,1.00,1.00
2026-04-02T20:46:00Z,99.00,90.90,96.00,84.00,43.59,21.50,5.38,1.00,1.00,1.00,1.00,1.00,1.00,1.00,1.00,1.00,1.00
2026-04-02T20:47:00Z,99.00,90.90,96.00,84.00,43.00,21.50,5.38,1.00,1.00,1.00,1.00,1.00,1.00,1.00,1.00,1.00,1.00
2026-04-02T20:52:00Z,99.00,90.90,96.00,84.00,43.00,21.50,5.38,1.00,1.00,1.00,1.00,1.00,1.00,1.00,1.00,1.00,1.00
2026-04-02T20:55:00Z,99.00,90.90,96.00,84.00,43.00,21.50,5.38,1.00,1.00,1.00,1.00,1.00,1.00,1.00,1.00,1.00,1.00
2026-04-02T20:56:00Z,99.00,90.90,96.00,84.00,43.00,20.24,5.38,1.00,1.00,1.00,1.00,1.00,1.00,1.00,1.00,1.00,1.00
2026-04-02T20:57:00Z,99.00,90.90,96.00,84.00,43.00,20.24,6.42,1.00,1.00,1.00,1.00,1.00,1.00,1.00,1.00,1.00,1.00
2026-04-02T20:59:00Z,99.00,90.90,96.00,84.00,43.00,20.24,6.42,1.00,1.00,1.00,1.00,1.00,1.00,1.00,1.00,1.00,1.00
2026-04-02T21:00:00Z,99.00,90.90,96.00,84.00,43.58,20.24,6.42,1.00,1.00,1.00,1.00,1.00,1.00,1.00,1.00,1.00,1.00
2026-04-02T21:02:00Z,99.00,90.90,96.00,84.00,45.00,20.24,6.42,1.00,1.00,1.00,1.00,1.00,1.00,1.00,1.00,1.00,1.00
2026-04-02T21:07:00Z,99.00,90.90,96.00,84.00,45.00,16.00,6.42,1.00,1.00,1.00,1.00,1.00,1.00,1.00,1.00,1.00,1.00
2026-04-02T21:08:00Z,99.00,90.90,96.00,84.00,46.00,16.00,6.42,1.00,1.00,1.00,1.00,1.00,1.00,1.00,1.00,1.00,1.00
2026-04-02T21:11:00Z,99.00,90.90,96.00,84.00,46.00,16.00,6.42,1.00,1.00,1.00,1.00,1.00,1.00,1.00,1.00,1.00,1.00
2026-04-02T21:13:00Z,99.00,90.90,96.00,84.00,46.00,19.93,6.42,1.00,1.00,1.00,1.00,1.00,1.00,1.00,1.00,1.00,1.00
2026-04-02T21:14:00Z,99.00,90.90,96.00,84.00,46.00,16.00,6.42,1.00,1.00,1.00,1.00,1.00,1.00,1.00,1.00,1.00,1.00
2026-04-02T21:15:00Z,99.00,90.90,96.00,84.00,46.00,16.00,6.42,1.00,1.00,1.00,1.00,1.00,1.00,1.00,1.00,1.00,1.00
2026-04-02T21:19:00Z,99.00,90.90,96.00,81.00,46.00,16.00,3.00,1.00,1.00,1.00,1.00,1.00,1.00,1.00,1.00,1.00,1.00
2026-04-02T21:23:00Z,99.00,90.90,96.00,81.00,46.00,16.00,3.00,1.00,1.00,1.00,1.00,1.00,1.00,1.00,1.00,1.00,1.00
2026-04-02T21:26:00Z,99.00,90.90,96.00,81.00,46.00,16.00,3.00,1.00,1.00,1.00,1.00,1.00,1.00,1.00,1.00,1.00,1.00
2026-04-02T21:27:00Z,99.00,90.90,96.00,81.00,46.00,16.00,3.00,1.00,1.00,1.00,1.00,1.00,1.00,1.00,1.00,1.00,1.00
2026-04-02T21:29:00Z,99.00,90.90,96.00,81.00,46.00,16.00,3.00,1.00,1.00,1.00,1.00,1.00,1.00,1.00,1.00,1.00,1.00
2026-04-02T21:30:00Z,99.00,90.90,96.00,79.66,46.00,16.00,3.00,1.00,1.00,1.00,1.00,1.00,1.00,1.00,1.00,1.00,1.00
2026-04-02T21:31:00Z,99.00,90.90,96.00,82.00,46.00,14.00,3.00,1.00,1.00,1.00,1.00,1.00,1.00,1.00,1.00,1.00,1.00
2026-04-02T21:36:00Z,99.00,90.90,96.00,82.00,46.00,14.00,3.00,1.00,1.00,1.00,1.00,1.00,1.00,1.00,1.00,1.00,1.00
2026-04-02T21:40:00Z,99.00,90.90,96.00,82.00,46.00,15.00,3.00,1.00,1.00,1.00,1.00,1.00,1.00,1.00,1.00,1.00,1.00
2026-04-02T21:41:00Z,99.00,90.90,96.00,82.20,46.00,15.00,3.00,1.00,1.00,1.00,1.00,1.00,1.00,1.00,1.00,1.00,1.00
2026-04-02T21:46:00Z,99.00,90.90,96.00,82.20,46.00,15.00,3.00,1.00,1.00,1.00,1.00,1.00,1.00,1.00,1.00,1.00,1.00
2026-04-02T21:47:00Z,99.00,90.90,96.00,82.20,46.00,14.00,3.00,1.00,1.00,1.00,1.00,1.00,1.00,1.00,1.00,1.00,1.00
2026-04-02T21:49:00Z,99.00,90.90,96.00,82.20,45.00,14.00,3.00,1.00,1.00,1.00,1.00,1.00,1.00,1.00,1.00,1.00,1.00
2026-04-02T21:50:00Z,99.00,90.90,96.00,80.80,45.00,14.00,3.00,1.00,1.00,1.00,1.00,1.00,1.00,1.00,1.00,1.00,1.00
2026-04-02T21:57:00Z,99.00,90.90,96.00,80.80,42.93,14.00,3.00,1.00,1.00,1.00,1.00,1.00,1.00,1.00,1.00,1.00,1.00
2026-04-02T21:59:00Z,99.00,90.90,96.00,80.80,41.69,14.00,3.00,1.00,1.00,1.00,1.00,1.00,1.00,1.00,1.00,1.00,1.00
2026-04-02T22:00:00Z,99.00,90.90,96.00,82.00,41.69,14.00,3.00,1.00,1.00,1.00,1.00,1.00,1.00,1.00,1.00,1.00,1.00
2026-04-02T22:01:00Z,99.00,90.90,96.00,81.00,41.69,14.00,3.00,1.00,1.00,1.00,1.00,1.00,1.00,1.00,1.00,1.00,1.00
2026-04-02T22:02:00Z,99.00,90.90,96.00,81.00,43.23,15.00,3.00,1.00,1.00,1.00,1.00,1.00,1.00,1.00,1.00,1.00,1.00
2026-04-02T22:03:00Z,99.00,90.90,96.00,81.00,43.00,15.00,3.00,1.00,1.00,1.00,1.00,1.00,1.00,1.00,1.00,1.00,1.00
2026-04-02T22:04:00Z,99.00,90.90,96.00,82.00,43.32,15.00,3.00,1.00,1.00,1.00,1.00,1.00,1.00,1.00,1.00,1.00,1.00
2026-04-02T22:06:00Z,99.00,90.90,96.00,82.00,43.32,15.00,3.00,1.00,1.00,1.00,1.00,1.00,1.00,1.00,1.00,1.00,1.00
2026-04-02T22:10:00Z,99.00,90.90,96.00,82.00,43.32,15.00,3.00,1.00,1.00,1.00,1.00,1.00,1.00,1.00,1.00,1.00,1.00
2026-04-02T22:12:00Z,99.00,90.90,96.00,82.00,40.00,15.00,3.00,1.00,1.00,1.00,1.00,1.00,1.00,1.00,1.00,1.00,1.00
2026-04-02T22:15:00Z,99.00,90.90,96.00,82.00,40.00,15.68,3.00,1.00,1.00,1.00,1.00,1.00,1.00,1.00,1.00,1.00,1.00
2026-04-02T22:16:00Z,99.00,90.90,96.00,82.00,44.00,15.68,3.00,1.00,1.00,1.00,1.00,1.00,1.00,1.00,1.00,1.00,1.00
2026-04-02T22:17:00Z,99.00,90.90,96.00,82.00,44.00,15.68,3.00,1.00,1.00,1.00,1.00,1.00,1.00,1.00,1.00,1.00,1.00
2026-04-02T22:18:00Z,99.00,90.90,96.00,80.00,44.00,16.63,3.00,1.00,1.00,1.00,1.00,1.00,1.00,1.00,1.00,1.00,1.00
2026-04-02T22:20:00Z,99.00,90.90,96.00,81.00,44.00,16.63,3.00,1.00,1.00,1.00,1.00,1.00,1.00,1.00,1.00,1.00,1.00
2026-04-02T22:24:00Z,99.00,90.90,96.00,81.00,43.70,16.63,3.00,1.00,1.00,1.00,1.00,1.00,1.00,1.00,1.00,1.00,1.00
2026-04-02T22:26:00Z,99.00,90.90,96.00,81.00,43.70,16.63,3.00,1.00,1.00,1.00,1.00,1.00,1.00,1.00,1.00,1.00,1.00
2026-04-02T22:29:00Z,99.00,90.90,96.00,81.00,43.70,16.63,3.00,1.00,1.00,1.00,1.00,1.00,1.00,1.00,1.00,1.00,1.00
2026-04-02T22:30:00Z,99.00,90.90,96.00,81.00,43.70,16.63,3.00,1.00,1.00,1.00,1.00,1.00,1.00,1.00,1.00,1.00,1.00
2026-04-02T22:32:00Z,99.00,90.90,96.00,81.00,43.00,16.63,3.00,1.00,1.00,1.00,1.00,1.00,1.00,1.00,1.00,1.00,1.00
2026-04-02T22:34:00Z,99.00,90.90,96.00,81.00,42.00,16.63,3.00,1.00,1.00,1.00,1.00,1.00,1.00,1.00,1.00,1.00,1.00
2026-04-02T22:36:00Z,99.00,90.90,96.00,81.00,42.00,15.90,3.00,1.00,1.00,1.00,1.00,1.00,1.00,1.00,1.00,1.00,1.00
2026-04-02T22:38:00Z,99.00,90.90,96.00,81.00,42.00,15.89,3.00,1.00,1.00,1.00,1.00,1.00,1.00,1.00,1.00,1.00,1.00
2026-04-02T22:39:00Z,99.00,90.90,96.00,81.00,42.00,15.89,3.00,1.00,1.00,1.00,1.00,1.00,1.00,1.00,1.00,1.00,1.00
2026-04-02T22:40:00Z,99.00,90.90,96.00,81.00,40.00,15.89,3.00,1.00,1.00,1.00,1.00,1.00,1.00,1.00,1.00,1.00,1.00
2026-04-02T22:43:00Z,99.00,90.90,96.00,83.25,40.00,15.89,3.00,1.00,1.00,1.00,1.00,1.00,1.00,1.00,1.00,1.00,1.00
2026-04-02T22:44:00Z,99.00,90.90,96.00,83.25,40.00,15.89,3.00,1.00,1.00,1.00,1.00,1.00,1.00,1.00,1.00,1.00,1.00
2026-04-02T22:49:00Z,99.00,90.90,96.00,83.25,40.00,15.97,3.00,1.00,1.00,1.00,1.00,1.00,1.00,1.00,1.00,1.00,1.00
2026-04-02T22:51:00Z,99.00,90.90,96.00,83.25,40.00,15.88,3.00,1.00,1.00,1.00,1.00,1.00,1.00,1.00,1.00,1.00,1.00
2026-04-02T22:53:00Z,99.00,90.90,96.00,83.25,41.00,15.88,3.00,1.00,1.00,1.00,1.00,1.00,1.00,1.00,1.00,1.00,1.00
2026-04-02T22:55:00Z,99.00,90.90,96.00,83.25,43.43,15.00,3.00,1.00,1.00,1.00,1.00,1.00,1.00,1.00,1.00,1.00,1.00
2026-04-02T22:56:00Z,99.00,90.90,96.00,83.25,43.66,15.00,3.00,1.00,1.00,1.00,1.00,1.00,1.00,1.00,1.00,1.00,1.00
2026-04-02T22:58:00Z,99.00,90.90,96.00,83.25,43.66,15.00,3.00,1.00,1.00,1.00,1.00,1.00,1.00,1.00,1.00,1.00,1.00
2026-04-02T23:02:00Z,99.00,90.90,96.00,83.25,43.00,15.00,3.00,1.00,1.00,1.00,1.00,1.00,1.00,1.00,1.00,1.00,1.00
2026-04-02T23:04:00Z,99.00,90.90,96.00,83.25,43.00,14.00,3.00,1.00,1.00,1.00,1.00,1.00,1.00,1.00,1.00,1.00,1.00
2026-04-02T23:06:00Z,99.00,90.90,96.00,83.25,43.00,15.00,3.00,1.00,1.00,1.00,1.00,1.00,1.00,1.00,1.00,1.00,1.00
2026-04-02T23:09:00Z,99.00,90.90,96.00,83.25,43.00,15.00,3.00,1.00,1.00,1.00,1.00,1.00,1.00,1.00,1.00,1.00,1.00
2026-04-02T23:12:00Z,99.00,90.90,96.00,83.25,43.00,15.00,3.00,1.00,1.00,1.00,1.00,1.00,1.00,1.00,1.00,1.00,1.00
2026-04-02T23:14:00Z,99.00,90.90,96.00,83.25,43.00,14.28,3.00,1.00,1.00,1.00,1.00,1.00,1.00,1.00,1.00,1.00,1.00
2026-04-02T23:15:00Z,99.00,90.90,96.00,83.25,43.42,13.98,3.00,1.00,1.00,1.00,1.00,1.00,1.00,1.00,1.00,1.00,1.00
2026-04-02T23:17:00Z,99.00,90.90,96.00,83.25,43.42,13.66,3.00,1.00,1.00,1.00,1.00,1.00,1.00,1.00,1.00,1.00,1.00
2026-04-02T23:18:00Z,99.00,90.90,96.00,83.25,43.42,13.98,3.00,1.00,1.00,1.00,1.00,1.00,1.00,1.00,1.00,1.00,1.00
2026-04-02T23:19:00Z,99.00,90.90,96.00,83.25,43.42,13.99,3.00,1.00,1.00,1.00,1.00,1.00,1.00,1.00,1.00,1.00,1.00
2026-04-02T23:20:00Z,99.00,90.90,96.00,83.25,40.00,13.99,3.00,1.00,1.00,1.00,1.00,1.00,1.00,1.00,1.00,1.00,1.00
2026-04-02T23:21:00Z,99.00,90.90,96.00,83.25,40.00,13.99,3.00,1.00,1.00,1.00,1.00,1.00,1.00,1.00,1.00,1.00,1.00
2026-04-02T23:22:00Z,99.00,90.90,96.00,83.25,40.00,13.00,3.00,1.00,1.00,1.00,1.00,1.00,1.00,1.00,1.00,1.00,1.00
2026-04-02T23:23:00Z,99.00,90.90,96.00,83.25,43.71,13.00,3.00,1.00,1.00,1.00,1.00,1.00,1.00,1.00,1.00,1.00,1.00
2026-04-02T23:24:00Z,99.00,90.90,96.00,83.25,41.03,13.96,3.00,1.00,1.00,1.00,1.00,1.00,1.00,1.00,1.00,1.00,1.00
2026-04-02T23:26:00Z,99.00,90.90,96.00,89.00,41.00,13.96,5.00,1.00,1.00,1.00,1.00,1.00,1.00,1.00,1.00,1.00,1.00
2026-04-02T23:28:00Z,99.00,90.90,96.00,89.00,39.49,13.96,5.00,1.00,1.00,1.00,1.00,1.00,1.00,1.00,1.00,1.00,1.00
2026-04-02T23:29:00Z,99.00,90.90,96.00,80.00,39.49,13.96,5.00,1.00,1.00,1.00,1.00,1.00,1.00,1.00,1.00,1.00,1.00
2026-04-02T23:30:00Z,99.00,90.90,96.00,80.00,39.49,13.99,5.00,1.00,1.00,1.00,1.00,1.00,1.00,1.00,1.00,1.00,1.00
2026-04-02T23:31:00Z,99.00,90.90,96.00,80.00,39.49,12.00,5.00,1.00,1.00,1.00,1.00,1.00,1.00,1.00,1.00,1.00,1.00
2026-04-02T23:34:00Z,99.00,90.90,96.00,85.00,39.49,13.74,5.00,1.00,1.00,1.00,1.00,1.00,1.00,1.00,1.00,1.00,1.00
2026-04-02T23:35:00Z,99.00,90.90,96.00,85.00,39.22,13.74,5.00,1.00,1.00,1.00,1.00,1.00,1.00,1.00,1.00,1.00,1.00
2026-04-02T23:39:00Z,99.00,90.90,96.00,85.00,39.00,13.74,5.00,1.00,1.00,1.00,1.00,1.00,1.00,1.00,1.00,1.00,1.00
2026-04-02T23:40:00Z,99.00,90.90,96.00,85.00,39.00,13.74,5.00,1.00,1.00,1.00,1.00,1.00,1.00,1.00,1.00,1.00,1.00
2026-04-02T23:41:00Z,99.00,90.90,96.00,85.00,39.00,13.74,5.00,1.00,1.00,1.00,1.00,1.00,1.00,1.00,1.00,1.00,1.00
2026-04-02T23:43:00Z,99.00,90.90,96.00,85.00,39.00,13.74,5.00,1.00,1.00,1.00,1.00,1.00,1.00,1.00,1.00,1.00,1.00
2026-04-02T23:45:00Z,99.00,90.90,96.00,85.00,39.70,13.74,5.00,1.00,1.00,1.00,1.00,1.00,1.00,1.00,1.00,1.00,1.00
2026-04-02T23:47:00Z,99.00,90.90,96.00,85.00,39.70,13.74,5.00,1.00,1.00,1.00,1.00,1.00,1.00,1.00,1.00,1.00,1.00
2026-04-02T23:48:00Z,99.00,90.90,96.00,85.00,39.70,13.74,5.00,1.00,1.00,1.00,1.00,1.00,1.00,1.00,1.00,1.00,1.00
2026-04-02T23:50:00Z,99.00,90.90,96.00,85.00,39.70,13.74,5.00,1.00,1.00,1.00,1.00,1.00,1.00,1.00,1.00,1.00,1.00
2026-04-02T23:51:00Z,99.00,90.90,96.00,84.00,39.70,13.74,5.00,1.00,1.00,1.00,1.00,1.00,1.00,1.00,1.00,1.00,1.00
2026-04-02T23:55:00Z,99.00,90.90,96.00,84.00,43.80,13.74,5.00,1.00,1.00,1.00,1.00,1.00,1.00,1.00,1.00,1.00,1.00
2026-04-02T23:57:00Z,99.00,90.90,96.00,84.00,37.13,13.74,3.00,1.00,1.00,1.00,1.00,1.00,1.00,1.00,1.00,1.00,1.00
2026-04-02T23:59:00Z,99.00,90.90,96.00,84.00,37.00,13.74,3.00,1.00,1.00,1.00,1.00,1.00,1.00,1.00,1.00,1.00,1.00
2026-04-03T00:01:00Z,99.00,90.90,96.00,84.00,37.00,10.00,3.00,1.00,1.00,1.00,1.00,1.00,1.00,1.00,1.00,1.00,1.00
2026-04-03T00:02:00Z,99.00,90.90,96.00,84.00,41.63,10.00,3.00,1.00,1.00,1.00,1.00,1.00,1.00,1.00,1.00,1.00,1.00
2026-04-03T00:04:00Z,99.00,90.90,96.00,83.00,41.63,10.00,3.00,1.00,1.00,1.00,1.00,1.00,1.00,1.00,1.00,1.00,1.00
2026-04-03T00:05:00Z,99.00,90.90,96.00,83.00,41.63,10.00,3.00,1.00,1.00,1.00,1.00,1.00,1.00,1.00,1.00,1.00,1.00
2026-04-03T00:06:00Z,99.00,90.90,96.00,83.00,41.63,9.10,3.00,1.00,1.00,1.00,1.00,1.00,1.00,1.00,1.00,1.00,1.00
2026-04-03T00:10:00Z,99.00,90.90,96.00,83.00,36.45,9.10,3.00,1.00,1.00,1.00,1.00,1.00,1.00,1.00,1.00,1.00,1.00
2026-04-03T00:13:00Z,99.00,90.90,96.00,83.00,36.45,13.98,3.00,1.00,1.00,1.00,1.00,1.00,1.00,1.00,1.00,1.00,1.00
2026-04-03T00:15:00Z,99.00,90.90,96.00,83.00,37.20,13.98,3.00,1.00,1.00,1.00,1.00,1.00,1.00,1.00,1.00,1.00,1.00
2026-04-03T00:16:00Z,99.00,90.90,96.00,83.00,37.20,13.98,3.00,1.00,1.00,1.00,1.00,1.00,1.00,1.00,1.00,1.00,1.00
2026-04-03T00:17:00Z,99.00,90.90,96.00,83.00,37.20,11.95,3.00,1.00,1.00,1.00,1.00,1.00,1.00,1.00,1.00,1.00,1.00
2026-04-03T00:19:00Z,99.00,90.90,96.00,84.00,42.19,11.95,3.00,1.00,1.00,1.00,1.00,1.00,1.00,1.00,1.00,1.00,1.00
2026-04-03T00:21:00Z,99.00,90.90,96.00,84.00,42.19,11.95,3.00,1.00,1.00,1.00,1.00,1.00,1.00,1.00,1.00,1.00,1.00
2026-04-03T00:24:00Z,99.00,90.90,96.00,84.00,38.81,11.95,3.00,1.00,1.00,1.00,1.00,1.00,1.00,1.00,1.00,1.00,1.00
2026-04-03T00:30:00Z,99.00,90.90,96.00,84.00,38.81,11.95,5.08,1.00,1.00,1.00,1.00,1.00,1.00,1.00,1.00,1.00,1.00
2026-04-03T00:33:00Z,99.00,90.90,96.00,89.00,38.81,11.95,5.08,1.00,1.00,1.00,1.00,1.00,1.00,1.00,1.00,1.00,1.00
2026-04-03T00:37:00Z,99.00,90.90,96.00,89.00,38.81,8.45,5.08,1.00,1.00,1.00,1.00,1.00,1.00,1.00,1.00,1.00,1.00
2026-04-03T00:39:00Z,99.00,90.90,96.00,88.00,38.81,8.00,5.08,1.00,1.00,1.00,1.00,1.00,1.00,1.00,1.00,1.00,1.00
2026-04-03T00:40:00Z,99.00,90.90,96.00,88.00,38.81,8.00,5.08,1.00,1.00,1.00,1.00,1.00,1.00,1.00,1.00,1.00,1.00
2026-04-03T00:48:00Z,99.00,90.90,96.00,88.00,38.81,8.00,5.08,1.00,1.00,1.00,1.00,1.00,1.00,1.00,1.00,1.00,1.00
2026-04-03T00:49:00Z,99.00,90.90,96.00,88.00,38.81,8.00,5.08,1.00,1.00,1.00,1.00,1.00,1.00,1.00,1.00,1.00,1.00
2026-04-03T00:50:00Z,99.00,90.90,96.00,88.00,39.33,8.00,5.08,1.00,1.00,1.00,1.00,1.00,1.00,1.00,1.00,1.00,1.00
2026-04-03T00:51:00Z,99.00,90.90,96.00,88.00,39.33,11.87,5.08,1.00,1.00,1.00,1.00,1.00,1.00,1.00,1.00,1.00,1.00
2026-04-03T00:53:00Z,99.00,90.90,96.00,82.00,39.33,11.87,5.08,1.00,1.00,1.00,1.00,1.00,1.00,1.00,1.00,1.00,1.00
2026-04-03T00:55:00Z,99.00,90.90,96.00,82.00,39.00,11.87,5.08,1.00,1.00,1.00,1.00,1.00,1.00,1.00,1.00,1.00,1.00
2026-04-03T00:58:00Z,99.00,90.90,96.00,82.00,39.00,11.87,5.08,1.00,1.00,1.00,1.00,1.00,1.00,1.00,1.00,1.00,1.00
2026-04-03T01:00:00Z,99.00,90.90,96.00,82.00,38.00,11.87,5.08,1.00,1.00,1.00,1.00,1.00,1.00,1.00,1.00,1.00,1.00
2026-04-03T01:02:00Z,99.00,90.90,96.00,82.00,38.00,11.87,5.08,1.00,1.00,1.00,1.00,1.00,1.00,1.00,1.00,1.00,1.00
2026-04-03T01:03:00Z,99.00,90.90,96.00,70.66,38.00,11.87,5.08,1.00,1.00,1.00,1.00,1.00,1.00,1.00,1.00,1.00,1.00
2026-04-03T01:06:00Z,99.00,90.90,96.00,70.66,34.56,11.87,5.08,1.00,1.00,1.00,1.00,1.00,1.00,1.00,1.00,1.00,1.00
2026-04-03T01:15:00Z,99.00,90.90,96.00,70.66,38.69,11.87,5.08,1.00,1.00,1.00,1.00,1.00,1.00,1.00,1.00,1.00,1.00
2026-04-03T01:18:00Z,99.00,90.90,96.00,70.66,38.83,8.94,5.08,1.00,1.00,1.00,1.00,1.00,1.00,1.00,1.00,1.00,1.00
2026-04-03T01:19:00Z,99.00,90.90,96.00,70.66,38.00,8.94,5.08,1.00,1.00,1.00,1.00,1.00,1.00,1.00,1.00,1.00,1.00
2026-04-03T01:21:00Z,99.00,90.90,96.00,77.00,38.00,8.94,5.08,1.00,1.00,1.00,1.00,1.00,1.00,1.00,1.00,1.00,1.00
2026-04-03T01:22:00Z,99.00,90.90,96.00,77.00,39.80,8.94,5.08,1.00,1.00,1.00,1.00,1.00,1.00,1.00,1.00,1.00,1.00
2026-04-03T01:24:00Z,99.00,90.90,96.00,77.00,40.93,8.94,5.08,1.00,1.00,1.00,1.00,1.00,1.00,1.00,1.00,1.00,1.00
2026-04-03T01:25:00Z,99.00,90.90,96.00,77.00,40.93,9.74,5.08,1.00,1.00,1.00,1.00,1.00,1.00,1.00,1.00,1.00,1.00
2026-04-03T01:28:00Z,99.00,90.90,96.00,77.00,33.00,9.74,5.08,1.00,1.00,1.00,1.00,1.00,1.00,1.00,1.00,1.00,1.00
2026-04-03T01:29:00Z,99.00,90.90,96.00,77.00,32.33,9.74,5.08,1.00,1.00,1.00,1.00,1.00,1.00,1.00,1.00,1.00,1.00
2026-04-03T01:30:00Z,99.00,90.90,96.00,77.00,32.33,9.74,5.08,1.00,1.00,1.00,1.00,1.00,1.00,1.00,1.00,1.00,1.00
2026-04-03T01:32:00Z,99.00,90.90,96.00,77.00,28.00,9.74,5.08,1.00,1.00,1.00,1.00,1.00,1.00,1.00,1.00,1.00,1.00
2026-04-03T01:33:00Z,99.00,90.90,96.00,75.00,28.00,9.74,5.08,1.00,1.00,1.00,1.00,1.00,1.00,1.00,1.00,1.00,1.00
2026-04-03T01:35:00Z,99.00,90.90,96.00,75.00,28.00,8.92,3.14,1.00,1.00,1.00,1.00,1.00,1.00,1.00,1.00,1.00,1.00
2026-04-03T01:40:00Z,99.00,90.90,96.00,75.00,28.00,8.92,3.00,1.00,1.00,1.00,1.00,1.00,1.00,1.00,1.00,1.00,1.00
2026-04-03T01:41:00Z,99.00,90.90,96.00,75.00,37.90,8.92,3.00,1.00,1.00,1.00,1.00,1.00,1.00,1.00,1.00,1.00,1.00
2026-04-03T01:42:00Z,99.00,90.90,96.00,75.00,33.25,8.92,3.00,1.00,1.00,1.00,1.00,1.00,1.00,1.00,1.00,1.00,1.00
2026-04-03T01:44:00Z,99.00,90.90,96.00,75.00,33.25,8.92,3.00,1.00,1.00,1.00,1.00,1.00,1.00,1.00,1.00,1.00,1.00
2026-04-03T01:46:00Z,99.00,90.90,96.00,75.00,33.25,8.92,3.00,1.00,1.00,1.00,1.00,1.00,1.00,1.00,1.00,1.00,1.00
2026-04-03T01:47:00Z,99.00,90.90,96.00,75.00,33.25,8.92,3.00,1.00,1.00,1.00,1.00,1.00,1.00,1.00,1.00,1.00,1.00
2026-04-03T01:52:00Z,99.00,90.90,96.00,75.00,36.00,8.92,3.00,1.00,1.00,1.00,1.00,1.00,1.00,1.00,1.00,1.00,1.00
2026-04-03T01:53:00Z,99.00,90.90,96.00,75.00,37.84,8.92,3.00,1.00,1.00,1.00,1.00,1.00,1.00,1.00,1.00,1.00,1.00
2026-04-03T01:54:00Z,99.00,90.90,96.00,75.00,37.99,8.92,3.00,1.00,1.00,1.00,1.00,1.00,1.00,1.00,1.00,1.00,1.00
2026-04-03T01:55:00Z,99.00,90.90,96.00,75.00,37.85,9.84,3.00,1.00,1.00,1.00,1.00,1.00,1.00,1.00,1.00,1.00,1.00
2026-04-03T01:57:00Z,99.00,90.90,96.00,75.00,37.85,9.44,3.00,1.00,1.00,1.00,1.00,1.00,1.00,1.00,1.00,1.00,1.00
2026-04-03T02:01:00Z,99.00,90.90,96.00,75.00,37.85,6.00,3.00,1.00,1.00,1.00,1.00,1.00,1.00,1.00,1.00,1.00,1.00
2026-04-03T02:03:00Z,99.00,90.90,96.00,75.00,37.00,9.71,3.00,1.00,1.00,1.00,1.00,1.00,1.00,1.00,1.00,1.00,1.00
2026-04-03T02:04:00Z,99.00,90.90,96.00,75.00,33.17,9.71,3.00,1.00,1.00,1.00,1.00,1.00,1.00,1.00,1.00,1.00,1.00
2026-04-03T02:05:00Z,99.00,90.90,96.00,75.00,32.13,9.71,3.00,1.00,1.00,1.00,1.00,1.00,1.00,1.00,1.00,1.00,1.00
2026-04-03T02:06:00Z,99.00,90.90,96.00,75.00,35.00,9.00,3.00,1.00,1.00,1.00,1.00,1.00,1.00,1.00,1.00,1.00,1.00
2026-04-03T02:07:00Z,99.00,90.90,96.00,75.00,37.97,9.04,3.00,1.00,1.00,1.00,1.00,1.00,1.00,1.00,1.00,1.00,1.00
2026-04-03T02:08:00Z,99.00,90.90,96.00,75.00,37.97,8.68,2.85,1.00,1.00,1.00,1.00,1.00,1.00,1.00,1.00,1.00,1.00
2026-04-03T02:11:00Z,99.00,90.90,96.00,77.00,33.00,8.68,2.85,1.00,1.00,1.00,1.00,1.00,1.00,1.00,1.00,1.00,1.00
2026-04-03T02:12:00Z,99.00,90.90,96.00,77.00,33.00,8.68,2.85,1.00,1.00,1.00,1.00,1.00,1.00,1.00,1.00,1.00,1.00
2026-04-03T02:14:00Z,99.00,90.90,96.00,77.00,33.00,9.00,2.85,1.00,1.00,1.00,1.00,1.00,1.00,1.00,1.00,1.00,1.00
2026-04-03T02:16:00Z,99.00,90.90,96.00,77.00,33.00,9.00,2.85,1.00,1.00,1.00,1.00,1.00,1.00,1.00,1.00,1.00,1.00
2026-04-03T02:19:00Z,99.00,90.90,96.00,77.00,39.62,9.00,2.85,1.00,1.00,1.00,1.00,1.00,1.00,1.00,1.00,1.00,1.00
2026-04-03T02:20:00Z,99.00,90.90,96.00,77.00,36.36,9.00,2.85,1.00,1.00,1.00,1.00,1.00,1.00,1.00,1.00,1.00,1.00
2026-04-03T02:22:00Z,99.00,90.90,96.00,77.00,37.96,9.00,2.85,1.00,1.00,1.00,1.00,1.00,1.00,1.00,1.00,1.00,1.00
2026-04-03T02:23:00Z,99.00,90.90,96.00,77.00,39.00,9.00,2.85,1.00,1.00,1.00,1.00,1.00,1.00,1.00,1.00,1.00,1.00
2026-04-03T02:26:00Z,99.00,90.90,96.00,75.00,39.00,9.00,2.85,1.00,1.00,1.00,1.00,1.00,1.00,1.00,1.00,1.00,1.00
2026-04-03T02:29:00Z,99.00,90.90,96.00,75.00,36.00,9.00,2.85,1.00,1.00,1.00,1.00,1.00,1.00,1.00,1.00,1.00,1.00
2026-04-03T02:31:00Z,99.00,90.90,96.00,75.00,36.00,9.00,2.85,1.00,1.00,1.00,1.00,1.00,1.00,1.00,1.00,1.00,1.00
2026-04-03T02:36:00Z,99.00,90.90,96.00,75.00,36.00,9.00,2.76,1.00,1.00,1.00,1.00,1.00,1.00,1.00,1.00,1.00,1.00
2026-04-03T02:37:00Z,99.00,90.90,96.00,75.00,36.00,9.00,2.76,1.00,1.00,1.00,1.00,1.00,1.00,1.00,1.00,1.00,1.00
2026-04-03T02:39:00Z,99.00,90.90,96.00,75.00,36.00,9.00,2.76,1.00,1.00,1.00,1.00,1.00,1.00,1.00,1.00,1.00,1.00
2026-04-03T02:44:00Z,99.00,90.90,96.00,75.00,37.00,9.00,2.76,1.00,1.00,1.00,1.00,1.00,1.00,1.00,1.00,1.00,1.00
2026-04-03T02:49:00Z,99.00,90.90,96.00,75.00,36.00,8.00,2.76,1.00,1.00,1.00,1.00,1.00,1.00,1.00,1.00,1.00,1.00
2026-04-03T02:50:00Z,99.00,90.90,96.00,75.00,36.00,5.00,2.76,1.00,1.00,1.00,1.00,1.00,1.00,1.00,1.00,1.00,1.00
2026-04-03T02:51:00Z,99.00,90.90,96.00,75.00,38.30,7.20,2.76,1.00,1.00,1.00,1.00,1.00,1.00,1.00,1.00,1.00,1.00
2026-04-03T02:52:00Z,99.00,90.90,96.00,85.67,38.30,7.20,2.76,1.00,1.00,1.00,1.00,1.00,1.00,1.00,1.00,1.00,1.00
2026-04-03T02:58:00Z,99.00,90.90,99.00,85.67,38.30,7.20,2.76,1.00,1.00,1.00,1.00,1.00,1.00,1.00,1.00,1.00,1.00
2026-04-03T03:00:00Z,99.00,90.90,99.00,83.00,38.30,7.20,2.76,1.00,1.00,1.00,1.00,1.00,1.00,1.00,1.00,1.00,1.00
2026-04-03T03:05:00Z,99.00,90.90,99.00,83.00,40.73,7.20,2.76,1.00,1.00,1.00,1.00,1.00,1.00,1.00,1.00,1.00,1.00
2026-04-03T03:06:00Z,99.00,90.90,99.00,83.00,40.73,7.20,2.76,1.00,1.00,1.00,1.00,1.00,1.00,1.00,1.00,1.00,1.00
2026-04-03T03:07:00Z,99.00,90.90,99.00,83.00,41.45,7.20,2.76,1.00,1.00,1.00,1.00,1.00,1.00,1.00,1.00,1.00,1.00
2026-04-03T03:09:00Z,99.00,90.90,99.00,83.00,34.35,7.20,2.76,1.00,1.00,1.00,1.00,1.00,1.00,1.00,1.00,1.00,1.00
2026-04-03T03:12:00Z,99.00,90.90,99.00,83.00,39.00,7.20,2.76,1.00,1.00,1.00,1.00,1.00,1.00,1.00,1.00,1.00,1.00
2026-04-03T03:13:00Z,99.00,90.90,99.00,83.00,39.00,8.00,2.76,1.00,1.00,1.00,1.00,1.00,1.00,1.00,1.00,1.00,1.00
2026-04-03T03:16:00Z,99.00,90.90,99.00,83.00,39.00,8.00,2.76,1.00,1.00,1.00,1.00,1.00,1.00,1.00,1.00,1.00,1.00
2026-04-03T03:19:00Z,99.00,90.90,99.00,83.00,37.14,8.00,2.76,1.00,1.00,1.00,1.00,1.00,1.00,1.00,1.00,1.00,1.00
2026-04-03T03:22:00Z,99.00,90.90,99.00,83.00,37.14,8.00,2.76,1.00,1.00,1.00,1.00,1.00,1.00,1.00,1.00,1.00,1.00
2026-04-03T03:26:00Z,99.00,90.90,99.00,83.00,37.14,8.00,2.76,1.00,1.00,1.00,1.00,1.00,1.00,1.00,1.00,1.00,1.00
2026-04-03T03:29:00Z,99.00,90.90,99.00,83.00,37.14,8.00,2.76,1.00,1.00,1.00,1.00,1.00,1.00,1.00,1.00,1.00,1.00
2026-04-03T03:30:00Z,99.00,90.90,99.00,83.00,37.76,8.00,2.76,1.00,1.00,1.00,1.00,1.00,1.00,1.00,1.00,1.00,1.00
2026-04-03T03:31:00Z,99.00,90.90,99.00,83.00,37.76,6.00,2.76,1.00,1.00,1.00,1.00,1.00,1.00,1.00,1.00,1.00,1.00
2026-04-03T03:36:00Z,99.00,90.90,99.00,83.00,37.76,8.00,2.76,1.00,1.00,1.00,1.00,1.00,1.00,1.00,1.00,1.00,1.00
2026-04-03T03:42:00Z,99.00,90.90,99.00,83.00,37.00,8.00,2.76,1.00,1.00,1.00,1.00,1.00,1.00,1.00,1.00,1.00,1.00
2026-04-03T03:43:00Z,99.00,90.90,99.00,83.00,37.00,6.00,2.76,1.00,1.00,1.00,1.00,1.00,1.00,1.00,1.00,1.00,1.00
2026-04-03T03:44:00Z,99.00,90.90,99.00,83.00,34.00,6.00,2.76,1.00,1.00,1.00,1.00,1.00,1.00,1.00,1.00,1.00,1.00
2026-04-03T03:45:00Z,99.00,90.90,99.00,83.00,34.00,6.00,2.76,1.00,1.00,1.00,1.00,1.00,1.00,1.00,1.00,1.00,1.00
2026-04-03T03:48:00Z,99.00,90.90,99.00,83.00,37.00,6.00,2.76,1.00,1.00,1.00,1.00,1.00,1.00,1.00,1.00,1.00,1.00
2026-04-03T03:51:00Z,99.00,90.90,99.00,83.00,34.16,6.00,2.76,1.00,1.00,1.00,1.00,1.00,1.00,1.00,1.00,1.00,1.00
2026-04-03T03:55:00Z,99.00,90.90,99.00,83.00,38.00,6.00,2.76,1.00,1.00,1.00,1.00,1.00,1.00,1.00,1.00,1.00,1.00
2026-04-03T03:56:00Z,99.00,90.90,97.76,83.00,38.00,6.00,2.76,1.00,1.00,1.00,1.00,1.00,1.00,1.00,1.00,1.00,1.00
2026-04-03T03:57:00Z,99.00,90.90,97.76,83.00,38.00,6.00,1.00,1.00,1.00,1.00,1.00,1.00,1.00,1.00,1.00,1.00,1.00
2026-04-03T03:58:00Z,99.00,90.90,97.76,83.00,38.00,5.37,1.00,1.00,1.00,1.00,1.00,1.00,1.00,1.00,1.00,1.00,1.00
2026-04-03T04:01:00Z,99.00,90.90,97.76,83.00,37.00,5.37,1.00,1.00,1.00,1.00,1.00,1.00,1.00,1.00,1.00,1.00,1.00
2026-04-03T04:03:00Z,99.00,90.90,97.76,83.00,37.00,8.41,1.00,1.00,1.00,1.00,1.00,1.00,1.00,1.00,1.00,1.00,1.00
2026-04-03T04:05:00Z,99.00,90.90,97.76,83.00,37.00,9.90,1.00,1.00,1.00,1.00,1.00,1.00,1.00,1.00,1.00,1.00,1.00
2026-04-03T04:08:00Z,99.00,90.90,97.76,83.00,37.00,9.90,1.00,1.00,1.00,1.00,1.00,1.00,1.00,1.00,1.00,1.00,1.00
2026-04-03T04:11:00Z,99.00,90.90,97.76,83.00,37.00,7.87,1.00,1.00,1.00,1.00,1.00,1.00,1.00,1.00,1.00,1.00,1.00
2026-04-03T04:12:00Z,99.00,90.90,97.76,83.00,37.00,7.87,1.00,1.00,1.00,1.00,1.00,1.00,1.00,1.00,1.00,1.00,1.00
2026-04-03T04:15:00Z,99.00,90.90,97.76,82.00,37.00,7.87,1.00,1.00,1.00,1.00,1.00,1.00,1.00,1.00,1.00,1.00,1.00
2026-04-03T04:19:00Z,99.00,90.90,97.76,82.00,36.20,11.83,1.00,1.00,1.00,1.00,1.00,1.00,1.00,1.00,1.00,1.00,1.00
2026-04-03T04:20:00Z,99.00,90.90,97.76,82.00,36.20,10.62,1.00,1.00,1.00,1.00,1.00,1.00,1.00,1.00,1.00,1.00,1.00
2026-04-03T04:21:00Z,99.00,90.90,97.00,82.00,36.20,10.62,1.00,1.00,1.00,1.00,1.00,1.00,1.00,1.00,1.00,1.00,1.00
2026-04-03T04:22:00Z,99.00,90.90,97.00,82.00,37.00,10.62,1.00,1.00,1.00,1.00,1.00,1.00,1.00,1.00,1.00,1.00,1.00
2026-04-03T04:25:00Z,99.00,90.90,97.00,82.00,37.00,10.62,2.00,1.00,1.00,1.00,1.00,1.00,1.00,1.00,1.00,1.00,1.00
2026-04-03T04:28:00Z,99.00,90.90,97.00,82.00,39.00,10.62,2.00,1.00,1.00,1.00,1.00,1.00,1.00,1.00,1.00,1.00,1.00
2026-04-03T04:33:00Z,99.00,90.90,97.00,82.00,39.00,9.00,2.00,1.00,1.00,1.00,1.00,1.00,1.00,1.00,1.00,1.00,1.00
2026-04-03T04:38:00Z,99.00,90.90,97.00,82.00,37.00,9.00,2.00,1.00,1.00,1.00,1.00,1.00,1.00,1.00,1.00,1.00,1.00
2026-04-03T04:40:00Z,99.00,90.90,97.00,82.00,39.00,9.00,2.00,1.00,1.00,1.00,1.00,1.00,1.00,1.00,1.00,1.00,1.00
2026-04-03T04:43:00Z,99.00,90.90,97.00,82.00,40.98,9.00,2.00,1.00,1.00,1.00,1.00,1.00,1.00,1.00,1.00,1.00,1.00
2026-04-03T04:49:00Z,99.00,90.90,97.00,82.00,40.98,9.00,2.00,1.00,1.00,1.00,1.00,1.00,1.00,1.00,1.00,1.00,1.00
2026-04-03T04:51:00Z,99.00,90.90,97.00,82.00,40.98,10.00,2.00,1.00,1.00,1.00,1.00,1.00,1.00,1.00,1.00,1.00,1.00
2026-04-03T04:53:00Z,99.00,90.90,97.00,82.00,37.00,10.00,2.00,1.00,1.00,1.00,1.00,1.00,1.00,1.00,1.00,1.00,1.00
2026-04-03T04:54:00Z,99.00,90.90,97.00,82.00,37.00,10.00,2.00,1.00,1.00,1.00,1.00,1.00,1.00,1.00,1.00,1.00,1.00
2026-04-03T04:59:00Z,99.00,90.90,97.00,82.00,37.00,10.00,2.00,1.00,1.00,1.00,1.00,1.00,1.00,1.00,1.00,1.00,1.00
2026-04-03T05:03:00Z,99.00,90.90,97.00,82.00,38.00,10.00,2.00,1.00,1.00,1.00,1.00,1.00,1.00,1.00,1.00,1.00,1.00
2026-04-03T05:05:00Z,99.00,90.90,97.00,82.00,38.00,10.00,2.00,1.00,1.00,1.00,1.00,1.00,1.00,1.00,1.00,1.00,1.00
2026-04-03T05:06:00Z,99.00,90.90,97.00,86.00,38.00,10.00,2.00,1.00,1.00,1.00,1.00,1.00,1.00,1.00,1.00,1.00,1.00
2026-04-03T05:07:00Z,99.00,90.90,97.00,86.00,39.00,11.00,2.00,1.00,1.00,1.00,1.00,1.00,1.00,1.00,1.00,1.00,1.00
2026-04-03T05:08:00Z,99.00,90.90,97.00,84.17,39.00,11.00,2.00,1.00,1.00,1.00,1.00,1.00,1.00,1.00,1.00,1.00,1.00
2026-04-03T05:14:00Z,99.00,90.90,97.00,84.17,39.00,11.00,2.00,1.00,1.00,1.00,1.00,1.00,1.00,1.00,1.00,1.00,1.00
2026-04-03T05:17:00Z,99.00,90.90,97.00,84.17,39.00,11.00,3.00,1.00,1.00,1.00,1.00,1.00,1.00,1.00,1.00,1.00,1.00
2026-04-03T05:21:00Z,99.00,90.90,97.00,84.17,42.00,11.00,3.00,1.00,1.00,1.00,1.00,1.00,1.00,1.00,1.00,1.00,1.00
2026-04-03T05:26:00Z,99.00,90.90,97.00,84.17,42.00,10.00,3.00,1.00,1.00,1.00,1.00,1.00,1.00,1.00,1.00,1.00,1.00
2026-04-03T05:27:00Z,99.00,90.90,97.00,84.17,42.00,10.00,3.00,1.00,1.00,1.00,1.00,1.00,1.00,1.00,1.00,1.00,1.00
2026-04-03T05:35:00Z,99.00,90.90,97.00,84.17,42.00,10.00,3.00,1.00,1.00,1.00,1.00,1.00,1.00,1.00,1.00,1.00,1.00
2026-04-03T05:36:00Z,99.00,90.90,97.00,84.17,42.00,9.00,3.00,1.00,1.00,1.00,1.00,1.00,1.00,1.00,1.00,1.00,1.00
2026-04-03T05:39:00Z,99.00,90.90,97.00,84.17,42.00,9.00,3.00,1.00,1.00,1.00,1.00,1.00,1.00,1.00,1.00,1.00,1.00
2026-04-03T05:46:00Z,99.00,90.90,97.00,84.17,42.00,9.00,3.00,1.00,1.00,1.00,1.00,1.00,1.00,1.00,1.00,1.00,1.00
2026-04-03T05:50:00Z,99.00,90.90,97.00,84.17,42.23,9.00,3.00,1.00,1.00,1.00,1.00,1.00,1.00,1.00,1.00,1.00,1.00
2026-04-03T05:52:00Z,99.00,90.90,97.00,84.17,42.00,9.00,3.00,1.00,1.00,1.00,1.00,1.00,1.00,1.00,1.00,1.00,1.00
2026-04-03T06:01:00Z,99.00,90.90,97.00,84.17,43.00,9.00,3.00,1.00,1.00,1.00,1.00,1.00,1.00,1.00,1.00,1.00,1.00
2026-04-03T06:03:00Z,99.00,90.90,97.00,84.17,41.00,9.00,3.00,1.00,1.00,1.00,1.00,1.00,1.00,1.00,1.00,1.00,1.00
2026-04-03T06:08:00Z,99.00,90.90,97.00,84.17,41.00,10.56,3.00,1.00,1.00,1.00,1.00,1.00,1.00,1.00,1.00,1.00,1.00
2026-04-03T06:11:00Z,99.00,90.90,97.00,85.00,41.00,10.56,3.00,1.00,1.00,1.00,1.00,1.00,1.00,1.00,1.00,1.00,1.00
2026-04-03T06:15:00Z,99.00,90.90,97.00,85.00,43.00,10.56,3.00,1.00,1.00,1.00,1.00,1.00,1.00,1.00,1.00,1.00,1.00
2026-04-03T06:17:00Z,99.00,90.90,97.00,85.00,43.00,10.00,3.00,1.00,1.00,1.00,1.00,1.00,1.00,1.00,1.00,1.00,1.00
2026-04-03T06:18:00Z,99.00,90.90,97.00,85.00,43.00,10.00,3.00,1.00,1.00,1.00,1.00,1.00,1.00,1.00,1.00,1.00,1.00
2026-04-03T06:23:00Z,99.00,90.90,97.00,85.00,43.00,10.00,3.00,1.00,1.00,1.00,1.00,1.00,1.00,1.00,1.00,1.00,1.00
2026-04-03T06:33:00Z,99.00,90.90,97.00,80.00,43.00,10.00,3.00,1.00,1.00,1.00,1.00,1.00,1.00,1.00,1.00,1.00,1.00
2026-04-03T06:35:00Z,99.00,90.90,97.00,80.00,43.00,9.00,3.00,1.00,1.00,1.00,1.00,1.00,1.00,1.00,1.00,1.00,1.00
2026-04-03T06:40:00Z,99.00,90.90,97.00,80.00,42.00,9.00,3.00,1.00,1.00,1.00,1.00,1.00,1.00,1.00,1.00,1.00,1.00
2026-04-03T06:41:00Z,99.00,90.90,97.00,80.00,42.00,9.00,3.00,1.00,1.00,1.00,1.00,1.00,1.00,1.00,1.00,1.00,1.00
2026-04-03T06:42:00Z,99.00,90.90,97.00,80.00,42.00,9.00,3.00,1.00,1.00,1.00,1.00,1.00,1.00,1.00,1.00,1.00,1.00
2026-04-03T06:49:00Z,99.00,90.90,97.00,80.00,42.00,9.00,3.00,1.00,1.00,1.00,1.00,1.00,1.00,1.00,1.00,1.00,1.00
2026-04-03T07:09:00Z,99.00,90.90,97.00,80.00,42.00,9.00,3.00,1.00,1.00,1.00,1.00,1.00,1.00,1.00,1.00,1.00,1.00
2026-04-03T07:13:00Z,99.00,90.90,97.00,80.00,42.00,9.00,3.00,1.00,1.00,1.00,1.00,1.00,1.00,1.00,1.00,1.00,1.00
2026-04-03T07:15:00Z,99.00,90.90,97.00,80.00,42.00,9.00,3.00,1.00,1.00,1.00,1.00,1.00,1.00,1.00,1.00,1.00,1.00
2026-04-03T07:18:00Z,99.00,90.90,97.00,80.00,42.00,9.00,3.00,1.00,1.00,1.00,1.00,1.00,1.00,1.00,1.00,1.00,1.00
2026-04-03T07:29:00Z,99.00,90.90,97.00,80.00,42.00,9.00,3.00,1.00,1.00,1.00,1.00,1.00,1.00,1.00,1.00,1.00,1.00
2026-04-03T07:30:00Z,99.00,90.90,97.00,80.00,42.19,9.00,3.00,1.00,1.00,1.00,1.00,1.00,1.00,1.00,1.00,1.00,1.00
2026-04-03T07:38:00Z,99.00,90.90,97.00,80.00,42.19,9.00,3.00,1.00,1.00,1.00,1.00,1.00,1.00,1.00,1.00,1.00,1.00
2026-04-03T07:47:00Z,99.00,90.90,97.00,80.00,42.19,9.00,3.00,1.00,1.00,1.00,1.00,1.00,1.00,1.00,1.00,1.00,1.00
2026-04-03T07:51:00Z,99.00,90.90,97.00,80.00,42.19,10.61,3.00,1.00,1.00,1.00,1.00,1.00,1.00,1.00,1.00,1.00,1.00
2026-04-03T07:53:00Z,99.00,90.90,97.00,80.00,42.19,10.61,3.00,1.00,1.00,1.00,1.00,1.00,1.00,1.00,1.00,1.00,1.00
2026-04-03T08:02:00Z,99.00,90.90,97.00,80.00,43.00,10.61,3.00,1.00,1.00,1.00,1.00,1.00,1.00,1.00,1.00,1.00,1.00
2026-04-03T08:03:00Z,99.00,90.90,97.00,80.00,43.00,10.84,3.00,1.00,1.00,1.00,1.00,1.00,1.00,1.00,1.00,1.00,1.00
2026-04-03T08:07:00Z,99.00,90.90,97.00,80.00,41.00,10.84,3.00,1.00,1.00,1.00,1.00,1.00,1.00,1.00,1.00,1.00,1.00
2026-04-03T08:11:00Z,99.00,90.90,97.00,80.00,43.00,10.84,3.00,1.00,1.00,1.00,1.00,1.00,1.00,1.00,1.00,1.00,1.00
2026-04-03T08:23:00Z,99.00,90.90,97.00,80.00,43.00,10.84,3.00,1.00,1.00,1.00,1.00,1.00,1.00,1.00,1.00,1.00,1.00
2026-04-03T08:34:00Z,99.00,90.90,97.00,80.00,43.00,10.84,3.00,1.00,1.00,1.00,1.00,1.00,1.00,1.00,1.00,1.00,1.00
2026-04-03T08:37:00Z,99.00,90.90,97.00,80.00,43.00,10.84,3.00,1.00,1.00,1.00,1.00,1.00,1.00,1.00,1.00,1.00,1.00
2026-04-03T08:39:00Z,99.00,90.90,97.00,80.00,43.00,10.84,3.00,1.00,1.00,1.00,1.00,1.00,1.00,1.00,1.00,1.00,1.00
2026-04-03T08:44:00Z,99.00,90.90,97.00,84.00,43.00,10.84,3.00,1.00,1.00,1.00,1.00,1.00,1.00,1.00,1.00,1.00,1.00
2026-04-03T09:02:00Z,99.00,90.90,97.00,84.00,43.00,10.84,3.00,1.00,1.00,1.00,1.00,1.00,1.00,1.00,1.00,1.00,1.00
2026-04-03T09:09:00Z,99.00,90.90,97.00,84.00,43.00,10.84,3.00,1.00,1.00,1.00,1.00,1.00,1.00,1.00,1.00,1.00,1.00
2026-04-03T09:11:00Z,99.00,96.00,97.00,84.00,43.00,10.84,3.00,1.00,1.00,1.00,1.00,1.00,1.00,1.00,1.00,1.00,1.00
2026-04-03T09:14:00Z,99.00,96.00,97.00,84.00,43.00,10.00,3.00,1.00,1.00,1.00,1.00,1.00,1.00,1.00,1.00,1.00,1.00
2026-04-03T09:20:00Z,99.00,96.00,97.00,84.00,43.00,10.00,3.00,1.00,1.00,1.00,1.00,1.00,1.00,1.00,1.00,1.00,1.00
2026-04-03T09:28:00Z,99.00,96.00,97.00,84.00,43.00,10.00,3.00,1.00,1.00,1.00,1.00,1.00,1.00,1.00,1.00,1.00,1.00
2026-04-03T09:54:00Z,99.00,96.00,97.00,84.00,43.00,10.00,2.00,1.00,1.00,1.00,1.00,1.00,1.00,1.00,1.00,1.00,1.00
2026-04-03T09:57:00Z,99.00,96.00,97.00,84.00,43.00,10.00,2.00,1.00,1.00,1.00,1.00,1.00,1.00,1.00,1.00,1.00,1.00
2026-04-03T10:22:00Z,99.00,96.00,97.00,84.00,43.00,10.00,2.00,1.00,1.00,1.00,1.00,1.00,1.00,1.00,1.00,1.00,1.00
2026-04-03T10:26:00Z,99.00,96.00,97.00,84.00,43.00,10.00,2.00,1.00,1.00,1.00,1.00,1.00,1.00,1.00,1.00,1.00,1.00
2026-04-03T10:42:00Z,99.00,96.00,97.00,84.00,43.93,10.00,2.00,1.00,1.00,1.00,1.00,1.00,1.00,1.00,1.00,1.00,1.00
2026-04-03T10:56:00Z,99.00,96.00,97.00,84.00,43.93,10.00,2.00,1.00,1.00,1.00,1.00,1.00,1.00,1.00,1.00,1.00,1.00
2026-04-03T11:12:00Z,99.00,96.00,97.00,84.00,43.28,10.00,2.00,1.00,1.00,1.00,1.00,1.00,1.00,1.00,1.00,1.00,1.00
2026-04-03T11:16:00Z,99.00,96.00,97.00,84.00,43.28,7.37,2.00,1.00,1.00,1.00,1.00,1.00,1.00,1.00,1.00,1.00,1.00
2026-04-03T11:21:00Z,99.00,96.00,97.00,84.00,43.28,9.90,2.00,1.00,1.00,1.00,1.00,1.00,1.00,1.00,1.00,1.00,1.00
2026-04-03T11:22:00Z,99.00,96.00,97.00,84.00,43.00,9.90,2.00,1.00,1.00,1.00,1.00,1.00,1.00,1.00,1.00,1.00,1.00
2026-04-03T11:26:00Z,99.00,96.00,97.00,85.00,43.00,9.90,2.00,1.00,1.00,1.00,1.00,1.00,1.00,1.00,1.00,1.00,1.00
2026-04-03T11:30:00Z,99.00,96.00,97.00,85.00,42.14,9.90,2.00,1.00,1.00,1.00,1.00,1.00,1.00,1.00,1.00,1.00,1.00
2026-04-03T11:40:00Z,99.00,96.00,97.00,85.00,43.00,9.90,2.00,1.00,1.00,1.00,1.00,1.00,1.00,1.00,1.00,1.00,1.00
2026-04-03T11:50:00Z,99.00,96.00,97.00,85.00,43.00,9.90,2.00,1.00,1.00,1.00,1.00,1.00,1.00,1.00,1.00,1.00,1.00
2026-04-03T11:53:00Z,99.00,96.00,97.00,86.00,43.00,9.90,2.00,1.00,1.00,1.00,1.00,1.00,1.00,1.00,1.00,1.00,1.00
2026-04-03T11:56:00Z,99.00,96.00,97.00,86.00,43.00,9.90,2.00,1.00,1.00,1.00,1.00,1.00,1.00,1.00,1.00,1.00,1.00
2026-04-03T12:08:00Z,99.00,83.41,97.00,86.00,43.00,9.90,2.00,1.00,1.00,1.00,1.00,1.00,1.00,1.00,1.00,1.00,1.00
2026-04-03T12:12:00Z,99.00,83.41,97.00,89.00,43.00,9.90,2.00,1.00,1.00,1.00,1.00,1.00,1.00,1.00,1.00,1.00,1.00
2026-04-03T12:15:00Z,99.00,83.41,97.00,89.00,43.00,9.90,2.00,1.00,1.00,1.00,1.00,1.00,1.00,1.00,1.00,1.00,1.00
2026-04-03T12:16:00Z,99.00,83.41,97.00,89.00,43.85,9.90,2.00,1.00,1.00,1.00,1.00,1.00,1.00,1.00,1.00,1.00,1.00
2026-04-03T12:18:00Z,99.00,83.41,97.00,89.00,43.22,9.90,2.00,1.00,1.00,1.00,1.00,1.00,1.00,1.00,1.00,1.00,1.00
2026-04-03T12:39:00Z,99.00,83.41,97.00,89.00,37.54,9.90,2.00,1.00,1.00,1.00,1.00,1.00,1.00,1.00,1.00,1.00,1.00
2026-04-03T12:43:00Z,99.00,83.41,97.00,89.00,37.54,9.90,2.00,1.00,1.00,1.00,1.00,1.00,1.00,1.00,1.00,1.00,1.00
2026-04-03T12:57:00Z,99.00,83.41,97.00,89.00,37.54,7.86,2.00,1.00,1.00,1.00,1.00,1.00,1.00,1.00,1.00,1.00,1.00
2026-04-03T13:00:00Z,99.00,83.41,97.00,84.00,37.54,7.86,2.00,1.00,1.00,1.00,1.00,1.00,1.00,1.00,1.00,1.00,1.00
2026-04-03T13:02:00Z,99.00,83.41,97.00,84.00,35.03,7.86,2.00,1.00,1.00,1.00,1.00,1.00,1.00,1.00,1.00,1.00,1.00
2026-04-03T13:04:00Z,99.00,83.41,97.00,84.00,32.00,7.86,2.00,1.00,1.00,1.00,1.00,1.00,1.00,1.00,1.00,1.00,1.00
2026-04-03T13:06:00Z,99.00,83.41,97.00,84.00,32.00,7.86,2.00,1.00,1.00,1.00,1.00,1.00,1.00,1.00,1.00,1.00,1.00
2026-04-03T13:11:00Z,99.00,83.41,97.00,84.00,36.69,7.86,2.00,1.00,1.00,1.00,1.00,1.00,1.00,1.00,1.00,1.00,1.00
2026-04-03T13:18:00Z,99.00,83.41,97.00,82.00,36.69,7.86,2.00,1.00,1.00,1.00,1.00,1.00,1.00,1.00,1.00,1.00,1.00
2026-04-03T13:20:00Z,99.00,83.41,97.00,81.00,36.69,7.86,2.00,1.00,1.00,1.00,1.00,1.00,1.00,1.00,1.00,1.00,1.00
2026-04-03T13:21:00Z,99.00,83.41,97.00,81.00,36.00,7.86,2.00,1.00,1.00,1.00,1.00,1.00,1.00,1.00,1.00,1.00,1.00
2026-04-03T13:23:00Z,99.00,83.41,97.00,81.00,36.00,8.05,2.00,1.00,1.00,1.00,1.00,1.00,1.00,1.00,1.00,1.00,1.00
2026-04-03T13:26:00Z,99.00,83.41,97.00,81.00,31.22,8.05,2.00,1.00,1.00,1.00,1.00,1.00,1.00,1.00,1.00,1.00,1.00
2026-04-03T13:29:00Z,99.00,83.41,97.00,81.00,31.22,7.51,2.00,1.00,1.00,1.00,1.00,1.00,1.00,1.00,1.00,1.00,1.00
2026-04-03T13:35:00Z,99.00,83.41,97.00,81.00,34.29,7.51,2.00,1.00,1.00,1.00,1.00,1.00,1.00,1.00,1.00,1.00,1.00
2026-04-03T13:42:00Z,99.00,83.41,97.00,66.20,34.29,7.51,2.00,1.00,1.00,1.00,1.00,1.00,1.00,1.00,1.00,1.00,1.00
2026-04-03T13:44:00Z,99.00,83.41,97.00,66.20,34.29,6.00,2.00,1.00,1.00,1.00,1.00,1.00,1.00,1.00,1.00,1.00,1.00
2026-04-03T13:49:00Z,99.00,83.41,97.00,66.20,34.29,6.00,2.00,1.00,1.00,1.00,1.00,1.00,1.00,1.00,1.00,1.00,1.00
2026-04-03T13:52:00Z,99.00,99.00,97.00,66.20,32.82,5.00,2.00,1.00,1.00,1.00,1.00,1.00,1.00,1.00,1.00,1.00,1.00
2026-04-03T13:59:00Z,99.00,99.00,97.00,66.20,32.82,5.00,2.00,1.00,1.00,1.00,1.00,1.00,1.00,1.00,1.00,1.00,1.00
2026-04-03T14:00:00Z,99.00,99.00,97.00,66.20,31.11,5.00,2.00,1.00,1.00,1.00,1.00,1.00,1.00,1.00,1.00,1.00,1.00
2026-04-03T14:01:00Z,99.00,99.00,97.00,66.20,31.86,5.00,2.00,1.00,1.00,1.00,1.00,1.00,1.00,1.00,1.00,1.00,1.00
2026-04-03T14:03:00Z,99.00,99.00,97.00,66.20,28.00,5.00,2.00,1.00,1.00,1.00,1.00,1.00,1.00,1.00,1.00,1.00,1.00
2026-04-03T14:04:00Z,99.00,99.00,97.00,66.20,28.00,5.00,2.00,1.00,1.00,1.00,1.00,1.00,1.00,1.00,1.00,1.00,1.00
2026-04-03T14:05:00Z,99.00,99.00,97.00,71.00,26.26,5.00,2.00,1.00,1.00,1.00,1.00,1.00,1.00,1.00,1.00,1.00,1.00
2026-04-03T14:09:00Z,99.00,99.00,97.00,70.07,26.26,5.00,2.00,1.00,1.00,1.00,1.00,1.00,1.00,1.00,1.00,1.00,1.00
2026-04-03T14:10:00Z,99.00,99.00,97.00,70.00,26.26,5.00,2.00,1.00,1.00,1.00,1.00,1.00,1.00,1.00,1.00,1.00,1.00
2026-04-03T14:11:00Z,99.00,99.00,97.00,70.00,27.00,5.00,2.00,1.00,1.00,1.00,1.00,1.00,1.00,1.00,1.00,1.00,1.00
2026-04-03T14:12:00Z,99.00,99.00,97.00,70.00,27.00,3.50,2.00,1.00,1.00,1.00,1.00,1.00,1.00,1.00,1.00,1.00,1.00
2026-04-03T14:13:00Z,99.00,99.00,97.00,70.00,27.00,1.21,1.00,1.00,1.00,1.00,1.00,1.00,1.00,1.00,1.00,1.00,1.00
2026-04-03T14:14:00Z,99.00,99.00,97.00,68.00,27.00,1.21,1.00,1.00,1.00,1.00,1.00,1.00,1.00,1.00,1.00,1.00,1.00
2026-04-03T14:17:00Z,99.00,99.00,97.00,68.00,23.67,1.00,1.00,1.00,1.00,1.00,1.00,1.00,1.00,1.00,1.00,1.00,1.00
2026-04-03T14:18:00Z,99.00,99.00,97.00,55.20,23.67,1.00,1.00,1.00,1.00,1.00,1.00,1.00,1.00,1.00,1.00,1.00,1.00
2026-04-03T14:19:00Z,99.00,99.00,97.00,55.20,23.67,1.00,1.00,1.00,1.00,1.00,1.00,1.00,1.00,1.00,1.00,1.00,1.00
2026-04-03T14:21:00Z,99.00,99.00,97.00,54.84,23.67,1.00,1.00,1.00,1.00,1.00,1.00,1.00,1.00,1.00,1.00,1.00,1.00
2026-04-03T14:23:00Z,99.00,99.00,97.00,54.84,17.68,1.00,1.00,1.00,1.00,1.00,1.00,1.00,1.00,1.00,1.00,1.00,1.00
2026-04-03T14:26:00Z,99.00,99.00,97.00,54.84,17.68,1.00,1.00,1.00,1.00,1.00,1.00,1.00,1.00,1.00,1.00,1.00,1.00
2026-04-03T14:27:00Z,99.00,99.00,97.00,54.84,17.23,1.00,1.00,1.00,1.00,1.00,1.00,1.00,1.00,1.00,1.00,1.00,1.00
2026-04-03T14:28:00Z,99.00,99.00,97.00,57.00,17.23,1.00,1.00,1.00,1.00,1.00,1.00,1.00,1.00,1.00,1.00,1.00,1.00
2026-04-03T14:29:00Z,99.00,99.00,97.00,57.50,17.23,1.00,1.00,1.00,1.00,1.00,1.00,1.00,1.00,1.00,1.00,1.00,1.00
2026-04-03T14:33:00Z,99.00,99.00,97.00,57.50,17.00,1.00,1.00,1.00,1.00,1.00,1.00,1.00,1.00,1.00,1.00,1.00,1.00
2026-04-03T14:34:00Z,99.00,99.00,97.00,57.50,19.44,1.00,1.00,1.00,1.00,1.00,1.00,1.00,1.00,1.00,1.00,1.00,1.00
2026-04-03T14:35:00Z,99.00,99.00,92.00,57.50,19.44,1.00,1.00,1.00,1.00,1.00,1.00,1.00,1.00,1.00,1.00,1.00,1.00
2026-04-03T14:36:00Z,99.00,99.00,91.00,52.03,16.11,1.00,1.00,1.00,1.00,1.00,1.00,1.00,1.00,1.00,1.00,1.00,1.00
2026-04-03T14:37:00Z,99.00,99.00,91.00,52.03,16.00,1.00,1.00,1.00,1.00,1.00,1.00,1.00,1.00,1.00,1.00,1.00,1.00
2026-04-03T14:38:00Z,99.00,99.00,91.00,52.03,16.00,1.00,1.00,1.00,1.00,1.00,1.00,1.00,1.00,1.00,1.00,1.00,1.00
2026-04-03T14:39:00Z,99.00,99.00,91.00,52.03,16.00,1.00,1.00,1.00,1.00,1.00,1.00,1.00,1.00,1.00,1.00,1.00,1.00
2026-04-03T14:41:00Z,99.00,99.00,91.00,52.03,15.00,1.00,1.00,1.00,1.00,1.00,1.00,1.00,1.00,1.00,1.00,1.00,1.00
2026-04-03T14:43:00Z,99.00,99.00,91.00,53.20,15.00,1.00,1.00,1.00,1.00,1.00,1.00,1.00,1.00,1.00,1.00,1.00,1.00
2026-04-03T14:44:00Z,99.00,99.00,91.00,53.20,16.00,1.00,1.00,1.00,1.00,1.00,1.00,1.00,1.00,1.00,1.00,1.00,1.00
2026-04-03T14:45:00Z,99.00,99.00,91.00,54.00,16.40,1.00,1.00,1.00,1.00,1.00,1.00,1.00,1.00,1.00,1.00,1.00,1.00
2026-04-03T14:47:00Z,99.00,99.00,91.00,54.00,16.40,1.00,1.00,1.00,1.00,1.00,1.00,1.00,1.00,1.00,1.00,1.00,1.00
2026-04-03T14:48:00Z,99.00,99.00,91.00,54.00,16.00,1.00,1.00,1.00,1.00,1.00,1.00,1.00,1.00,1.00,1.00,1.00,1.00
2026-04-03T14:49:00Z,99.00,99.00,91.00,54.00,16.00,1.00,1.00,1.00,1.00,1.00,1.00,1.00,1.00,1.00,1.00,1.00,1.00
2026-04-03T14:51:00Z,99.00,99.00,91.00,54.00,16.00,1.00,1.00,1.00,1.00,1.00,1.00,1.00,1.00,1.00,1.00,1.00,1.00
2026-04-03T14:52:00Z,99.00,99.00,91.00,54.95,16.00,1.00,1.00,1.00,1.00,1.00,1.00,1.00,1.00,1.00,1.00,1.00,1.00
2026-04-03T14:54:00Z,99.00,99.00,91.00,54.95,16.00,1.00,1.00,1.00,1.00,1.00,1.00,1.00,1.00,1.00,1.00,1.00,1.00
2026-04-03T14:57:00Z,99.00,99.00,91.00,54.95,15.00,1.00,1.00,1.00,1.00,1.00,1.00,1.00,1.00,1.00,1.00,1.00,1.00
2026-04-03T14:59:00Z,99.00,99.00,91.00,54.95,16.00,1.00,1.00,1.00,1.00,1.00,1.00,1.00,1.00,1.00,1.00,1.00,1.00
2026-04-03T15:00:00Z,99.00,99.00,91.00,54.95,16.00,1.00,1.00,1.00,1.00,1.00,1.00,1.00,1.00,1.00,1.00,1.00,1.00
2026-04-03T15:04:00Z,99.00,99.00,91.00,54.95,15.03,1.00,1.00,1.00,1.00,1.00,1.00,1.00,1.00,1.00,1.00,1.00,1.00
2026-04-03T15:07:00Z,99.00,99.00,92.00,54.95,15.03,1.00,1.00,1.00,1.00,1.00,1.00,1.00,1.00,1.00,1.00,1.00,1.00
2026-04-03T15:08:00Z,99.00,99.00,92.00,54.00,15.03,1.00,1.00,1.00,1.00,1.00,1.00,1.00,1.00,1.00,1.00,1.00,1.00
2026-04-03T15:09:00Z,99.00,99.00,92.00,54.00,16.00,1.00,1.00,1.00,1.00,1.00,1.00,1.00,1.00,1.00,1.00,1.00,1.00
2026-04-03T15:10:00Z,99.00,99.00,92.00,54.00,16.00,1.00,1.00,1.00,1.00,1.00,1.00,1.00,1.00,1.00,1.00,1.00,1.00
2026-04-03T15:11:00Z,99.00,99.00,92.00,54.00,16.00,1.00,1.00,1.00,1.00,1.00,1.00,1.00,1.00,1.00,1.00,1.00,1.00
2026-04-03T15:12:00Z,99.00,99.00,92.00,51.07,16.00,1.00,1.00,1.00,1.00,1.00,1.00,1.00,1.00,1.00,1.00,1.00,1.00
2026-04-03T15:13:00Z,99.00,99.00,92.00,51.07,16.00,1.00,1.00,1.00,1.00,1.00,1.00,1.00,1.00,1.00,1.00,1.00,1.00
2026-04-03T15:14:00Z,99.00,99.00,92.00,50.00,16.00,1.00,1.00,1.00,1.00,1.00,1.00,1.00,1.00,1.00,1.00,1.00,1.00
2026-04-03T15:15:00Z,99.00,99.00,92.00,50.00,16.00,1.00,1.00,1.00,1.00,1.00,1.00,1.00,1.00,1.00,1.00,1.00,1.00
2026-04-03T15:18:00Z,99.00,99.00,92.00,50.00,16.00,1.00,1.00,1.00,1.00,1.00,1.00,1.00,1.00,1.00,1.00,1.00,1.00
2026-04-03T15:20:00Z,99.00,99.00,92.00,50.00,16.00,1.00,1.00,1.00,1.00,1.00,1.00,1.00,1.00,1.00,1.00,1.00,1.00
2026-04-03T15:24:00Z,99.00,99.00,92.00,50.00,16.80,1.00,1.00,1.00,1.00,1.00,1.00,1.00,1.00,1.00,1.00,1.00,1.00
2026-04-03T15:25:00Z,99.00,99.00,92.00,50.00,17.00,1.00,1.00,1.00,1.00,1.00,1.00,1.00,1.00,1.00,1.00,1.00,1.00
2026-04-03T15:26:00Z,99.00,99.00,92.00,50.00,17.46,1.00,1.00,1.00,1.00,1.00,1.00,1.00,1.00,1.00,1.00,1.00,1.00
2026-04-03T15:27:00Z,99.00,99.00,92.00,50.00,17.46,1.00,1.00,1.00,1.00,1.00,1.00,1.00,1.00,1.00,1.00,1.00,1.00
2026-04-03T15:30:00Z,99.00,99.00,92.00,50.00,16.00,1.00,1.00,1.00,1.00,1.00,1.00,1.00,1.00,1.00,1.00,1.00,1.00
2026-04-03T15:32:00Z,99.00,99.00,92.00,50.00,16.00,1.00,1.00,1.00,1.00,1.00,1.00,1.00,1.00,1.00,1.00,1.00,1.00
2026-04-03T15:34:00Z,99.00,99.00,92.00,50.00,16.00,1.00,1.00,1.00,1.00,1.00,1.00,1.00,1.00,1.00,1.00,1.00,1.00
2026-04-03T15:35:00Z,99.00,99.00,92.00,50.00,16.00,1.00,1.00,1.00,1.00,1.00,1.00,1.00,1.00,1.00,1.00,1.00,1.00
2026-04-03T15:36:00Z,99.00,99.00,92.00,50.00,16.00,1.00,1.00,1.00,1.00,1.00,1.00,1.00,1.00,1.00,1.00,1.00,1.00
2026-04-03T15:38:00Z,99.00,99.00,92.00,50.00,16.00,1.00,1.00,1.00,1.00,1.00,1.00,1.00,1.00,1.00,1.00,1.00,1.00
2026-04-03T15:39:00Z,99.00,99.00,92.00,50.00,15.00,1.00,1.00,1.00,1.00,1.00,1.00,1.00,1.00,1.00,1.00,1.00,1.00
2026-04-03T15:40:00Z,99.00,99.00,92.00,50.00,16.58,1.00,1.00,1.00,1.00,1.00,1.00,1.00,1.00,1.00,1.00,1.00,1.00
2026-04-03T15:43:00Z,99.00,99.00,92.00,50.00,16.35,1.00,1.00,1.00,1.00,1.00,1.00,1.00,1.00,1.00,1.00,1.00,1.00
2026-04-03T15:45:00Z,99.00,99.00,92.00,50.00,16.35,1.00,1.00,1.00,1.00,1.00,1.00,1.00,1.00,1.00,1.00,1.00,1.00
2026-04-03T15:46:00Z,99.00,99.00,92.00,50.00,16.35,1.00,1.00,1.00,1.00,1.00,1.00,1.00,1.00,1.00,1.00,1.00,1.00
2026-04-03T15:47:00Z,99.00,99.00,92.00,49.95,16.00,1.00,1.00,1.00,1.00,1.00,1.00,1.00,1.00,1.00,1.00,1.00,1.00
2026-04-03T15:48:00Z,99.00,99.00,92.00,49.95,15.22,1.00,1.00,1.00,1.00,1.00,1.00,1.00,1.00,1.00,1.00,1.00,1.00
2026-04-03T15:49:00Z,99.00,99.00,92.00,49.00,15.22,1.00,1.00,1.00,1.00,1.00,1.00,1.00,1.00,1.00,1.00,1.00,1.00
2026-04-03T15:53:00Z,99.00,99.00,92.00,49.00,15.00,1.00,1.00,1.00,1.00,1.00,1.00,1.00,1.00,1.00,1.00,1.00,1.00
2026-04-03T15:54:00Z,99.00,99.00,92.00,47.30,15.00,1.00,1.00,1.00,1.00,1.00,1.00,1.00,1.00,1.00,1.00,1.00,1.00
2026-04-03T15:55:00Z,99.00,99.00,92.00,46.17,15.00,1.00,1.00,1.00,1.00,1.00,1.00,1.00,1.00,1.00,1.00,1.00,1.00
2026-04-03T16:01:00Z,99.00,99.00,92.00,46.17,15.00,1.00,1.00,1.00,1.00,1.00,1.00,1.00,1.00,1.00,1.00,1.00,1.00
2026-04-03T16:03:00Z,99.00,99.00,92.00,46.00,15.00,1.00,1.00,1.00,1.00,1.00,1.00,1.00,1.00,1.00,1.00,1.00,1.00
2026-04-03T16:05:00Z,99.00,99.00,92.00,46.00,15.00,1.00,1.00,1.00,1.00,1.00,1.00,1.00,1.00,1.00,1.00,1.00,1.00
2026-04-03T16:06:00Z,99.00,99.00,92.00,46.00,15.72,1.00,1.00,1.00,1.00,1.00,1.00,1.00,1.00,1.00,1.00,1.00,1.00
2026-04-03T16:07:00Z,99.00,99.00,92.00,46.00,15.41,1.00,1.00,1.00,1.00,1.00,1.00,1.00,1.00,1.00,1.00,1.00,1.00
2026-04-03T16:08:00Z,99.00,99.00,92.00,46.00,15.82,1.00,1.00,1.00,1.00,1.00,1.00,1.00,1.00,1.00,1.00,1.00,1.00
2026-04-03T16:09:00Z,99.00,99.00,92.00,48.00,16.00,1.00,1.00,1.00,1.00,1.00,1.00,1.00,1.00,1.00,1.00,1.00,1.00
2026-04-03T16:18:00Z,99.00,99.00,92.00,45.60,16.00,1.00,1.00,1.00,1.00,1.00,1.00,1.00,1.00,1.00,1.00,1.00,1.00
2026-04-03T16:20:00Z,99.00,99.00,92.00,47.90,16.00,1.00,1.00,1.00,1.00,1.00,1.00,1.00,1.00,1.00,1.00,1.00,1.00
2026-04-03T16:23:00Z,99.00,99.00,92.00,44.00,16.00,1.00,1.00,1.00,1.00,1.00,1.00,1.00,1.00,1.00,1.00,1.00,1.00
2026-04-03T16:24:00Z,99.00,99.00,92.00,44.00,15.00,1.00,1.00,1.00,1.00,1.00,1.00,1.00,1.00,1.00,1.00,1.00,1.00
2026-04-03T16:28:00Z,99.00,99.00,92.00,44.00,15.00,1.00,1.00,1.00,1.00,1.00,1.00,1.00,1.00,1.00,1.00,1.00,1.00
2026-04-03T16:29:00Z,99.00,99.00,92.00,43.00,15.00,1.00,1.00,1.00,1.00,1.00,1.00,1.00,1.00,1.00,1.00,1.00,1.00
2026-04-03T16:33:00Z,99.00,99.00,92.00,42.06,15.00,1.00,1.00,1.00,1.00,1.00,1.00,1.00,1.00,1.00,1.00,1.00,1.00
2026-04-03T16:35:00Z,99.00,99.00,92.00,47.64,15.00,1.00,1.00,1.00,1.00,1.00,1.00,1.00,1.00,1.00,1.00,1.00,1.00
2026-04-03T16:36:00Z,99.00,99.00,92.00,47.64,13.13,1.00,1.00,1.00,1.00,1.00,1.00,1.00,1.00,1.00,1.00,1.00,1.00
2026-04-03T16:37:00Z,99.00,99.00,92.00,42.04,13.13,1.00,1.00,1.00,1.00,1.00,1.00,1.00,1.00,1.00,1.00,1.00,1.00
2026-04-03T16:40:00Z,99.00,99.00,92.00,46.36,12.00,1.00,1.00,1.00,1.00,1.00,1.00,1.00,1.00,1.00,1.00,1.00,1.00
2026-04-03T16:41:00Z,99.00,99.00,92.00,46.36,12.00,1.00,1.00,1.00,1.00,1.00,1.00,1.00,1.00,1.00,1.00,1.00,1.00
2026-04-03T16:46:00Z,99.00,99.00,92.00,46.36,12.00,1.00,1.00,1.00,1.00,1.00,1.00,1.00,1.00,1.00,1.00,1.00,1.00
2026-04-03T16:47:00Z,99.00,99.00,92.00,43.00,12.00,1.00,1.00,1.00,1.00,1.00,1.00,1.00,1.00,1.00,1.00,1.00,1.00
2026-04-03T16:48:00Z,99.00,99.00,92.00,41.83,12.00,1.00,1.00,1.00,1.00,1.00,1.00,1.00,1.00,1.00,1.00,1.00,1.00
2026-04-03T16:50:00Z,99.00,99.00,92.00,41.83,12.00,1.00,1.00,1.00,1.00,1.00,1.00,1.00,1.00,1.00,1.00,1.00,1.00
2026-04-03T16:53:00Z,99.00,99.00,92.00,41.20,12.00,1.00,1.00,1.00,1.00,1.00,1.00,1.00,1.00,1.00,1.00,1.00,1.00
2026-04-03T16:54:00Z,99.00,99.00,92.00,41.20,11.00,1.00,1.00,1.00,1.00,1.00,1.00,1.00,1.00,1.00,1.00,1.00,1.00
2026-04-03T16:55:00Z,99.00,99.00,92.00,44.00,11.00,1.00,1.00,1.00,1.00,1.00,1.00,1.00,1.00,1.00,1.00,1.00,1.00
2026-04-03T16:57:00Z,99.00,99.00,92.00,44.00,11.00,1.00,1.00,1.00,1.00,1.00,1.00,1.00,1.00,1.00,1.00,1.00,1.00
2026-04-03T16:58:00Z,99.00,99.00,92.00,45.12,11.00,1.00,1.00,1.00,1.00,1.00,1.00,1.00,1.00,1.00,1.00,1.00,1.00
2026-04-03T17:01:00Z,99.00,99.00,92.00,45.88,11.00,1.00,1.00,1.00,1.00,1.00,1.00,1.00,1.00,1.00,1.00,1.00,1.00
2026-04-03T17:02:00Z,99.00,99.00,92.00,42.00,11.00,1.00,1.00,1.00,1.00,1.00,1.00,1.00,1.00,1.00,1.00,1.00,1.00
2026-04-03T17:05:00Z,99.00,99.00,92.00,42.00,11.00,1.00,1.00,1.00,1.00,1.00,1.00,1.00,1.00,1.00,1.00,1.00,1.00
2026-04-03T17:06:00Z,99.00,99.00,92.00,45.87,11.00,1.00,1.00,1.00,1.00,1.00,1.00,1.00,1.00,1.00,1.00,1.00,1.00
2026-04-03T17:07:00Z,99.00,99.00,92.00,45.87,11.00,1.00,1.00,1.00,1.00,1.00,1.00,1.00,1.00,1.00,1.00,1.00,1.00
2026-04-03T17:08:00Z,99.00,99.00,92.00,41.37,11.00,1.00,1.00,1.00,1.00,1.00,1.00,1.00,1.00,1.00,1.00,1.00,1.00
2026-04-03T17:09:00Z,99.00,99.00,92.00,41.37,10.00,1.00,1.00,1.00,1.00,1.00,1.00,1.00,1.00,1.00,1.00,1.00,1.00
2026-04-03T17:10:00Z,99.00,99.00,92.00,44.76,10.00,1.00,1.00,1.00,1.00,1.00,1.00,1.00,1.00,1.00,1.00,1.00,1.00
2026-04-03T17:11:00Z,99.00,99.00,92.00,44.00,10.00,1.00,1.00,1.00,1.00,1.00,1.00,1.00,1.00,1.00,1.00,1.00,1.00
2026-04-03T17:13:00Z,99.00,99.00,92.00,44.00,10.04,1.00,1.00,1.00,1.00,1.00,1.00,1.00,1.00,1.00,1.00,1.00,1.00
2026-04-03T17:14:00Z,99.00,99.00,92.00,44.00,10.04,1.00,1.00,1.00,1.00,1.00,1.00,1.00,1.00,1.00,1.00,1.00,1.00
2026-04-03T17:17:00Z,99.00,99.00,92.00,44.00,10.27,1.00,1.00,1.00,1.00,1.00,1.00,1.00,1.00,1.00,1.00,1.00,1.00
2026-04-03T17:18:00Z,99.00,99.00,92.00,44.00,10.27,1.00,1.00,1.00,1.00,1.00,1.00,1.00,1.00,1.00,1.00,1.00,1.00
2026-04-03T17:20:00Z,99.00,99.00,92.00,44.00,10.27,1.00,1.00,1.00,1.00,1.00,1.00,1.00,1.00,1.00,1.00,1.00,1.00
2026-04-03T17:21:00Z,99.00,99.00,92.00,44.00,10.00,1.00,1.00,1.00,1.00,1.00,1.00,1.00,1.00,1.00,1.00,1.00,1.00
2026-04-03T17:22:00Z,99.00,99.00,92.00,44.00,10.00,1.00,1.00,1.00,1.00,1.00,1.00,1.00,1.00,1.00,1.00,1.00,1.00
2026-04-03T17:23:00Z,99.00,99.00,92.33,44.00,10.00,1.00,1.00,1.00,1.00,1.00,1.00,1.00,1.00,1.00,1.00,1.00,1.00
2026-04-03T17:24:00Z,99.00,99.00,92.33,44.00,10.00,1.00,1.00,1.00,1.00,1.00,1.00,1.00,1.00,1.00,1.00,1.00,1.00
2026-04-03T17:26:00Z,99.00,99.00,92.33,44.00,11.00,1.00,1.00,1.00,1.00,1.00,1.00,1.00,1.00,1.00,1.00,1.00,1.00
2026-04-03T17:27:00Z,99.00,99.00,92.33,45.56,11.00,1.00,1.00,1.00,1.00,1.00,1.00,1.00,1.00,1.00,1.00,1.00,1.00
2026-04-03T17:28:00Z,99.00,99.00,92.33,40.62,11.00,1.00,1.00,1.00,1.00,1.00,1.00,1.00,1.00,1.00,1.00,1.00,1.00
2026-04-03T17:29:00Z,99.00,99.00,92.33,46.55,11.00,1.00,1.00,1.00,1.00,1.00,1.00,1.00,1.00,1.00,1.00,1.00,1.00
2026-04-03T17:32:00Z,99.00,99.00,92.33,46.55,11.00,1.00,1.00,1.00,1.00,1.00,1.00,1.00,1.00,1.00,1.00,1.00,1.00
2026-04-03T17:37:00Z,99.00,99.00,92.33,39.60,11.00,1.00,1.00,1.00,1.00,1.00,1.00,1.00,1.00,1.00,1.00,1.00,1.00
2026-04-03T17:39:00Z,99.00,99.00,92.33,39.60,11.00,1.00,1.00,1.00,1.00,1.00,1.00,1.00,1.00,1.00,1.00,1.00,1.00
2026-04-03T17:40:00Z,99.00,99.00,92.33,38.37,11.00,1.00,1.00,1.00,1.00,1.00,1.00,1.00,1.00,1.00,1.00,1.00,1.00
2026-04-03T17:41:00Z,99.00,99.00,92.33,37.57,11.00,1.00,1.00,1.00,1.00,1.00,1.00,1.00,1.00,1.00,1.00,1.00,1.00
2026-04-03T17:42:00Z,99.00,99.00,92.33,37.00,11.00,1.00,1.00,1.00,1.00,1.00,1.00,1.00,1.00,1.00,1.00,1.00,1.00
2026-04-03T17:43:00Z,99.00,99.00,92.33,36.00,11.00,1.00,1.00,1.00,1.00,1.00,1.00,1.00,1.00,1.00,1.00,1.00,1.00
2026-04-03T17:44:00Z,99.00,99.00,92.33,36.00,11.00,1.00,1.00,1.00,1.00,1.00,1.00,1.00,1.00,1.00,1.00,1.00,1.00
2026-04-03T17:45:00Z,99.00,99.00,92.33,37.00,11.00,1.00,1.00,1.00,1.00,1.00,1.00,1.00,1.00,1.00,1.00,1.00,1.00
2026-04-03T17:46:00Z,99.00,99.00,90.97,37.00,11.00,1.00,1.00,1.00,1.00,1.00,1.00,1.00,1.00,1.00,1.00,1.00,1.00
2026-04-03T17:47:00Z,99.00,99.00,90.00,37.00,11.00,1.00,1.00,1.00,1.00,1.00,1.00,1.00,1.00,1.00,1.00,1.00,1.00
2026-04-03T17:48:00Z,99.00,99.00,91.00,37.00,11.00,1.00,1.00,1.00,1.00,1.00,1.00,1.00,1.00,1.00,1.00,1.00,1.00
2026-04-03T17:49:00Z,99.00,99.00,90.00,37.00,11.00,1.00,1.00,1.00,1.00,1.00,1.00,1.00,1.00,1.00,1.00,1.00,1.00
2026-04-03T17:50:00Z,99.00,99.00,90.00,37.00,11.00,1.00,1.00,1.00,1.00,1.00,1.00,1.00,1.00,1.00,1.00,1.00,1.00
2026-04-03T17:51:00Z,99.00,99.00,88.13,37.00,10.00,1.00,1.00,1.00,1.00,1.00,1.00,1.00,1.00,1.00,1.00,1.00,1.00
2026-04-03T17:56:00Z,99.00,99.00,87.00,37.00,9.00,1.00,1.00,1.00,1.00,1.00,1.00,1.00,1.00,1.00,1.00,1.00,1.00
2026-04-03T17:57:00Z,99.00,99.00,87.00,37.00,9.00,1.00,1.00,1.00,1.00,1.00,1.00,1.00,1.00,1.00,1.00,1.00,1.00
2026-04-03T17:58:00Z,99.00,99.00,87.00,37.00,10.15,1.00,1.00,1.00,1.00,1.00,1.00,1.00,1.00,1.00,1.00,1.00,1.00
2026-04-03T17:59:00Z,99.00,99.00,87.00,34.00,7.30,1.00,1.00,1.00,1.00,1.00,1.00,1.00,1.00,1.00,1.00,1.00,1.00
2026-04-03T18:00:00Z,99.00,99.00,87.00,25.26,7.30,1.00,1.00,1.00,1.00,1.00,1.00,1.00,1.00,1.00,1.00,1.00,1.00
2026-04-03T18:01:00Z,99.00,99.00,87.37,25.26,7.30,1.00,1.00,1.00,1.00,1.00,1.00,1.00,1.00,1.00,1.00,1.00,1.00
2026-04-03T18:02:00Z,99.00,99.00,87.37,34.00,9.00,1.00,1.00,1.00,1.00,1.00,1.00,1.00,1.00,1.00,1.00,1.00,1.00
2026-04-03T18:04:00Z,99.00,99.00,87.37,34.00,8.00,1.00,1.00,1.00,1.00,1.00,1.00,1.00,1.00,1.00,1.00,1.00,1.00
2026-04-03T18:06:00Z,99.00,99.00,87.37,31.33,8.00,1.00,1.00,1.00,1.00,1.00,1.00,1.00,1.00,1.00,1.00,1.00,1.00
2026-04-03T18:07:00Z,99.00,99.00,85.45,31.33,8.00,1.00,1.00,1.00,1.00,1.00,1.00,1.00,1.00,1.00,1.00,1.00,1.00
2026-04-03T18:08:00Z,99.00,99.00,87.77,31.33,8.00,1.00,1.00,1.00,1.00,1.00,1.00,1.00,1.00,1.00,1.00,1.00,1.00
2026-04-03T18:09:00Z,99.00,99.00,87.77,31.33,8.00,1.00,1.00,1.00,1.00,1.00,1.00,1.00,1.00,1.00,1.00,1.00,1.00
2026-04-03T18:10:00Z,99.00,99.00,87.77,27.16,8.00,1.00,1.00,1.00,1.00,1.00,1.00,1.00,1.00,1.00,1.00,1.00,1.00
2026-04-03T18:12:00Z,99.00,99.00,87.77,27.16,6.00,1.00,1.00,1.00,1.00,1.00,1.00,1.00,1.00,1.00,1.00,1.00,1.00
2026-04-03T18:14:00Z,99.00,99.00,87.77,27.16,6.03,1.00,1.00,1.00,1.00,1.00,1.00,1.00,1.00,1.00,1.00,1.00,1.00
2026-04-03T18:19:00Z,99.00,99.00,87.77,24.00,6.03,1.00,1.00,1.00,1.00,1.00,1.00,1.00,1.00,1.00,1.00,1.00,1.00
2026-04-03T18:21:00Z,99.00,99.00,87.77,24.00,6.03,1.00,1.00,1.00,1.00,1.00,1.00,1.00,1.00,1.00,1.00,1.00,1.00
2026-04-03T18:25:00Z,99.00,99.00,87.77,27.85,7.00,1.00,1.00,1.00,1.00,1.00,1.00,1.00,1.00,1.00,1.00,1.00,1.00
2026-04-03T18:28:00Z,99.00,99.00,87.77,30.12,7.00,1.00,1.00,1.00,1.00,1.00,1.00,1.00,1.00,1.00,1.00,1.00,1.00
2026-04-03T18:32:00Z,99.00,99.00,87.77,30.12,7.00,1.00,1.00,1.00,1.00,1.00,1.00,1.00,1.00,1.00,1.00,1.00,1.00
2026-04-03T18:33:00Z,99.00,99.00,87.77,28.00,7.00,1.00,1.00,1.00,1.00,1.00,1.00,1.00,1.00,1.00,1.00,1.00,1.00
2026-04-03T18:34:00Z,99.00,99.00,87.77,29.00,7.00,1.00,1.00,1.00,1.00,1.00,1.00,1.00,1.00,1.00,1.00,1.00,1.00
2026-04-03T18:35:00Z,99.00,99.00,89.00,29.00,8.00,1.00,1.00,1.00,1.00,1.00,1.00,1.00,1.00,1.00,1.00,1.00,1.00
2026-04-03T18:36:00Z,99.00,99.00,89.00,29.00,8.00,1.00,1.00,1.00,1.00,1.00,1.00,1.00,1.00,1.00,1.00,1.00,1.00
2026-04-03T18:37:00Z,99.00,99.00,89.00,31.85,8.00,1.00,1.00,1.00,1.00,1.00,1.00,1.00,1.00,1.00,1.00,1.00,1.00
2026-04-03T18:38:00Z,99.00,99.00,89.00,30.00,8.00,1.00,1.00,1.00,1.00,1.00,1.00,1.00,1.00,1.00,1.00,1.00,1.00
2026-04-03T18:39:00Z,99.00,99.00,89.00,31.96,8.00,1.00,1.00,1.00,1.00,1.00,1.00,1.00,1.00,1.00,1.00,1.00,1.00
2026-04-03T18:42:00Z,99.00,99.00,89.00,31.96,8.00,1.00,1.00,1.00,1.00,1.00,1.00,1.00,1.00,1.00,1.00,1.00,1.00
2026-04-03T18:48:00Z,99.00,99.00,89.00,31.96,8.97,1.00,1.00,1.00,1.00,1.00,1.00,1.00,1.00,1.00,1.00,1.00,1.00
2026-04-03T18:53:00Z,99.00,99.00,89.00,33.52,5.05,1.00,1.00,1.00,1.00,1.00,1.00,1.00,1.00,1.00,1.00,1.00,1.00
2026-04-03T18:54:00Z,99.00,99.00,89.00,33.52,4.00,1.00,1.00,1.00,1.00,1.00,1.00,1.00,1.00,1.00,1.00,1.00,1.00
2026-04-03T18:59:00Z,99.00,99.00,81.00,33.52,4.00,1.00,1.00,1.00,1.00,1.00,1.00,1.00,1.00,1.00,1.00,1.00,1.00
2026-04-03T19:00:00Z,99.00,99.00,81.00,30.08,4.00,1.00,1.00,1.00,1.00,1.00,1.00,1.00,1.00,1.00,1.00,1.00,1.00
2026-04-03T19:03:00Z,99.00,99.00,81.00,32.00,4.00,1.00,1.00,1.00,1.00,1.00,1.00,1.00,1.00,1.00,1.00,1.00,1.00
2026-04-03T19:05:00Z,99.00,99.00,81.00,32.00,4.00,1.00,1.00,1.00,1.00,1.00,1.00,1.00,1.00,1.00,1.00,1.00,1.00
2026-04-03T19:07:00Z,99.00,99.00,81.00,32.00,7.77,1.00,1.00,1.00,1.00,1.00,1.00,1.00,1.00,1.00,1.00,1.00,1.00
2026-04-03T19:09:00Z,99.00,99.00,81.00,35.80,7.77,1.00,1.00,1.00,1.00,1.00,1.00,1.00,1.00,1.00,1.00,1.00,1.00
2026-04-03T19:10:00Z,99.00,99.00,81.00,38.89,7.77,1.00,1.00,1.00,1.00,1.00,1.00,1.00,1.00,1.00,1.00,1.00,1.00
2026-04-03T19:11:00Z,99.00,99.00,81.00,38.89,7.77,1.00,1.00,1.00,1.00,1.00,1.00,1.00,1.00,1.00,1.00,1.00,1.00
2026-04-03T19:12:00Z,99.00,99.00,88.00,34.97,7.77,1.00,1.00,1.00,1.00,1.00,1.00,1.00,1.00,1.00,1.00,1.00,1.00
2026-04-03T19:13:00Z,99.00,99.00,89.00,38.00,7.77,1.00,1.00,1.00,1.00,1.00,1.00,1.00,1.00,1.00,1.00,1.00,1.00
2026-04-03T19:14:00Z,99.00,99.00,89.00,38.00,7.77,1.00,1.00,1.00,1.00,1.00,1.00,1.00,1.00,1.00,1.00,1.00,1.00
2026-04-03T19:15:00Z,99.00,99.00,89.00,45.00,7.77,1.00,1.00,1.00,1.00,1.00,1.00,1.00,1.00,1.00,1.00,1.00,1.00
2026-04-03T19:16:00Z,99.00,99.00,89.00,43.00,7.77,1.00,1.00,1.00,1.00,1.00,1.00,1.00,1.00,1.00,1.00,1.00,1.00
2026-04-03T19:18:00Z,99.00,99.00,87.00,46.13,7.57,1.00,1.00,1.00,1.00,1.00,1.00,1.00,1.00,1.00,1.00,1.00,1.00
2026-04-03T19:19:00Z,99.00,99.00,83.43,46.49,7.57,1.00,1.00,1.00,1.00,1.00,1.00,1.00,1.00,1.00,1.00,1.00,1.00
2026-04-03T19:20:00Z,99.00,99.00,83.43,44.63,7.70,1.00,1.00,1.00,1.00,1.00,1.00,1.00,1.00,1.00,1.00,1.00,1.00
2026-04-03T19:21:00Z,99.00,99.00,83.43,43.00,7.70,1.00,1.00,1.00,1.00,1.00,1.00,1.00,1.00,1.00,1.00,1.00,1.00
2026-04-03T19:24:00Z,99.00,99.00,87.28,43.00,7.70,1.00,1.00,1.00,1.00,1.00,1.00,1.00,1.00,1.00,1.00,1.00,1.00
2026-04-03T19:25:00Z,99.00,99.00,89.60,36.01,7.70,1.00,1.00,1.00,1.00,1.00,1.00,1.00,1.00,1.00,1.00,1.00,1.00
2026-04-03T19:26:00Z,99.00,99.00,89.60,34.00,8.00,1.00,1.00,1.00,1.00,1.00,1.00,1.00,1.00,1.00,1.00,1.00,1.00
2026-04-03T19:27:00Z,99.00,99.00,89.60,42.18,8.00,1.00,1.00,1.00,1.00,1.00,1.00,1.00,1.00,1.00,1.00,1.00,1.00
2026-04-03T19:29:00Z,99.00,99.00,89.60,42.18,8.75,1.00,1.00,1.00,1.00,1.00,1.00,1.00,1.00,1.00,1.00,1.00,1.00
2026-04-03T19:30:00Z,99.00,99.00,89.60,41.00,8.75,1.00,1.00,1.00,1.00,1.00,1.00,1.00,1.00,1.00,1.00,1.00,1.00
2026-04-03T19:31:00Z,99.00,99.00,91.00,42.22,8.75,1.00,1.00,1.00,1.00,1.00,1.00,1.00,1.00,1.00,1.00,1.00,1.00
2026-04-03T19:37:00Z,99.00,99.00,96.98,42.22,8.75,1.00,1.00,1.00,1.00,1.00,1.00,1.00,1.00,1.00,1.00,1.00,1.00
2026-04-03T19:38:00Z,99.00,99.00,96.00,42.22,8.75,1.00,1.00,1.00,1.00,1.00,1.00,1.00,1.00,1.00,1.00,1.00,1.00
2026-04-03T19:39:00Z,99.00,99.00,96.00,47.00,8.75,1.00,1.00,1.00,1.00,1.00,1.00,1.00,1.00,1.00,1.00,1.00,1.00
2026-04-03T19:43:00Z,99.00,99.00,96.00,39.33,8.75,1.00,1.00,1.00,1.00,1.00,1.00,1.00,1.00,1.00,1.00,1.00,1.00
2026-04-03T19:45:00Z,99.00,99.00,96.00,43.00,10.89,1.00,1.00,1.00,1.00,1.00,1.00,1.00,1.00,1.00,1.00,1.00,1.00
2026-04-03T19:46:00Z,99.00,99.00,96.00,43.68,10.89,1.00,1.00,1.00,1.00,1.00,1.00,1.00,1.00,1.00,1.00,1.00,1.00
2026-04-03T19:49:00Z,99.00,99.00,96.00,43.68,10.00,1.00,1.00,1.00,1.00,1.00,1.00,1.00,1.00,1.00,1.00,1.00,1.00
2026-04-03T19:55:00Z,99.00,99.00,96.00,43.68,10.46,1.00,1.00,1.00,1.00,1.00,1.00,1.00,1.00,1.00,1.00,1.00,1.00
2026-04-03T19:56:00Z,99.00,99.00,96.00,44.94,10.46,1.00,1.00,1.00,1.00,1.00,1.00,1.00,1.00,1.00,1.00,1.00,1.00
2026-04-03T19:58:00Z,99.00,99.00,96.00,46.00,10.46,1.00,1.00,1.00,1.00,1.00,1.00,1.00,1.00,1.00,1.00,1.00,1.00
2026-04-03T19:59:00Z,99.00,99.00,96.00,46.07,10.00,1.00,1.00,1.00,1.00,1.00,1.00,1.00,1.00,1.00,1.00,1.00,1.00
2026-04-03T20:00:00Z,99.00,99.00,96.00,46.07,10.00,1.00,1.00,1.00,1.00,1.00,1.00,1.00,1.00,1.00,1.00,1.00,1.00
2026-04-03T20:01:00Z,99.00,99.00,96.00,46.00,10.00,1.00,1.00,1.00,1.00,1.00,1.00,1.00,1.00,1.00,1.00,1.00,1.00
2026-04-03T20:02:00Z,99.00,99.00,96.00,46.00,10.33,1.00,1.00,1.00,1.00,1.00,1.00,1.00,1.00,1.00,1.00,1.00,1.00
2026-04-03T20:04:00Z,99.00,99.00,96.00,46.00,10.33,1.00,1.00,1.00,1.00,1.00,1.00,1.00,1.00,1.00,1.00,1.00,1.00
2026-04-03T20:06:00Z,99.00,99.00,96.00,45.14,10.40,1.00,1.00,1.00,1.00,1.00,1.00,1.00,1.00,1.00,1.00,1.00,1.00
2026-04-03T20:07:00Z,99.00,99.00,96.00,48.68,10.00,1.00,1.00,1.00,1.00,1.00,1.00,1.00,1.00,1.00,1.00,1.00,1.00
2026-04-03T20:11:00Z,99.00,99.00,96.00,48.68,10.00,1.00,1.00,1.00,1.00,1.00,1.00,1.00,1.00,1.00,1.00,1.00,1.00
2026-04-03T20:12:00Z,99.00,99.00,96.00,45.07,10.00,1.00,1.00,1.00,1.00,1.00,1.00,1.00,1.00,1.00,1.00,1.00,1.00
2026-04-03T20:13:00Z,99.00,99.00,96.00,45.07,10.00,1.00,1.00,1.00,1.00,1.00,1.00,1.00,1.00,1.00,1.00,1.00,1.00
2026-04-03T20:14:00Z,99.00,99.00,96.00,39.00,8.00,1.00,1.00,1.00,1.00,1.00,1.00,1.00,1.00,1.00,1.00,1.00,1.00
2026-04-03T20:15:00Z,99.00,99.00,96.00,38.00,8.68,1.00,1.00,1.00,1.00,1.00,1.00,1.00,1.00,1.00,1.00,1.00,1.00
2026-04-03T20:16:00Z,99.00,99.00,96.00,38.00,7.00,1.00,1.00,1.00,1.00,1.00,1.00,1.00,1.00,1.00,1.00,1.00,1.00
2026-04-03T20:19:00Z,99.00,99.00,96.00,38.66,7.00,1.00,1.00,1.00,1.00,1.00,1.00,1.00,1.00,1.00,1.00,1.00,1.00
2026-04-03T20:20:00Z,99.00,99.00,89.66,39.00,7.00,1.00,1.00,1.00,1.00,1.00,1.00,1.00,1.00,1.00,1.00,1.00,1.00
2026-04-03T20:23:00Z,99.00,99.00,89.66,36.00,7.00,1.00,1.00,1.00,1.00,1.00,1.00,1.00,1.00,1.00,1.00,1.00,1.00
2026-04-03T20:25:00Z,99.00,99.00,89.66,31.94,7.00,1.00,1.00,1.00,1.00,1.00,1.00,1.00,1.00,1.00,1.00,1.00,1.00
2026-04-03T20:26:00Z,99.00,99.00,89.66,31.94,7.00,1.00,1.00,1.00,1.00,1.00,1.00,1.00,1.00,1.00,1.00,1.00,1.00
2026-04-03T20:27:00Z,99.00,99.00,89.66,31.94,8.00,1.00,1.00,1.00,1.00,1.00,1.00,1.00,1.00,1.00,1.00,1.00,1.00
2026-04-03T20:28:00Z,99.00,99.00,89.66,31.94,8.00,1.00,1.00,1.00,1.00,1.00,1.00,1.00,1.00,1.00,1.00,1.00,1.00
2026-04-03T20:30:00Z,99.00,99.00,89.66,33.00,8.88,1.00,1.00,1.00,1.00,1.00,1.00,1.00,1.00,1.00,1.00,1.00,1.00
2026-04-03T20:31:00Z,99.00,99.00,89.66,37.88,8.88,1.00,1.00,1.00,1.00,1.00,1.00,1.00,1.00,1.00,1.00,1.00,1.00
2026-04-03T20:35:00Z,99.00,99.00,89.66,37.88,8.00,1.00,1.00,1.00,1.00,1.00,1.00,1.00,1.00,1.00,1.00,1.00,1.00
2026-04-03T20:36:00Z,99.00,99.00,89.66,37.88,9.12,1.00,1.00,1.00,1.00,1.00,1.00,1.00,1.00,1.00,1.00,1.00,1.00
2026-04-03T20:37:00Z,99.00,99.00,89.66,38.00,9.12,1.00,1.00,1.00,1.00,1.00,1.00,1.00,1.00,1.00,1.00,1.00,1.00
2026-04-03T20:41:00Z,99.00,99.00,89.66,32.17,9.12,1.00,1.00,1.00,1.00,1.00,1.00,1.00,1.00,1.00,1.00,1.00,1.00
2026-04-03T20:42:00Z,99.00,99.00,89.66,38.00,9.12,1.00,1.00,1.00,1.00,1.00,1.00,1.00,1.00,1.00,1.00,1.00,1.00
2026-04-03T20:43:00Z,99.00,99.00,89.66,38.50,9.12,1.00,1.00,1.00,1.00,1.00,1.00,1.00,1.00,1.00,1.00,1.00,1.00
2026-04-03T20:44:00Z,99.00,99.00,89.66,34.00,9.12,1.00,1.00,1.00,1.00,1.00,1.00,1.00,1.00,1.00,1.00,1.00,1.00
2026-04-03T20:45:00Z,99.00,99.00,89.66,34.00,7.30,1.00,1.00,1.00,1.00,1.00,1.00,1.00,1.00,1.00,1.00,1.00,1.00
2026-04-03T20:48:00Z,99.00,99.00,89.66,39.14,7.30,1.00,1.00,1.00,1.00,1.00,1.00,1.00,1.00,1.00,1.00,1.00,1.00
2026-04-03T20:50:00Z,99.00,99.00,89.66,41.00,7.30,1.00,1.00,1.00,1.00,1.00,1.00,1.00,1.00,1.00,1.00,1.00,1.00
2026-04-03T20:51:00Z,99.00,99.00,89.66,41.00,7.30,1.00,1.00,1.00,1.00,1.00,1.00,1.00,1.00,1.00,1.00,1.00,1.00
2026-04-03T20:54:00Z,99.00,99.00,89.66,41.00,6.38,1.00,1.00,1.00,1.00,1.00,1.00,1.00,1.00,1.00,1.00,1.00,1.00
2026-04-03T20:58:00Z,99.00,99.00,89.66,34.84,6.38,1.00,1.00,1.00,1.00,1.00,1.00,1.00,1.00,1.00,1.00,1.00,1.00
2026-04-03T20:59:00Z,99.00,99.00,89.66,34.84,4.17,1.00,1.00,1.00,1.00,1.00,1.00,1.00,1.00,1.00,1.00,1.00,1.00
2026-04-03T21:00:00Z,99.00,99.00,90.00,37.00,4.17,1.00,1.00,1.00,1.00,1.00,1.00,1.00,1.00,1.00,1.00,1.00,1.00
2026-04-03T21:01:00Z,99.00,99.00,90.00,37.00,6.00,1.00,1.00,1.00,1.00,1.00,1.00,1.00,1.00,1.00,1.00,1.00,1.00
2026-04-03T21:02:00Z,99.00,99.00,90.00,37.00,6.00,1.00,1.00,1.00,1.00,1.00,1.00,1.00,1.00,1.00,1.00,1.00,1.00
2026-04-03T21:03:00Z,99.00,99.00,90.00,38.50,4.00,1.00,1.00,1.00,1.00,1.00,1.00,1.00,1.00,1.00,1.00,1.00,1.00
2026-04-03T21:04:00Z,99.00,99.00,90.00,30.00,7.98,1.00,1.00,1.00,1.00,1.00,1.00,1.00,1.00,1.00,1.00,1.00,1.00
2026-04-03T21:05:00Z,99.00,99.00,90.00,30.00,3.70,1.00,1.00,1.00,1.00,1.00,1.00,1.00,1.00,1.00,1.00,1.00,1.00
2026-04-03T21:06:00Z,99.00,99.00,90.00,30.00,8.61,1.00,1.00,1.00,1.00,1.00,1.00,1.00,1.00,1.00,1.00,1.00,1.00
2026-04-03T21:09:00Z,99.00,99.00,90.00,25.93,8.61,1.00,1.00,1.00,1.00,1.00,1.00,1.00,1.00,1.00,1.00,1.00,1.00
2026-04-03T21:10:00Z,99.00,99.00,90.00,25.93,4.49,1.00,1.00,1.00,1.00,1.00,1.00,1.00,1.00,1.00,1.00,1.00,1.00
2026-04-03T21:12:00Z,99.00,99.00,90.00,25.93,6.00,1.00,1.00,1.00,1.00,1.00,1.00,1.00,1.00,1.00,1.00,1.00,1.00
2026-04-03T21:13:00Z,99.00,99.00,90.00,25.93,5.00,1.00,1.00,1.00,1.00,1.00,1.00,1.00,1.00,1.00,1.00,1.00,1.00
2026-04-03T21:14:00Z,99.00,99.00,90.00,25.93,9.00,1.00,1.00,1.00,1.00,1.00,1.00,1.00,1.00,1.00,1.00,1.00,1.00
2026-04-03T21:15:00Z,99.00,99.00,90.00,25.93,9.00,1.00,1.00,1.00,1.00,1.00,1.00,1.00,1.00,1.00,1.00,1.00,1.00
2026-04-03T21:16:00Z,99.00,99.00,90.00,20.56,9.00,1.00,1.00,1.00,1.00,1.00,1.00,1.00,1.00,1.00,1.00,1.00,1.00
2026-04-03T21:17:00Z,99.00,99.00,89.77,20.56,7.49,1.00,1.00,1.00,1.00,1.00,1.00,1.00,1.00,1.00,1.00,1.00,1.00
2026-04-03T21:18:00Z,99.00,99.00,89.77,25.00,9.86,1.00,1.00,1.00,1.00,1.00,1.00,1.00,1.00,1.00,1.00,1.00,1.00
2026-04-03T21:21:00Z,99.00,99.00,89.77,25.00,9.22,1.00,1.00,1.00,1.00,1.00,1.00,1.00,1.00,1.00,1.00,1.00,1.00
2026-04-03T21:23:00Z,99.00,99.00,89.77,25.00,6.59,1.00,1.00,1.00,1.00,1.00,1.00,1.00,1.00,1.00,1.00,1.00,1.00
2026-04-03T21:25:00Z,99.00,99.00,89.77,25.00,7.00,1.00,1.00,1.00,1.00,1.00,1.00,1.00,1.00,1.00,1.00,1.00,1.00
2026-04-03T21:28:00Z,99.00,99.00,89.77,25.00,7.00,1.00,1.00,1.00,1.00,1.00,1.00,1.00,1.00,1.00,1.00,1.00,1.00
2026-04-03T21:31:00Z,99.00,99.00,89.77,23.17,7.00,1.00,1.00,1.00,1.00,1.00,1.00,1.00,1.00,1.00,1.00,1.00,1.00
2026-04-03T21:35:00Z,99.00,99.00,89.77,23.17,5.10,1.00,1.00,1.00,1.00,1.00,1.00,1.00,1.00,1.00,1.00,1.00,1.00
2026-04-03T21:36:00Z,99.00,99.00,90.00,23.17,8.00,1.00,1.00,1.00,1.00,1.00,1.00,1.00,1.00,1.00,1.00,1.00,1.00
2026-04-03T21:37:00Z,99.00,99.00,90.00,24.73,8.00,1.00,1.00,1.00,1.00,1.00,1.00,1.00,1.00,1.00,1.00,1.00,1.00
2026-04-03T21:38:00Z,99.00,99.00,90.00,25.91,8.00,1.00,1.00,1.00,1.00,1.00,1.00,1.00,1.00,1.00,1.00,1.00,1.00
2026-04-03T21:39:00Z,99.00,99.00,90.00,25.91,7.96,1.00,1.00,1.00,1.00,1.00,1.00,1.00,1.00,1.00,1.00,1.00,1.00
2026-04-03T21:41:00Z,99.00,99.00,90.00,22.04,7.96,1.00,1.00,1.00,1.00,1.00,1.00,1.00,1.00,1.00,1.00,1.00,1.00
2026-04-03T21:43:00Z,99.00,99.00,90.00,25.00,7.96,1.00,1.00,1.00,1.00,1.00,1.00,1.00,1.00,1.00,1.00,1.00,1.00
2026-04-03T21:47:00Z,99.00,99.00,90.00,22.91,9.48,1.00,1.00,1.00,1.00,1.00,1.00,1.00,1.00,1.00,1.00,1.00,1.00
2026-04-03T21:53:00Z,99.00,99.00,90.00,22.91,7.66,1.00,1.00,1.00,1.00,1.00,1.00,1.00,1.00,1.00,1.00,1.00,1.00
2026-04-03T21:55:00Z,99.00,99.00,90.00,23.45,7.66,1.00,1.00,1.00,1.00,1.00,1.00,1.00,1.00,1.00,1.00,1.00,1.00
2026-04-03T21:58:00Z,99.00,99.00,90.00,24.73,6.86,1.00,1.00,1.00,1.00,1.00,1.00,1.00,1.00,1.00,1.00,1.00,1.00
2026-04-03T21:59:00Z,99.00,99.00,90.00,24.84,6.86,1.00,1.00,1.00,1.00,1.00,1.00,1.00,1.00,1.00,1.00,1.00,1.00
2026-04-03T22:01:00Z,99.00,99.00,90.00,24.84,9.55,1.00,1.00,1.00,1.00,1.00,1.00,1.00,1.00,1.00,1.00,1.00,1.00
2026-04-03T22:02:00Z,99.00,99.00,90.00,24.84,9.55,1.00,1.00,1.00,1.00,1.00,1.00,1.00,1.00,1.00,1.00,1.00,1.00
2026-04-03T22:04:00Z,99.00,99.00,90.00,24.81,9.55,1.00,1.00,1.00,1.00,1.00,1.00,1.00,1.00,1.00,1.00,1.00,1.00
2026-04-03T22:05:00Z,99.00,99.00,90.00,24.81,8.36,1.00,1.00,1.00,1.00,1.00,1.00,1.00,1.00,1.00,1.00,1.00,1.00
2026-04-03T22:06:00Z,99.00,99.00,90.00,24.92,8.36,1.00,1.00,1.00,1.00,1.00,1.00,1.00,1.00,1.00,1.00,1.00,1.00
2026-04-03T22:09:00Z,99.00,99.00,90.00,24.92,9.36,1.00,1.00,1.00,1.00,1.00,1.00,1.00,1.00,1.00,1.00,1.00,1.00
2026-04-03T22:16:00Z,99.00,99.00,90.00,24.92,9.01,1.00,1.00,1.00,1.00,1.00,1.00,1.00,1.00,1.00,1.00,1.00,1.00
2026-04-03T22:17:00Z,99.00,99.00,90.00,24.92,9.01,1.00,1.00,1.00,1.00,1.00,1.00,1.00,1.00,1.00,1.00,1.00,1.00
2026-04-03T22:18:00Z,99.00,99.00,90.00,24.92,8.40,1.00,1.00,1.00,1.00,1.00,1.00,1.00,1.00,1.00,1.00,1.00,1.00
2026-04-03T22:20:00Z,99.00,99.00,90.00,17.50,8.40,1.00,1.00,1.00,1.00,1.00,1.00,1.00,1.00,1.00,1.00,1.00,1.00
2026-04-03T22:23:00Z,99.00,99.00,90.00,20.60,8.40,1.00,1.00,1.00,1.00,1.00,1.00,1.00,1.00,1.00,1.00,1.00,1.00
2026-04-03T22:25:00Z,99.00,99.00,90.00,20.90,8.40,1.00,1.00,1.00,1.00,1.00,1.00,1.00,1.00,1.00,1.00,1.00,1.00
2026-04-03T22:26:00Z,99.00,99.00,90.00,20.90,9.46,1.00,1.00,1.00,1.00,1.00,1.00,1.00,1.00,1.00,1.00,1.00,1.00
2026-04-03T22:28:00Z,99.00,99.00,90.00,20.00,9.46,1.00,1.00,1.00,1.00,1.00,1.00,1.00,1.00,1.00,1.00,1.00,1.00
2026-04-03T22:31:00Z,99.00,99.00,90.00,20.00,9.46,1.00,1.00,1.00,1.00,1.00,1.00,1.00,1.00,1.00,1.00,1.00,1.00
2026-04-03T22:33:00Z,99.00,99.00,90.00,20.00,8.70,1.00,1.00,1.00,1.00,1.00,1.00,1.00,1.00,1.00,1.00,1.00,1.00
2026-04-03T22:34:00Z,99.00,99.00,88.42,24.55,9.00,1.00,1.00,1.00,1.00,1.00,1.00,1.00,1.00,1.00,1.00,1.00,1.00
2026-04-03T22:36:00Z,99.00,99.00,88.42,24.55,10.00,1.00,1.00,1.00,1.00,1.00,1.00,1.00,1.00,1.00,1.00,1.00,1.00
2026-04-03T22:37:00Z,99.00,99.00,88.42,29.25,10.00,1.00,1.00,1.00,1.00,1.00,1.00,1.00,1.00,1.00,1.00,1.00,1.00
2026-04-03T22:38:00Z,99.00,99.00,88.42,29.25,10.00,1.00,1.00,1.00,1.00,1.00,1.00,1.00,1.00,1.00,1.00,1.00,1.00
2026-04-03T22:39:00Z,99.00,99.00,88.42,29.25,11.00,1.00,1.00,1.00,1.00,1.00,1.00,1.00,1.00,1.00,1.00,1.00,1.00
2026-04-03T22:40:00Z,99.00,99.00,88.42,24.50,11.00,1.00,1.00,1.00,1.00,1.00,1.00,1.00,1.00,1.00,1.00,1.00,1.00
2026-04-03T22:45:00Z,99.00,99.00,88.42,24.50,11.00,1.00,1.00,1.00,1.00,1.00,1.00,1.00,1.00,1.00,1.00,1.00,1.00
2026-04-03T22:46:00Z,99.00,99.00,88.42,22.00,11.00,1.00,1.00,1.00,1.00,1.00,1.00,1.00,1.00,1.00,1.00,1.00,1.00
2026-04-03T22:52:00Z,99.00,99.00,88.42,22.00,10.96,1.00,1.00,1.00,1.00,1.00,1.00,1.00,1.00,1.00,1.00,1.00,1.00
2026-04-03T22:54:00Z,99.00,99.00,88.42,23.00,10.96,1.00,1.00,1.00,1.00,1.00,1.00,1.00,1.00,1.00,1.00,1.00,1.00
2026-04-03T22:55:00Z,99.00,99.00,88.42,32.34,10.96,1.00,1.00,1.00,1.00,1.00,1.00,1.00,1.00,1.00,1.00,1.00,1.00
2026-04-03T22:57:00Z,99.00,99.00,88.42,32.34,10.00,1.00,1.00,1.00,1.00,1.00,1.00,1.00,1.00,1.00,1.00,1.00,1.00
2026-04-03T22:58:00Z,99.00,99.00,89.00,32.34,10.00,1.00,1.00,1.00,1.00,1.00,1.00,1.00,1.00,1.00,1.00,1.00,1.00
2026-04-03T22:59:00Z,99.00,99.00,89.00,32.34,10.00,1.00,1.00,1.00,1.00,1.00,1.00,1.00,1.00,1.00,1.00,1.00,1.00
2026-04-03T23:00:00Z,99.00,99.00,89.00,32.34,9.00,1.00,1.00,1.00,1.00,1.00,1.00,1.00,1.00,1.00,1.00,1.00,1.00
2026-04-03T23:01:00Z,99.00,99.00,89.00,32.34,10.62,1.00,1.00,1.00,1.00,1.00,1.00,1.00,1.00,1.00,1.00,1.00,1.00
2026-04-03T23:02:00Z,99.00,99.00,89.00,32.34,10.00,1.00,1.00,1.00,1.00,1.00,1.00,1.00,1.00,1.00,1.00,1.00,1.00
2026-04-03T23:05:00Z,99.00,99.00,89.00,30.53,10.00,1.00,1.00,1.00,1.00,1.00,1.00,1.00,1.00,1.00,1.00,1.00,1.00
2026-04-03T23:07:00Z,99.00,99.00,89.00,30.53,10.00,1.00,1.00,1.00,1.00,1.00,1.00,1.00,1.00,1.00,1.00,1.00,1.00
2026-04-03T23:12:00Z,99.00,99.00,89.00,32.25,10.00,1.00,1.00,1.00,1.00,1.00,1.00,1.00,1.00,1.00,1.00,1.00,1.00
2026-04-03T23:14:00Z,99.00,99.00,89.00,32.25,10.00,1.00,1.00,1.00,1.00,1.00,1.00,1.00,1.00,1.00,1.00,1.00,1.00
2026-04-03T23:15:00Z,99.00,99.00,89.00,31.00,10.00,1.00,1.00,1.00,1.00,1.00,1.00,1.00,1.00,1.00,1.00,1.00,1.00
2026-04-03T23:16:00Z,99.00,99.00,89.00,31.00,10.00,1.00,1.00,1.00,1.00,1.00,1.00,1.00,1.00,1.00,1.00,1.00,1.00
2026-04-03T23:17:00Z,99.00,99.00,89.00,31.40,10.00,1.00,1.00,1.00,1.00,1.00,1.00,1.00,1.00,1.00,1.00,1.00,1.00
2026-04-03T23:19:00Z,99.00,99.00,89.00,26.09,8.63,1.00,1.00,1.00,1.00,1.00,1.00,1.00,1.00,1.00,1.00,1.00,1.00
2026-04-03T23:22:00Z,99.00,99.00,89.00,31.93,8.63,1.00,1.00,1.00,1.00,1.00,1.00,1.00,1.00,1.00,1.00,1.00,1.00
2026-04-03T23:25:00Z,99.00,99.00,89.00,31.93,8.63,1.00,1.00,1.00,1.00,1.00,1.00,1.00,1.00,1.00,1.00,1.00,1.00
2026-04-03T23:26:00Z,99.00,99.00,89.00,31.93,7.00,1.00,1.00,1.00,1.00,1.00,1.00,1.00,1.00,1.00,1.00,1.00,1.00
2026-04-03T23:28:00Z,99.00,99.00,89.00,31.93,7.00,1.00,1.00,1.00,1.00,1.00,1.00,1.00,1.00,1.00,1.00,1.00,1.00
2026-04-03T23:29:00Z,99.00,99.00,89.00,31.93,7.00,1.00,1.00,1.00,1.00,1.00,1.00,1.00,1.00,1.00,1.00,1.00,1.00
2026-04-03T23:32:00Z,99.00,99.00,89.00,33.04,7.00,1.00,1.00,1.00,1.00,1.00,1.00,1.00,1.00,1.00,1.00,1.00,1.00
2026-04-03T23:33:00Z,99.00,99.00,89.00,34.63,7.00,1.00,1.00,1.00,1.00,1.00,1.00,1.00,1.00,1.00,1.00,1.00,1.00
2026-04-03T23:38:00Z,99.00,99.00,89.00,34.63,7.00,1.00,1.00,1.00,1.00,1.00,1.00,1.00,1.00,1.00,1.00,1.00,1.00
2026-04-03T23:40:00Z,99.00,99.00,89.00,34.63,7.00,1.00,1.00,1.00,1.00,1.00,1.00,1.00,1.00,1.00,1.00,1.00,1.00
2026-04-03T23:41:00Z,99.00,99.00,89.00,27.40,7.00,1.00,1.00,1.00,1.00,1.00,1.00,1.00,1.00,1.00,1.00,1.00,1.00
2026-04-03T23:42:00Z,99.00,99.00,89.00,27.40,7.00,1.00,1.00,1.00,1.00,1.00,1.00,1.00,1.00,1.00,1.00,1.00,1.00
2026-04-03T23:44:00Z,99.00,99.00,89.00,27.40,7.00,1.00,1.00,1.00,1.00,1.00,1.00,1.00,1.00,1.00,1.00,1.00,1.00
2026-04-03T23:45:00Z,99.00,99.00,89.00,31.33,6.00,1.00,1.00,1.00,1.00,1.00,1.00,1.00,1.00,1.00,1.00,1.00,1.00
2026-04-03T23:47:00Z,99.00,99.00,89.00,31.33,5.00,1.00,1.00,1.00,1.00,1.00,1.00,1.00,1.00,1.00,1.00,1.00,1.00
2026-04-03T23:49:00Z,99.00,99.00,89.00,32.28,5.00,1.00,1.00,1.00,1.00,1.00,1.00,1.00,1.00,1.00,1.00,1.00,1.00
2026-04-03T23:52:00Z,99.00,99.00,89.00,31.46,5.00,1.00,1.00,1.00,1.00,1.00,1.00,1.00,1.00,1.00,1.00,1.00,1.00
2026-04-03T23:54:00Z,99.00,99.00,89.00,33.89,5.00,1.00,1.00,1.00,1.00,1.00,1.00,1.00,1.00,1.00,1.00,1.00,1.00
2026-04-03T23:55:00Z,99.00,99.00,89.00,33.89,5.00,1.00,1.00,1.00,1.00,1.00,1.00,1.00,1.00,1.00,1.00,1.00,1.00
2026-04-04T00:00:00Z,99.00,99.00,89.00,33.89,3.85,1.00,1.00,1.00,1.00,1.00,1.00,1.00,1.00,1.00,1.00,1.00,1.00
2026-04-04T00:03:00Z,99.00,99.00,89.00,33.89,3.85,1.00,1.00,1.00,1.00,1.00,1.00,1.00,1.00,1.00,1.00,1.00,1.00
2026-04-04T00:04:00Z,99.00,99.00,89.00,31.66,3.85,1.00,1.00,1.00,1.00,1.00,1.00,1.00,1.00,1.00,1.00,1.00,1.00
2026-04-04T00:08:00Z,99.00,99.00,89.00,31.78,3.85,1.00,1.00,1.00,1.00,1.00,1.00,1.00,1.00,1.00,1.00,1.00,1.00
2026-04-04T00:11:00Z,99.00,99.00,89.00,32.60,5.00,1.00,1.00,1.00,1.00,1.00,1.00,1.00,1.00,1.00,1.00,1.00,1.00
2026-04-04T00:12:00Z,99.00,99.00,89.00,32.60,5.00,1.00,1.00,1.00,1.00,1.00,1.00,1.00,1.00,1.00,1.00,1.00,1.00
2026-04-04T00:13:00Z,99.00,99.00,89.00,32.92,5.00,1.00,1.00,1.00,1.00,1.00,1.00,1.00,1.00,1.00,1.00,1.00,1.00
2026-04-04T00:16:00Z,99.00,99.00,89.00,32.81,5.00,1.00,1.00,1.00,1.00,1.00,1.00,1.00,1.00,1.00,1.00,1.00,1.00
2026-04-04T00:17:00Z,99.00,99.00,94.00,32.96,5.00,1.00,1.00,1.00,1.00,1.00,1.00,1.00,1.00,1.00,1.00,1.00,1.00
2026-04-04T00:18:00Z,99.00,99.00,94.00,32.96,5.00,1.00,1.00,1.00,1.00,1.00,1.00,1.00,1.00,1.00,1.00,1.00,1.00
2026-04-04T00:24:00Z,99.00,99.00,94.00,32.25,5.00,1.00,1.00,1.00,1.00,1.00,1.00,1.00,1.00,1.00,1.00,1.00,1.00
2026-04-04T00:26:00Z,99.00,99.00,94.00,33.73,5.00,1.00,1.00,1.00,1.00,1.00,1.00,1.00,1.00,1.00,1.00,1.00,1.00
2026-04-04T00:27:00Z,99.00,99.00,94.00,33.50,5.00,1.00,1.00,1.00,1.00,1.00,1.00,1.00,1.00,1.00,1.00,1.00,1.00
2026-04-04T00:30:00Z,99.00,99.00,94.00,33.50,5.00,1.00,1.00,1.00,1.00,1.00,1.00,1.00,1.00,1.00,1.00,1.00,1.00
2026-04-04T00:32:00Z,99.00,99.00,94.00,33.50,3.00,1.00,1.00,1.00,1.00,1.00,1.00,1.00,1.00,1.00,1.00,1.00,1.00
2026-04-04T00:35:00Z,99.00,99.00,94.00,33.50,3.40,1.00,1.00,1.00,1.00,1.00,1.00,1.00,1.00,1.00,1.00,1.00,1.00
2026-04-04T00:36:00Z,99.00,99.00,94.00,33.50,5.53,1.00,1.00,1.00,1.00,1.00,1.00,1.00,1.00,1.00,1.00,1.00,1.00
2026-04-04T00:37:00Z,99.00,99.00,88.17,33.50,5.53,1.00,1.00,1.00,1.00,1.00,1.00,1.00,1.00,1.00,1.00,1.00,1.00
2026-04-04T00:40:00Z,99.00,99.00,88.17,32.00,5.53,1.00,1.00,1.00,1.00,1.00,1.00,1.00,1.00,1.00,1.00,1.00,1.00
2026-04-04T00:41:00Z,99.00,99.00,88.17,32.81,5.00,1.00,1.00,1.00,1.00,1.00,1.00,1.00,1.00,1.00,1.00,1.00,1.00
2026-04-04T00:48:00Z,99.00,99.00,88.17,29.75,4.00,1.00,1.00,1.00,1.00,1.00,1.00,1.00,1.00,1.00,1.00,1.00,1.00
2026-04-04T00:49:00Z,99.00,99.00,88.17,31.80,4.00,1.00,1.00,1.00,1.00,1.00,1.00,1.00,1.00,1.00,1.00,1.00,1.00
2026-04-04T00:53:00Z,99.00,99.00,88.17,30.00,4.00,1.00,1.00,1.00,1.00,1.00,1.00,1.00,1.00,1.00,1.00,1.00,1.00
2026-04-04T00:54:00Z,99.00,99.00,88.17,29.00,4.00,1.00,1.00,1.00,1.00,1.00,1.00,1.00,1.00,1.00,1.00,1.00,1.00
2026-04-04T00:55:00Z,99.00,99.00,81.75,29.00,4.00,1.00,1.00,1.00,1.00,1.00,1.00,1.00,1.00,1.00,1.00,1.00,1.00
2026-04-04T00:58:00Z,99.00,99.00,81.75,29.00,4.00,1.00,1.00,1.00,1.00,1.00,1.00,1.00,1.00,1.00,1.00,1.00,1.00
2026-04-04T01:04:00Z,99.00,99.00,81.75,32.09,4.00,1.00,1.00,1.00,1.00,1.00,1.00,1.00,1.00,1.00,1.00,1.00,1.00
2026-04-04T01:05:00Z,99.00,99.00,81.75,32.85,4.00,1.00,1.00,1.00,1.00,1.00,1.00,1.00,1.00,1.00,1.00,1.00,1.00
2026-04-04T01:06:00Z,99.00,99.00,81.75,32.85,4.00,1.00,1.00,1.00,1.00,1.00,1.00,1.00,1.00,1.00,1.00,1.00,1.00
2026-04-04T01:11:00Z,99.00,99.00,81.75,32.92,4.00,1.00,1.00,1.00,1.00,1.00,1.00,1.00,1.00,1.00,1.00,1.00,1.00
2026-04-04T01:12:00Z,99.00,99.00,81.75,32.92,4.00,1.00,1.00,1.00,1.00,1.00,1.00,1.00,1.00,1.00,1.00,1.00,1.00
2026-04-04T01:15:00Z,99.00,99.00,81.75,32.92,3.92,1.00,1.00,1.00,1.00,1.00,1.00,1.00,1.00,1.00,1.00,1.00,1.00
2026-04-04T01:17:00Z,99.00,99.00,81.75,32.85,3.92,1.00,1.00,1.00,1.00,1.00,1.00,1.00,1.00,1.00,1.00,1.00,1.00
2026-04-04T01:32:00Z,99.00,99.00,81.75,32.85,3.92,1.00,1.00,1.00,1.00,1.00,1.00,1.00,1.00,1.00,1.00,1.00,1.00
2026-04-04T01:33:00Z,99.00,99.00,81.75,32.85,3.92,1.00,1.00,1.00,1.00,1.00,1.00,1.00,1.00,1.00,1.00,1.00,1.00
2026-04-04T01:39:00Z,99.00,99.00,81.75,32.17,3.92,1.00,1.00,1.00,1.00,1.00,1.00,1.00,1.00,1.00,1.00,1.00,1.00
2026-04-04T01:41:00Z,99.00,99.00,81.75,33.23,3.92,1.00,1.00,1.00,1.00,1.00,1.00,1.00,1.00,1.00,1.00,1.00,1.00
2026-04-04T01:47:00Z,99.00,99.00,81.75,33.23,3.92,1.00,1.00,1.00,1.00,1.00,1.00,1.00,1.00,1.00,1.00,1.00,1.00
2026-04-04T01:48:00Z,99.00,99.00,81.75,33.85,3.92,1.00,1.00,1.00,1.00,1.00,1.00,1.00,1.00,1.00,1.00,1.00,1.00
2026-04-04T01:50:00Z,99.00,99.00,81.75,32.00,3.92,1.00,1.00,1.00,1.00,1.00,1.00,1.00,1.00,1.00,1.00,1.00,1.00
2026-04-04T01:53:00Z,99.00,99.00,81.75,32.85,3.92,1.00,1.00,1.00,1.00,1.00,1.00,1.00,1.00,1.00,1.00,1.00,1.00
2026-04-04T01:54:00Z,99.00,99.00,81.75,33.60,3.92,1.00,1.00,1.00,1.00,1.00,1.00,1.00,1.00,1.00,1.00,1.00,1.00
2026-04-04T01:57:00Z,99.00,99.00,81.75,33.78,3.92,1.00,1.00,1.00,1.00,1.00,1.00,1.00,1.00,1.00,1.00,1.00,1.00
2026-04-04T02:03:00Z,99.00,99.00,81.75,33.00,3.92,1.00,1.00,1.00,1.00,1.00,1.00,1.00,1.00,1.00,1.00,1.00,1.00
2026-04-04T02:04:00Z,99.00,99.00,81.75,33.00,3.92,1.00,1.00,1.00,1.00,1.00,1.00,1.00,1.00,1.00,1.00,1.00,1.00
2026-04-04T02:05:00Z,99.00,99.00,81.75,33.00,4.00,1.00,1.00,1.00,1.00,1.00,1.00,1.00,1.00,1.00,1.00,1.00,1.00
2026-04-04T02:06:00Z,99.00,98.00,81.75,33.00,4.00,1.00,1.00,1.00,1.00,1.00,1.00,1.00,1.00,1.00,1.00,1.00,1.00
2026-04-04T02:07:00Z,99.00,98.00,81.75,33.00,4.00,1.00,1.00,1.00,1.00,1.00,1.00,1.00,1.00,1.00,1.00,1.00,1.00
2026-04-04T02:09:00Z,99.00,98.00,81.75,34.11,4.00,1.00,1.00,1.00,1.00,1.00,1.00,1.00,1.00,1.00,1.00,1.00,1.00
2026-04-04T02:10:00Z,99.00,98.00,81.75,34.66,4.00,1.00,1.00,1.00,1.00,1.00,1.00,1.00,1.00,1.00,1.00,1.00,1.00
2026-04-04T02:15:00Z,99.00,98.00,81.75,34.66,2.00,1.00,1.00,1.00,1.00,1.00,1.00,1.00,1.00,1.00,1.00,1.00,1.00
2026-04-04T02:16:00Z,99.00,98.00,81.75,34.66,2.00,1.00,1.00,1.00,1.00,1.00,1.00,1.00,1.00,1.00,1.00,1.00,1.00
2026-04-04T02:17:00Z,99.00,98.00,81.75,34.66,2.00,1.00,1.00,1.00,1.00,1.00,1.00,1.00,1.00,1.00,1.00,1.00,1.00
2026-04-04T02:19:00Z,99.00,98.00,81.75,30.92,2.00,1.00,1.00,1.00,1.00,1.00,1.00,1.00,1.00,1.00,1.00,1.00,1.00
2026-04-04T02:24:00Z,99.00,98.00,81.75,33.51,2.00,1.00,1.00,1.00,1.00,1.00,1.00,1.00,1.00,1.00,1.00,1.00,1.00
2026-04-04T02:25:00Z,99.00,98.00,81.75,34.00,2.00,1.00,1.00,1.00,1.00,1.00,1.00,1.00,1.00,1.00,1.00,1.00,1.00
2026-04-04T02:30:00Z,99.00,98.00,81.75,35.00,2.00,1.00,1.00,1.00,1.00,1.00,1.00,1.00,1.00,1.00,1.00,1.00,1.00
2026-04-04T02:33:00Z,99.00,98.00,81.75,35.00,3.00,1.00,1.00,1.00,1.00,1.00,1.00,1.00,1.00,1.00,1.00,1.00,1.00
2026-04-04T02:34:00Z,99.00,98.00,90.00,35.00,3.00,1.00,1.00,1.00,1.00,1.00,1.00,1.00,1.00,1.00,1.00,1.00,1.00
2026-04-04T02:37:00Z,99.00,98.00,90.00,31.00,3.00,1.00,1.00,1.00,1.00,1.00,1.00,1.00,1.00,1.00,1.00,1.00,1.00
2026-04-04T02:39:00Z,99.00,98.00,90.00,32.70,3.00,1.00,1.00,1.00,1.00,1.00,1.00,1.00,1.00,1.00,1.00,1.00,1.00
2026-04-04T02:46:00Z,99.00,98.00,90.00,32.70,3.00,1.00,1.00,1.00,1.00,1.00,1.00,1.00,1.00,1.00,1.00,1.00,1.00
2026-04-04T02:47:00Z,99.00,98.00,90.00,19.39,3.00,1.00,1.00,1.00,1.00,1.00,1.00,1.00,1.00,1.00,1.00,1.00,1.00
2026-04-04T02:50:00Z,99.00,97.00,90.00,19.39,3.00,1.00,1.00,1.00,1.00,1.00,1.00,1.00,1.00,1.00,1.00,1.00,1.00
2026-04-04T02:52:00Z,99.00,97.00,90.00,23.52,3.00,1.00,1.00,1.00,1.00,1.00,1.00,1.00,1.00,1.00,1.00,1.00,1.00
2026-04-04T02:53:00Z,99.00,97.00,90.00,23.52,3.00,1.00,1.00,1.00,1.00,1.00,1.00,1.00,1.00,1.00,1.00,1.00,1.00
2026-04-04T02:55:00Z,99.00,97.00,90.00,24.42,3.00,1.00,1.00,1.00,1.00,1.00,1.00,1.00,1.00,1.00,1.00,1.00,1.00
2026-04-04T02:57:00Z,99.00,97.00,90.00,23.00,3.00,1.00,1.00,1.00,1.00,1.00,1.00,1.00,1.00,1.00,1.00,1.00,1.00
2026-04-04T03:01:00Z,99.00,97.00,90.00,25.66,3.00,1.00,1.00,1.00,1.00,1.00,1.00,1.00,1.00,1.00,1.00,1.00,1.00
2026-04-04T03:03:00Z,99.00,97.00,90.00,26.67,3.00,1.00,1.00,1.00,1.00,1.00,1.00,1.00,1.00,1.00,1.00,1.00,1.00
2026-04-04T03:06:00Z,99.00,97.00,90.00,27.00,3.00,1.00,1.00,1.00,1.00,1.00,1.00,1.00,1.00,1.00,1.00,1.00,1.00
2026-04-04T03:09:00Z,99.00,97.00,90.00,27.00,3.00,1.00,1.00,1.00,1.00,1.00,1.00,1.00,1.00,1.00,1.00,1.00,1.00
2026-04-04T03:18:00Z,99.00,97.00,90.00,27.00,3.00,1.00,1.00,1.00,1.00,1.00,1.00,1.00,1.00,1.00,1.00,1.00,1.00
2026-04-04T03:20:00Z,99.00,97.00,90.00,29.02,3.00,1.00,1.00,1.00,1.00,1.00,1.00,1.00,1.00,1.00,1.00,1.00,1.00
2026-04-04T03:22:00Z,99.00,97.00,90.00,29.02,3.00,1.00,1.00,1.00,1.00,1.00,1.00,1.00,1.00,1.00,1.00,1.00,1.00
2026-04-04T03:25:00Z,99.00,97.00,90.00,30.68,3.00,1.00,1.00,1.00,1.00,1.00,1.00,1.00,1.00,1.00,1.00,1.00,1.00
2026-04-04T03:27:00Z,99.00,97.00,90.00,31.43,3.00,1.00,1.00,1.00,1.00,1.00,1.00,1.00,1.00,1.00,1.00,1.00,1.00
2026-04-04T03:30:00Z,99.00,97.00,90.00,31.00,3.00,1.00,1.00,1.00,1.00,1.00,1.00,1.00,1.00,1.00,1.00,1.00,1.00
2026-04-04T03:32:00Z,99.00,97.00,90.00,30.80,3.00,1.00,1.00,1.00,1.00,1.00,1.00,1.00,1.00,1.00,1.00,1.00,1.00
2026-04-04T03:33:00Z,99.00,97.00,90.00,31.73,3.00,1.00,1.00,1.00,1.00,1.00,1.00,1.00,1.00,1.00,1.00,1.00,1.00
2026-04-04T03:35:00Z,99.00,97.00,90.00,31.73,3.00,1.00,1.00,1.00,1.00,1.00,1.00,1.00,1.00,1.00,1.00,1.00,1.00
2026-04-04T03:36:00Z,99.00,97.00,90.00,31.73,3.00,1.00,1.00,1.00,1.00,1.00,1.00,1.00,1.00,1.00,1.00,1.00,1.00
2026-04-04T03:38:00Z,99.00,97.00,90.00,31.73,3.00,1.00,1.00,1.00,1.00,1.00,1.00,1.00,1.00,1.00,1.00,1.00,1.00
2026-04-04T03:41:00Z,99.00,97.00,90.00,31.00,3.00,1.00,1.00,1.00,1.00,1.00,1.00,1.00,1.00,1.00,1.00,1.00,1.00
2026-04-04T03:43:00Z,99.00,97.00,90.00,28.00,3.00,1.00,1.00,1.00,1.00,1.00,1.00,1.00,1.00,1.00,1.00,1.00,1.00
2026-04-04T03:55:00Z,99.00,97.00,90.00,28.00,3.00,1.00,1.00,1.00,1.00,1.00,1.00,1.00,1.00,1.00,1.00,1.00,1.00
2026-04-04T04:03:00Z,99.00,97.00,90.00,28.00,3.00,1.00,1.00,1.00,1.00,1.00,1.00,1.00,1.00,1.00,1.00,1.00,1.00
2026-04-04T04:13:00Z,99.00,97.00,90.00,28.00,3.00,1.00,1.00,1.00,1.00,1.00,1.00,1.00,1.00,1.00,1.00,1.00,1.00
2026-04-04T04:15:00Z,99.00,97.00,90.00,28.00,3.00,1.00,1.00,1.00,1.00,1.00,1.00,1.00,1.00,1.00,1.00,1.00,1.00
2026-04-04T04:18:00Z,99.00,97.00,90.00,29.16,3.00,1.00,1.00,1.00,1.00,1.00,1.00,1.00,1.00,1.00,1.00,1.00,1.00
2026-04-04T04:19:00Z,99.00,97.00,90.00,30.00,3.00,1.00,1.00,1.00,1.00,1.00,1.00,1.00,1.00,1.00,1.00,1.00,1.00
2026-04-04T04:22:00Z,99.00,97.00,90.00,31.00,3.00,1.00,1.00,1.00,1.00,1.00,1.00,1.00,1.00,1.00,1.00,1.00,1.00
2026-04-04T04:25:00Z,99.00,97.00,90.00,31.93,3.00,1.00,1.00,1.00,1.00,1.00,1.00,1.00,1.00,1.00,1.00,1.00,1.00
2026-04-04T04:26:00Z,99.00,97.00,90.00,31.93,3.00,1.00,1.00,1.00,1.00,1.00,1.00,1.00,1.00,1.00,1.00,1.00,1.00
2026-04-04T04:28:00Z,99.00,97.00,90.00,31.00,3.00,1.00,1.00,1.00,1.00,1.00,1.00,1.00,1.00,1.00,1.00,1.00,1.00
2026-04-04T04:32:00Z,99.00,97.00,92.00,31.00,3.00,1.00,1.00,1.00,1.00,1.00,1.00,1.00,1.00,1.00,1.00,1.00,1.00
2026-04-04T04:36:00Z,99.00,97.00,92.00,31.00,3.00,1.00,1.00,1.00,1.00,1.00,1.00,1.00,1.00,1.00,1.00,1.00,1.00
2026-04-04T04:44:00Z,99.00,98.00,92.00,31.00,3.00,1.00,1.00,1.00,1.00,1.00,1.00,1.00,1.00,1.00,1.00,1.00,1.00
2026-04-04T04:45:00Z,99.00,98.00,92.00,31.00,3.00,1.00,1.00,1.00,1.00,1.00,1.00,1.00,1.00,1.00,1.00,1.00,1.00
2026-04-04T04:54:00Z,99.00,98.00,92.00,27.00,3.00,1.00,1.00,1.00,1.00,1.00,1.00,1.00,1.00,1.00,1.00,1.00,1.00
2026-04-04T04:55:00Z,99.00,98.00,92.00,31.56,3.00,1.00,1.00,1.00,1.00,1.00,1.00,1.00,1.00,1.00,1.00,1.00,1.00
2026-04-04T04:56:00Z,99.00,98.00,92.00,31.56,3.00,1.00,1.00,1.00,1.00,1.00,1.00,1.00,1.00,1.00,1.00,1.00,1.00
2026-04-04T05:00:00Z,99.00,98.00,92.00,27.76,3.00,1.00,1.00,1.00,1.00,1.00,1.00,1.00,1.00,1.00,1.00,1.00,1.00
2026-04-04T05:03:00Z,99.00,98.00,92.00,27.76,3.00,1.00,1.00,1.00,1.00,1.00,1.00,1.00,1.00,1.00,1.00,1.00,1.00
2026-04-04T05:04:00Z,99.00,98.00,92.00,27.76,3.00,1.00,1.00,1.00,1.00,1.00,1.00,1.00,1.00,1.00,1.00,1.00,1.00
2026-04-04T05:05:00Z,99.00,98.00,92.00,27.76,3.00,1.00,1.00,1.00,1.00,1.00,1.00,1.00,1.00,1.00,1.00,1.00,1.00
2026-04-04T05:13:00Z,99.00,98.00,92.00,27.76,3.00,1.00,1.00,1.00,1.00,1.00,1.00,1.00,1.00,1.00,1.00,1.00,1.00
2026-04-04T05:16:00Z,99.00,98.00,92.00,27.76,3.00,1.00,1.00,1.00,1.00,1.00,1.00,1.00,1.00,1.00,1.00,1.00,1.00
2026-04-04T05:18:00Z,99.00,98.00,83.00,31.26,3.00,1.00,1.00,1.00,1.00,1.00,1.00,1.00,1.00,1.00,1.00,1.00,1.00
2026-04-04T05:19:00Z,99.00,98.00,83.00,31.26,3.00,1.00,1.00,1.00,1.00,1.00,1.00,1.00,1.00,1.00,1.00,1.00,1.00
2026-04-04T05:20:00Z,99.00,98.00,83.00,31.60,3.00,1.00,1.00,1.00,1.00,1.00,1.00,1.00,1.00,1.00,1.00,1.00,1.00
2026-04-04T05:23:00Z,99.00,98.00,83.00,32.00,3.00,1.00,1.00,1.00,1.00,1.00,1.00,1.00,1.00,1.00,1.00,1.00,1.00
2026-04-04T05:29:00Z,99.00,98.00,83.00,32.00,3.00,1.00,1.00,1.00,1.00,1.00,1.00,1.00,1.00,1.00,1.00,1.00,1.00
2026-04-04T05:30:00Z,99.00,98.00,83.00,32.00,3.00,1.00,1.00,1.00,1.00,1.00,1.00,1.00,1.00,1.00,1.00,1.00,1.00
2026-04-04T05:32:00Z,99.00,98.00,83.00,32.00,3.00,1.00,1.00,1.00,1.00,1.00,1.00,1.00,1.00,1.00,1.00,1.00,1.00
2026-04-04T05:34:00Z,99.00,98.00,83.00,32.00,3.00,1.00,1.00,1.00,1.00,1.00,1.00,1.00,1.00,1.00,1.00,1.00,1.00
2026-04-04T05:35:00Z,99.00,98.00,83.00,32.00,3.00,1.00,1.00,1.00,1.00,1.00,1.00,1.00,1.00,1.00,1.00,1.00,1.00
2026-04-04T05:41:00Z,99.00,98.00,83.00,31.50,3.00,1.00,1.00,1.00,1.00,1.00,1.00,1.00,1.00,1.00,1.00,1.00,1.00
2026-04-04T05:42:00Z,99.00,98.00,83.00,31.50,3.00,1.00,1.00,1.00,1.00,1.00,1.00,1.00,1.00,1.00,1.00,1.00,1.00
2026-04-04T05:44:00Z,99.00,98.00,83.00,31.50,3.00,1.00,1.00,1.00,1.00,1.00,1.00,1.00,1.00,1.00,1.00,1.00,1.00
2026-04-04T05:47:00Z,99.00,98.00,83.00,32.79,3.00,1.00,1.00,1.00,1.00,1.00,1.00,1.00,1.00,1.00,1.00,1.00,1.00
2026-04-04T05:50:00Z,99.00,98.00,83.00,32.79,3.00,1.00,1.00,1.00,1.00,1.00,1.00,1.00,1.00,1.00,1.00,1.00,1.00
2026-04-04T05:52:00Z,99.00,98.00,83.00,34.51,3.00,1.00,1.00,1.00,1.00,1.00,1.00,1.00,1.00,1.00,1.00,1.00,1.00
2026-04-04T05:55:00Z,99.00,98.00,83.00,34.51,2.00,1.00,1.00,1.00,1.00,1.00,1.00,1.00,1.00,1.00,1.00,1.00,1.00
2026-04-04T05:56:00Z,99.00,98.00,83.00,34.51,3.00,1.00,1.00,1.00,1.00,1.00,1.00,1.00,1.00,1.00,1.00,1.00,1.00
2026-04-04T05:57:00Z,99.00,98.00,83.00,35.00,3.00,1.00,1.00,1.00,1.00,1.00,1.00,1.00,1.00,1.00,1.00,1.00,1.00
2026-04-04T05:58:00Z,99.00,98.00,83.00,34.00,3.00,1.00,1.00,1.00,1.00,1.00,1.00,1.00,1.00,1.00,1.00,1.00,1.00
2026-04-04T06:11:00Z,99.00,98.00,83.00,34.00,3.00,1.00,1.00,1.00,1.00,1.00,1.00,1.00,1.00,1.00,1.00,1.00,1.00
2026-04-04T06:12:00Z,99.00,98.00,83.00,35.00,3.00,1.00,1.00,1.00,1.00,1.00,1.00,1.00,1.00,1.00,1.00,1.00,1.00
2026-04-04T06:16:00Z,99.00,98.00,83.00,31.04,3.00,1.00,1.00,1.00,1.00,1.00,1.00,1.00,1.00,1.00,1.00,1.00,1.00
2026-04-04T06:34:00Z,99.00,98.00,92.00,35.00,3.00,1.00,1.00,1.00,1.00,1.00,1.00,1.00,1.00,1.00,1.00,1.00,1.00
2026-04-04T06:36:00Z,99.00,98.00,92.00,35.00,3.00,1.00,1.00,1.00,1.00,1.00,1.00,1.00,1.00,1.00,1.00,1.00,1.00
2026-04-04T06:45:00Z,99.00,98.00,92.00,35.00,3.00,1.00,1.00,1.00,1.00,1.00,1.00,1.00,1.00,1.00,1.00,1.00,1.00
2026-04-04T06:50:00Z,99.00,98.00,92.00,35.00,3.00,1.00,1.00,1.00,1.00,1.00,1.00,1.00,1.00,1.00,1.00,1.00,1.00
2026-04-04T06:51:00Z,99.00,98.00,92.00,35.00,3.00,1.00,1.00,1.00,1.00,1.00,1.00,1.00,1.00,1.00,1.00,1.00,1.00
2026-04-04T06:53:00Z,99.00,98.00,92.00,35.00,3.00,1.00,1.00,1.00,1.00,1.00,1.00,1.00,1.00,1.00,1.00,1.00,1.00
2026-04-04T06:56:00Z,99.00,98.00,90.00,35.00,3.00,1.00,1.00,1.00,1.00,1.00,1.00,1.00,1.00,1.00,1.00,1.00,1.00
2026-04-04T06:57:00Z,99.00,98.00,90.00,35.00,3.00,1.00,1.00,1.00,1.00,1.00,1.00,1.00,1.00,1.00,1.00,1.00,1.00
2026-04-04T07:13:00Z,99.00,98.00,90.00,31.00,3.00,1.00,1.00,1.00,1.00,1.00,1.00,1.00,1.00,1.00,1.00,1.00,1.00
2026-04-04T07:14:00Z,99.00,98.00,94.00,35.00,3.00,1.00,1.00,1.00,1.00,1.00,1.00,1.00,1.00,1.00,1.00,1.00,1.00
2026-04-04T07:15:00Z,99.00,98.00,86.40,35.00,3.00,1.00,1.00,1.00,1.00,1.00,1.00,1.00,1.00,1.00,1.00,1.00,1.00
2026-04-04T07:17:00Z,99.00,98.00,86.40,31.00,3.00,1.00,1.00,1.00,1.00,1.00,1.00,1.00,1.00,1.00,1.00,1.00,1.00
2026-04-04T07:30:00Z,99.00,98.00,86.40,34.00,3.00,1.00,1.00,1.00,1.00,1.00,1.00,1.00,1.00,1.00,1.00,1.00,1.00
2026-04-04T07:35:00Z,99.00,98.00,86.40,34.00,3.00,1.00,1.00,1.00,1.00,1.00,1.00,1.00,1.00,1.00,1.00,1.00,1.00
2026-04-04T07:40:00Z,99.00,98.00,86.40,34.00,3.00,1.00,1.00,1.00,1.00,1.00,1.00,1.00,1.00,1.00,1.00,1.00,1.00
2026-04-04T07:41:00Z,99.00,98.00,86.40,34.10,3.00,1.00,1.00,1.00,1.00,1.00,1.00,1.00,1.00,1.00,1.00,1.00,1.00
2026-04-04T07:46:00Z,99.00,98.00,86.40,35.00,3.00,1.00,1.00,1.00,1.00,1.00,1.00,1.00,1.00,1.00,1.00,1.00,1.00
2026-04-04T08:13:00Z,99.00,98.00,86.40,35.00,3.00,1.00,1.00,1.00,1.00,1.00,1.00,1.00,1.00,1.00,1.00,1.00,1.00
2026-04-04T08:16:00Z,99.00,98.00,86.40,35.00,3.00,1.00,1.00,1.00,1.00,1.00,1.00,1.00,1.00,1.00,1.00,1.00,1.00
2026-04-04T08:20:00Z,99.00,98.00,86.40,35.00,3.00,1.00,1.00,1.00,1.00,1.00,1.00,1.00,1.00,1.00,1.00,1.00,1.00
2026-04-04T08:21:00Z,99.00,98.00,91.00,35.00,3.00,1.00,1.00,1.00,1.00,1.00,1.00,1.00,1.00,1.00,1.00,1.00,1.00
2026-04-04T08:25:00Z,99.00,98.00,91.00,35.00,3.00,1.00,1.00,1.00,1.00,1.00,1.00,1.00,1.00,1.00,1.00,1.00,1.00
2026-04-04T08:28:00Z,99.00,98.00,91.00,35.00,3.00,1.00,1.00,1.00,1.00,1.00,1.00,1.00,1.00,1.00,1.00,1.00,1.00
2026-04-04T08:49:00Z,99.00,98.00,91.00,35.00,3.00,1.00,1.00,1.00,1.00,1.00,1.00,1.00,1.00,1.00,1.00,1.00,1.00
2026-04-04T08:53:00Z,99.00,98.00,91.00,32.00,2.00,1.00,1.00,1.00,1.00,1.00,1.00,1.00,1.00,1.00,1.00,1.00,1.00
2026-04-04T08:54:00Z,99.00,98.00,91.00,35.00,3.00,1.00,1.00,1.00,1.00,1.00,1.00,1.00,1.00,1.00,1.00,1.00,1.00
2026-04-04T09:12:00Z,99.00,98.00,91.00,34.21,3.00,1.00,1.00,1.00,1.00,1.00,1.00,1.00,1.00,1.00,1.00,1.00,1.00
2026-04-04T09:37:00Z,99.00,98.00,91.00,34.21,3.00,1.00,1.00,1.00,1.00,1.00,1.00,1.00,1.00,1.00,1.00,1.00,1.00
2026-04-04T09:41:00Z,99.00,98.00,91.00,35.00,3.00,1.00,1.00,1.00,1.00,1.00,1.00,1.00,1.00,1.00,1.00,1.00,1.00
2026-04-04T09:54:00Z,99.00,98.00,91.00,35.00,3.00,1.00,1.00,1.00,1.00,1.00,1.00,1.00,1.00,1.00,1.00,1.00,1.00
2026-04-04T09:58:00Z,99.00,98.00,91.00,35.00,3.00,1.00,1.00,1.00,1.00,1.00,1.00,1.00,1.00,1.00,1.00,1.00,1.00
2026-04-04T10:12:00Z,99.00,98.00,91.00,35.00,3.00,1.00,1.00,1.00,1.00,1.00,1.00,1.00,1.00,1.00,1.00,1.00,1.00
2026-04-04T10:15:00Z,99.00,98.00,91.00,35.00,3.00,1.00,1.00,1.00,1.00,1.00,1.00,1.00,1.00,1.00,1.00,1.00,1.00
2026-04-04T10:17:00Z,99.00,98.00,91.00,35.00,3.00,1.00,1.00,1.00,1.00,1.00,1.00,1.00,1.00,1.00,1.00,1.00,1.00
2026-04-04T10:18:00Z,99.00,98.00,91.00,35.00,3.00,1.00,1.00,1.00,1.00,1.00,1.00,1.00,1.00,1.00,1.00,1.00,1.00
2026-04-04T10:48:00Z,99.00,98.00,91.00,35.00,3.00,1.09,1.00,1.00,1.00,1.00,1.00,1.00,1.00,1.00,1.00,1.00,1.00
2026-04-04T10:50:00Z,99.00,98.00,91.00,42.00,3.00,1.09,1.00,1.00,1.00,1.00,1.00,1.00,1.00,1.00,1.00,1.00,1.00
2026-04-04T10:53:00Z,99.00,98.00,91.00,37.59,3.00,1.09,1.00,1.00,1.00,1.00,1.00,1.00,1.00,1.00,1.00,1.00,1.00
2026-04-04T10:59:00Z,99.00,98.00,93.00,37.59,3.00,1.09,1.00,1.00,1.00,1.00,1.00,1.00,1.00,1.00,1.00,1.00,1.00
2026-04-04T11:01:00Z,99.00,98.00,93.00,46.00,3.00,1.09,1.00,1.00,1.00,1.00,1.00,1.00,1.00,1.00,1.00,1.00,1.00
2026-04-04T11:02:00Z,99.00,98.00,93.00,46.00,3.00,1.09,1.00,1.00,1.00,1.00,1.00,1.00,1.00,1.00,1.00,1.00,1.00
2026-04-04T11:05:00Z,99.00,98.00,93.00,46.00,3.00,1.09,1.00,1.00,1.00,1.00,1.00,1.00,1.00,1.00,1.00,1.00,1.00
2026-04-04T11:11:00Z,99.00,98.00,93.00,46.00,3.00,1.09,1.00,1.00,1.00,1.00,1.00,1.00,1.00,1.00,1.00,1.00,1.00
2026-04-04T11:26:00Z,99.00,98.00,93.00,46.00,3.00,1.09,1.00,1.00,1.00,1.00,1.00,1.00,1.00,1.00,1.00,1.00,1.00
2026-04-04T11:28:00Z,99.00,98.00,93.00,38.27,3.00,1.09,1.00,1.00,1.00,1.00,1.00,1.00,1.00,1.00,1.00,1.00,1.00
2026-04-04T11:30:00Z,99.00,98.00,93.00,38.27,3.00,1.09,1.00,1.00,1.00,1.00,1.00,1.00,1.00,1.00,1.00,1.00,1.00
2026-04-04T11:36:00Z,99.00,98.00,93.00,44.82,3.00,1.09,1.00,1.00,1.00,1.00,1.00,1.00,1.00,1.00,1.00,1.00,1.00
2026-04-04T11:38:00Z,99.00,98.00,93.00,44.61,3.00,1.09,1.00,1.00,1.00,1.00,1.00,1.00,1.00,1.00,1.00,1.00,1.00
2026-04-04T11:50:00Z,99.00,98.00,93.00,44.61,3.00,1.09,1.00,1.00,1.00,1.00,1.00,1.00,1.00,1.00,1.00,1.00,1.00
2026-04-04T11:51:00Z,99.00,98.91,93.00,44.61,3.00,1.09,1.00,1.00,1.00,1.00,1.00,1.00,1.00,1.00,1.00,1.00,1.00
2026-04-04T11:54:00Z,99.00,98.91,93.00,44.61,3.00,1.09,1.00,1.00,1.00,1.00,1.00,1.00,1.00,1.00,1.00,1.00,1.00
2026-04-04T11:58:00Z,99.00,98.91,93.00,44.61,3.00,1.09,1.00,1.00,1.00,1.00,1.00,1.00,1.00,1.00,1.00,1.00,1.00
2026-04-04T12:01:00Z,99.00,98.91,93.00,44.61,3.00,1.09,1.00,1.00,1.00,1.00,1.00,1.00,1.00,1.00,1.00,1.00,1.00
2026-04-04T12:02:00Z,99.00,98.91,93.00,44.61,3.00,1.09,1.00,1.00,1.00,1.00,1.00,1.00,1.00,1.00,1.00,1.00,1.00
2026-04-04T12:05:00Z,99.00,98.91,93.00,44.61,3.49,1.09,1.00,1.00,1.00,1.00,1.00,1.00,1.00,1.00,1.00,1.00,1.00
2026-04-04T12:08:00Z,99.00,98.91,93.00,44.61,4.00,1.09,1.00,1.00,1.00,1.00,1.00,1.00,1.00,1.00,1.00,1.00,1.00
2026-04-04T12:09:00Z,99.00,98.91,93.00,44.61,4.00,1.09,1.00,1.00,1.00,1.00,1.00,1.00,1.00,1.00,1.00,1.00,1.00
2026-04-04T12:12:00Z,99.00,98.91,93.00,47.02,4.00,1.09,1.00,1.00,1.00,1.00,1.00,1.00,1.00,1.00,1.00,1.00,1.00
2026-04-04T12:16:00Z,99.00,98.91,93.00,47.02,3.00,1.09,1.00,1.00,1.00,1.00,1.00,1.00,1.00,1.00,1.00,1.00,1.00
2026-04-04T12:22:00Z,99.00,98.91,93.00,47.02,4.74,1.09,1.00,1.00,1.00,1.00,1.00,1.00,1.00,1.00,1.00,1.00,1.00
2026-04-04T12:28:00Z,99.00,98.91,93.00,48.00,4.74,1.00,1.00,1.00,1.00,1.00,1.00,1.00,1.00,1.00,1.00,1.00,1.00
2026-04-04T12:31:00Z,99.00,98.91,93.00,48.00,4.06,1.00,1.00,1.00,1.00,1.00,1.00,1.00,1.00,1.00,1.00,1.00,1.00
2026-04-04T12:33:00Z,99.00,98.91,93.00,48.00,4.06,1.00,1.00,1.00,1.00,1.00,1.00,1.00,1.00,1.00,1.00,1.00,1.00
2026-04-04T12:34:00Z,99.00,98.91,93.00,46.25,4.06,1.00,1.00,1.00,1.00,1.00,1.00,1.00,1.00,1.00,1.00,1.00,1.00
2026-04-04T12:35:00Z,99.00,98.91,93.00,46.25,4.00,1.00,1.00,1.00,1.00,1.00,1.00,1.00,1.00,1.00,1.00,1.00,1.00
2026-04-04T12:41:00Z,99.00,98.91,93.00,46.25,4.00,1.00,1.00,1.00,1.00,1.00,1.00,1.00,1.00,1.00,1.00,1.00,1.00
2026-04-04T12:44:00Z,99.00,99.00,93.00,49.93,4.00,1.00,1.00,1.00,1.00,1.00,1.00,1.00,1.00,1.00,1.00,1.00,1.00
2026-04-04T12:53:00Z,99.00,99.00,93.00,49.93,4.00,1.00,1.00,1.00,1.00,1.00,1.00,1.00,1.00,1.00,1.00,1.00,1.00
2026-04-04T12:54:00Z,99.00,99.00,93.00,49.93,2.00,1.00,1.00,1.00,1.00,1.00,1.00,1.00,1.00,1.00,1.00,1.00,1.00
2026-04-04T12:59:00Z,99.00,99.00,93.00,49.93,4.69,1.00,1.00,1.00,1.00,1.00,1.00,1.00,1.00,1.00,1.00,1.00,1.00
2026-04-04T13:01:00Z,99.00,99.00,93.00,49.93,4.00,1.00,1.00,1.00,1.00,1.00,1.00,1.00,1.00,1.00,1.00,1.00,1.00
2026-04-04T13:02:00Z,99.00,99.00,93.00,45.60,4.00,1.00,1.00,1.00,1.00,1.00,1.00,1.00,1.00,1.00,1.00,1.00,1.00
2026-04-04T13:03:00Z,99.00,99.00,93.00,50.72,4.00,1.00,1.00,1.00,1.00,1.00,1.00,1.00,1.00,1.00,1.00,1.00,1.00
2026-04-04T13:05:00Z,99.00,99.00,93.00,50.72,3.00,1.00,1.00,1.00,1.00,1.00,1.00,1.00,1.00,1.00,1.00,1.00,1.00
2026-04-04T13:07:00Z,99.00,99.00,93.00,55.80,3.00,1.00,1.00,1.00,1.00,1.00,1.00,1.00,1.00,1.00,1.00,1.00,1.00
2026-04-04T13:08:00Z,99.00,99.00,93.00,59.83,3.00,1.00,1.00,1.00,1.00,1.00,1.00,1.00,1.00,1.00,1.00,1.00,1.00
2026-04-04T13:15:00Z,99.00,99.00,89.46,59.00,3.00,1.00,1.00,1.00,1.00,1.00,1.00,1.00,1.00,1.00,1.00,1.00,1.00
2026-04-04T13:16:00Z,99.00,99.00,97.35,59.00,4.00,1.00,1.00,1.00,1.00,1.00,1.00,1.00,1.00,1.00,1.00,1.00,1.00
2026-04-04T13:18:00Z,99.00,99.00,97.35,59.00,4.00,1.00,1.00,1.00,1.00,1.00,1.00,1.00,1.00,1.00,1.00,1.00,1.00
2026-04-04T13:22:00Z,99.00,99.00,97.35,59.00,4.95,1.00,1.00,1.00,1.00,1.00,1.00,1.00,1.00,1.00,1.00,1.00,1.00
2026-04-04T13:25:00Z,99.00,99.00,97.35,59.00,8.00,1.00,1.00,1.00,1.00,1.00,1.00,1.00,1.00,1.00,1.00,1.00,1.00
2026-04-04T13:28:00Z,99.00,99.00,97.35,59.00,8.00,1.00,1.00,1.00,1.00,1.00,1.00,1.00,1.00,1.00,1.00,1.00,1.00
2026-04-04T13:29:00Z,99.00,99.00,97.35,59.00,8.00,1.00,1.00,1.00,1.00,1.00,1.00,1.00,1.00,1.00,1.00,1.00,1.00
2026-04-04T13:30:00Z,99.00,99.00,97.35,59.00,8.00,1.00,1.00,1.00,1.00,1.00,1.00,1.00,1.00,1.00,1.00,1.00,1.00
2026-04-04T13:31:00Z,99.00,99.00,97.35,59.00,8.00,1.00,1.00,1.00,1.00,1.00,1.00,1.00,1.00,1.00,1.00,1.00,1.00
2026-04-04T13:33:00Z,99.00,99.00,97.35,55.00,8.00,1.00,1.00,1.00,1.00,1.00,1.00,1.00,1.00,1.00,1.00,1.00,1.00
2026-04-04T13:35:00Z,99.00,99.00,97.35,55.00,9.10,1.00,1.00,1.00,1.00,1.00,1.00,1.00,1.00,1.00,1.00,1.00,1.00
2026-04-04T13:37:00Z,99.00,99.00,97.35,55.00,9.10,1.00,1.00,1.00,1.00,1.00,1.00,1.00,1.00,1.00,1.00,1.00,1.00
2026-04-04T13:38:00Z,99.00,99.00,97.35,55.00,9.10,1.00,1.00,1.00,1.00,1.00,1.00,1.00,1.00,1.00,1.00,1.00,1.00
2026-04-04T13:40:00Z,99.00,99.00,98.56,58.98,9.10,1.00,1.00,1.00,1.00,1.00,1.00,1.00,1.00,1.00,1.00,1.00,1.00
2026-04-04T13:41:00Z,99.00,99.00,98.56,59.00,10.16,1.00,1.00,1.00,1.00,1.00,1.00,1.00,1.00,1.00,1.00,1.00,1.00
2026-04-04T13:42:00Z,99.00,99.00,98.56,59.00,10.16,1.00,1.00,1.00,1.00,1.00,1.00,1.00,1.00,1.00,1.00,1.00,1.00
2026-04-04T13:44:00Z,99.00,99.00,98.56,59.00,10.00,1.00,1.00,1.00,1.00,1.00,1.00,1.00,1.00,1.00,1.00,1.00,1.00
2026-04-04T13:48:00Z,99.00,99.00,98.56,59.00,10.00,1.00,1.00,1.00,1.00,1.00,1.00,1.00,1.00,1.00,1.00,1.00,1.00
2026-04-04T13:49:00Z,99.00,99.00,98.56,59.00,10.00,1.00,1.00,1.00,1.00,1.00,1.00,1.00,1.00,1.00,1.00,1.00,1.00
2026-04-04T13:51:00Z,99.00,99.00,98.56,59.00,10.00,1.00,1.00,1.00,1.00,1.00,1.00,1.00,1.00,1.00,1.00,1.00,1.00
2026-04-04T13:52:00Z,99.00,99.00,98.56,62.96,10.00,1.00,1.00,1.00,1.00,1.00,1.00,1.00,1.00,1.00,1.00,1.00,1.00
2026-04-04T13:53:00Z,99.00,99.00,98.56,62.96,10.00,1.00,1.00,1.00,1.00,1.00,1.00,1.00,1.00,1.00,1.00,1.00,1.00
2026-04-04T13:55:00Z,99.00,99.00,99.00,62.96,10.00,1.00,1.00,1.00,1.00,1.00,1.00,1.00,1.00,1.00,1.00,1.00,1.00
2026-04-04T13:56:00Z,99.00,99.00,99.00,63.33,10.00,1.00,1.00,1.00,1.00,1.00,1.00,1.00,1.00,1.00,1.00,1.00,1.00
2026-04-04T14:01:00Z,99.00,99.00,99.00,60.00,10.00,1.00,1.00,1.00,1.00,1.00,1.00,1.00,1.00,1.00,1.00,1.00,1.00
2026-04-04T14:06:00Z,99.00,99.00,99.00,65.00,10.00,1.00,1.00,1.00,1.00,1.00,1.00,1.00,1.00,1.00,1.00,1.00,1.00
2026-04-04T14:07:00Z,99.00,99.00,99.00,65.00,9.44,1.00,1.00,1.00,1.00,1.00,1.00,1.00,1.00,1.00,1.00,1.00,1.00
2026-04-04T14:09:00Z,99.00,99.00,99.00,65.00,9.44,1.00,1.00,1.00,1.00,1.00,1.00,1.00,1.00,1.00,1.00,1.00,1.00
2026-04-04T14:11:00Z,99.00,99.00,99.00,65.00,9.44,1.00,1.00,1.00,1.00,1.00,1.00,1.00,1.00,1.00,1.00,1.00,1.00
2026-04-04T14:12:00Z,99.00,99.00,99.00,65.56,9.44,1.00,1.00,1.00,1.00,1.00,1.00,1.00,1.00,1.00,1.00,1.00,1.00
2026-04-04T14:15:00Z,99.00,99.00,99.00,65.56,10.00,1.00,1.00,1.00,1.00,1.00,1.00,1.00,1.00,1.00,1.00,1.00,1.00
2026-04-04T14:18:00Z,99.00,99.00,99.00,66.77,10.00,1.00,1.00,1.00,1.00,1.00,1.00,1.00,1.00,1.00,1.00,1.00,1.00
2026-04-04T14:20:00Z,99.00,99.00,99.00,66.00,10.00,1.00,1.00,1.00,1.00,1.00,1.00,1.00,1.00,1.00,1.00,1.00,1.00
2026-04-04T14:23:00Z,99.00,99.00,99.00,62.00,10.00,1.00,1.00,1.00,1.00,1.00,1.00,1.00,1.00,1.00,1.00,1.00,1.00
2026-04-04T14:26:00Z,99.00,99.00,99.00,64.88,10.00,1.00,1.00,1.00,1.00,1.00,1.00,1.00,1.00,1.00,1.00,1.00,1.00
2026-04-04T14:27:00Z,99.00,99.00,99.00,64.88,9.24,1.00,1.00,1.00,1.00,1.00,1.00,1.00,1.00,1.00,1.00,1.00,1.00
2026-04-04T14:28:00Z,99.00,99.00,99.00,64.88,9.24,1.00,1.00,1.00,1.00,1.00,1.00,1.00,1.00,1.00,1.00,1.00,1.00
2026-04-04T14:29:00Z,99.00,99.00,99.00,52.70,10.00,1.00,1.00,1.00,1.00,1.00,1.00,1.00,1.00,1.00,1.00,1.00,1.00
2026-04-04T14:30:00Z,99.00,99.00,99.00,52.70,10.46,1.00,1.00,1.00,1.00,1.00,1.00,1.00,1.00,1.00,1.00,1.00,1.00
2026-04-04T14:36:00Z,99.00,99.00,99.00,52.70,10.46,1.00,1.00,1.00,1.00,1.00,1.00,1.00,1.00,1.00,1.00,1.00,1.00
2026-04-04T14:41:00Z,99.00,99.00,99.00,52.70,9.00,1.00,1.00,1.00,1.00,1.00,1.00,1.00,1.00,1.00,1.00,1.00,1.00
2026-04-04T14:43:00Z,99.00,99.00,99.00,58.87,9.00,1.00,1.00,1.00,1.00,1.00,1.00,1.00,1.00,1.00,1.00,1.00,1.00
2026-04-04T14:44:00Z,99.00,99.00,99.00,58.87,9.37,1.00,1.00,1.00,1.00,1.00,1.00,1.00,1.00,1.00,1.00,1.00,1.00
2026-04-04T14:45:00Z,99.00,99.00,99.00,58.87,6.00,1.00,1.00,1.00,1.00,1.00,1.00,1.00,1.00,1.00,1.00,1.00,1.00
2026-04-04T14:46:00Z,99.00,99.00,99.00,61.87,6.00,1.00,1.00,1.00,1.00,1.00,1.00,1.00,1.00,1.00,1.00,1.00,1.00
2026-04-04T14:47:00Z,99.00,99.00,99.00,61.87,9.00,1.00,1.00,1.00,1.00,1.00,1.00,1.00,1.00,1.00,1.00,1.00,1.00
2026-04-04T14:48:00Z,99.00,99.00,99.00,61.87,9.00,1.00,1.00,1.00,1.00,1.00,1.00,1.00,1.00,1.00,1.00,1.00,1.00
2026-04-04T14:49:00Z,99.00,99.00,99.00,61.87,9.00,1.00,1.00,1.00,1.00,1.00,1.00,1.00,1.00,1.00,1.00,1.00,1.00
2026-04-04T14:50:00Z,99.00,99.00,99.00,67.00,9.00,1.00,1.00,1.00,1.00,1.00,1.00,1.00,1.00,1.00,1.00,1.00,1.00
2026-04-04T14:52:00Z,99.00,99.00,99.00,67.00,9.00,1.00,1.00,1.00,1.00,1.00,1.00,1.00,1.00,1.00,1.00,1.00,1.00
2026-04-04T14:54:00Z,99.00,99.00,99.00,65.00,9.24,1.00,1.00,1.00,1.00,1.00,1.00,1.00,1.00,1.00,1.00,1.00,1.00
2026-04-04T14:55:00Z,99.00,99.00,99.00,64.75,9.24,1.00,1.00,1.00,1.00,1.00,1.00,1.00,1.00,1.00,1.00,1.00,1.00
2026-04-04T14:56:00Z,99.00,99.00,99.00,64.75,9.24,1.00,1.00,1.00,1.00,1.00,1.00,1.00,1.00,1.00,1.00,1.00,1.00
2026-04-04T14:57:00Z,99.00,99.00,99.00,64.75,10.16,1.00,1.00,1.00,1.00,1.00,1.00,1.00,1.00,1.00,1.00,1.00,1.00
2026-04-04T14:58:00Z,99.00,99.00,99.00,64.75,10.16,1.00,1.00,1.00,1.00,1.00,1.00,1.00,1.00,1.00,1.00,1.00,1.00
2026-04-04T15:02:00Z,99.00,99.00,99.00,65.00,10.16,1.00,1.00,1.00,1.00,1.00,1.00,1.00,1.00,1.00,1.00,1.00,1.00
2026-04-04T15:04:00Z,99.00,99.00,99.00,60.00,8.00,1.00,1.00,1.00,1.00,1.00,1.00,1.00,1.00,1.00,1.00,1.00,1.00
2026-04-04T15:05:00Z,99.00,99.00,99.00,65.00,8.00,1.00,1.00,1.00,1.00,1.00,1.00,1.00,1.00,1.00,1.00,1.00,1.00
2026-04-04T15:08:00Z,99.00,99.00,99.00,65.00,11.00,1.00,1.00,1.00,1.00,1.00,1.00,1.00,1.00,1.00,1.00,1.00,1.00
2026-04-04T15:15:00Z,99.00,99.00,99.00,66.00,10.28,1.00,1.00,1.00,1.00,1.00,1.00,1.00,1.00,1.00,1.00,1.00,1.00
2026-04-04T15:16:00Z,99.00,99.00,99.00,65.00,10.28,1.00,1.00,1.00,1.00,1.00,1.00,1.00,1.00,1.00,1.00,1.00,1.00
2026-04-04T15:17:00Z,99.00,99.00,99.00,65.00,8.77,1.00,1.00,1.00,1.00,1.00,1.00,1.00,1.00,1.00,1.00,1.00,1.00
2026-04-04T15:21:00Z,99.00,99.00,99.00,65.00,8.88,1.00,1.00,1.00,1.00,1.00,1.00,1.00,1.00,1.00,1.00,1.00,1.00
2026-04-04T15:23:00Z,99.00,99.00,99.00,65.00,11.00,1.00,1.00,1.00,1.00,1.00,1.00,1.00,1.00,1.00,1.00,1.00,1.00
2026-04-04T15:29:00Z,99.00,99.00,99.00,66.00,11.00,1.00,1.00,1.00,1.00,1.00,1.00,1.00,1.00,1.00,1.00,1.00,1.00
2026-04-04T15:30:00Z,99.00,99.00,99.00,66.00,11.00,1.00,1.00,1.00,1.00,1.00,1.00,1.00,1.00,1.00,1.00,1.00,1.00
2026-04-04T15:31:00Z,99.00,99.00,99.00,67.00,11.00,1.00,1.00,1.00,1.00,1.00,1.00,1.00,1.00,1.00,1.00,1.00,1.00
2026-04-04T15:33:00Z,99.00,99.00,99.00,67.00,7.00,1.00,1.00,1.00,1.00,1.00,1.00,1.00,1.00,1.00,1.00,1.00,1.00
2026-04-04T15:35:00Z,99.00,99.00,99.00,67.00,11.20,1.00,1.00,1.00,1.00,1.00,1.00,1.00,1.00,1.00,1.00,1.00,1.00
2026-04-04T15:36:00Z,99.00,99.00,99.00,67.00,11.20,1.00,1.00,1.00,1.00,1.00,1.00,1.00,1.00,1.00,1.00,1.00,1.00
2026-04-04T15:37:00Z,99.00,99.00,99.00,66.00,11.20,1.00,1.00,1.00,1.00,1.00,1.00,1.00,1.00,1.00,1.00,1.00,1.00
2026-04-04T15:42:00Z,99.00,99.00,99.00,67.00,11.00,1.00,1.00,1.00,1.00,1.00,1.00,1.00,1.00,1.00,1.00,1.00,1.00
2026-04-04T15:43:00Z,99.00,99.00,99.00,66.04,11.00,1.00,1.00,1.00,1.00,1.00,1.00,1.00,1.00,1.00,1.00,1.00,1.00
2026-04-04T15:44:00Z,99.00,99.00,99.00,64.52,11.00,1.00,1.00,1.00,1.00,1.00,1.00,1.00,1.00,1.00,1.00,1.00,1.00
2026-04-04T15:45:00Z,99.00,99.00,99.00,66.00,11.00,1.00,1.00,1.00,1.00,1.00,1.00,1.00,1.00,1.00,1.00,1.00,1.00
2026-04-04T15:47:00Z,99.00,99.00,99.00,66.00,12.97,1.00,1.00,1.00,1.00,1.00,1.00,1.00,1.00,1.00,1.00,1.00,1.00
2026-04-04T15:48:00Z,99.00,99.00,99.00,66.00,16.40,1.00,1.00,1.00,1.00,1.00,1.00,1.00,1.00,1.00,1.00,1.00,1.00
2026-04-04T15:50:00Z,99.00,99.00,99.00,66.00,19.00,1.00,1.00,1.00,1.00,1.00,1.00,1.00,1.00,1.00,1.00,1.00,1.00
2026-04-04T15:51:00Z,99.00,99.00,99.00,67.00,19.02,1.00,1.00,1.00,1.00,1.00,1.00,1.00,1.00,1.00,1.00,1.00,1.00
2026-04-04T15:52:00Z,99.00,99.00,99.00,67.00,19.02,1.00,1.00,1.00,1.00,1.00,1.00,1.00,1.00,1.00,1.00,1.00,1.00
2026-04-04T15:54:00Z,99.00,99.00,99.00,61.06,19.02,1.00,1.00,1.00,1.00,1.00,1.00,1.00,1.00,1.00,1.00,1.00,1.00
2026-04-04T15:57:00Z,99.00,99.00,99.00,67.00,19.02,1.00,1.00,1.00,1.00,1.00,1.00,1.00,1.00,1.00,1.00,1.00,1.00
2026-04-04T15:58:00Z,99.00,99.00,99.00,67.00,15.36,1.00,1.00,1.00,1.00,1.00,1.00,1.00,1.00,1.00,1.00,1.00,1.00
2026-04-04T15:59:00Z,99.00,99.00,99.00,67.00,19.00,1.00,1.00,1.00,1.00,1.00,1.00,1.00,1.00,1.00,1.00,1.00,1.00
2026-04-04T16:01:00Z,99.00,99.00,99.00,67.00,19.00,1.00,1.00,1.00,1.00,1.00,1.00,1.00,1.00,1.00,1.00,1.00,1.00
2026-04-04T16:04:00Z,99.00,99.00,99.00,67.00,19.22,1.00,1.00,1.00,1.00,1.00,1.00,1.00,1.00,1.00,1.00,1.00,1.00
2026-04-04T16:05:00Z,99.00,99.00,99.00,67.00,19.22,1.00,1.00,1.00,1.00,1.00,1.00,1.00,1.00,1.00,1.00,1.00,1.00
2026-04-04T16:06:00Z,99.00,99.00,99.00,67.00,19.22,1.00,1.00,1.00,1.00,1.00,1.00,1.00,1.00,1.00,1.00,1.00,1.00
2026-04-04T16:10:00Z,99.00,99.00,99.00,65.00,19.22,1.00,1.00,1.00,1.00,1.00,1.00,1.00,1.00,1.00,1.00,1.00,1.00
2026-04-04T16:11:00Z,99.00,99.00,99.00,67.00,19.22,1.00,1.00,1.00,1.00,1.00,1.00,1.00,1.00,1.00,1.00,1.00,1.00
2026-04-04T16:13:00Z,99.00,99.00,99.00,65.00,19.22,1.00,1.00,1.00,1.00,1.00,1.00,1.00,1.00,1.00,1.00,1.00,1.00
2026-04-04T16:14:00Z,99.00,99.00,99.00,67.00,19.22,1.00,1.00,1.00,1.00,1.00,1.00,1.00,1.00,1.00,1.00,1.00,1.00
2026-04-04T16:15:00Z,99.00,99.00,99.00,67.00,19.22,1.00,1.00,1.00,1.00,1.00,1.00,1.00,1.00,1.00,1.00,1.00,1.00
2026-04-04T16:16:00Z,99.00,99.00,99.00,67.00,21.67,1.00,1.00,1.00,1.00,1.00,1.00,1.00,1.00,1.00,1.00,1.00,1.00
2026-04-04T16:17:00Z,99.00,99.00,99.00,67.00,18.16,1.00,1.00,1.00,1.00,1.00,1.00,1.00,1.00,1.00,1.00,1.00,1.00
2026-04-04T16:19:00Z,99.00,99.00,99.00,67.00,21.78,1.00,1.00,1.00,1.00,1.00,1.00,1.00,1.00,1.00,1.00,1.00,1.00
2026-04-04T16:20:00Z,99.00,99.00,99.00,67.00,21.48,1.00,1.00,1.00,1.00,1.00,1.00,1.00,1.00,1.00,1.00,1.00,1.00
2026-04-04T16:22:00Z,99.00,99.00,99.00,67.00,22.00,1.00,1.00,1.00,1.00,1.00,1.00,1.00,1.00,1.00,1.00,1.00,1.00
2026-04-04T16:23:00Z,99.00,99.00,99.00,67.00,22.90,1.00,1.00,1.00,1.00,1.00,1.00,1.00,1.00,1.00,1.00,1.00,1.00
2026-04-04T16:25:00Z,99.00,99.00,99.00,67.00,22.00,1.00,1.00,1.00,1.00,1.00,1.00,1.00,1.00,1.00,1.00,1.00,1.00
2026-04-04T16:26:00Z,99.00,99.00,99.00,67.00,23.07,1.00,1.00,1.00,1.00,1.00,1.00,1.00,1.00,1.00,1.00,1.00,1.00
2026-04-04T16:27:00Z,99.00,99.00,99.00,66.00,23.70,1.00,1.00,1.00,1.00,1.00,1.00,1.00,1.00,1.00,1.00,1.00,1.00
2026-04-04T16:28:00Z,99.00,99.00,99.00,66.00,23.55,1.00,1.00,1.00,1.00,1.00,1.00,1.00,1.00,1.00,1.00,1.00,1.00
2026-04-04T16:29:00Z,99.00,99.00,99.00,65.00,23.55,1.00,1.00,1.00,1.00,1.00,1.00,1.00,1.00,1.00,1.00,1.00,1.00
2026-04-04T16:31:00Z,99.00,99.00,99.00,65.00,23.55,1.00,1.00,1.00,1.00,1.00,1.00,1.00,1.00,1.00,1.00,1.00,1.00
2026-04-04T16:32:00Z,99.00,99.00,99.00,67.50,23.55,1.00,1.00,1.00,1.00,1.00,1.00,1.00,1.00,1.00,1.00,1.00,1.00
2026-04-04T16:35:00Z,99.00,99.00,99.00,66.87,22.80,1.00,1.00,1.00,1.00,1.00,1.00,1.00,1.00,1.00,1.00,1.00,1.00
2026-04-04T16:36:00Z,99.00,99.00,99.00,66.87,16.64,1.00,1.00,1.00,1.00,1.00,1.00,1.00,1.00,1.00,1.00,1.00,1.00
2026-04-04T16:37:00Z,99.00,99.00,99.00,66.87,20.84,1.00,1.00,1.00,1.00,1.00,1.00,1.00,1.00,1.00,1.00,1.00,1.00
2026-04-04T16:43:00Z,99.00,99.00,99.00,67.00,20.84,1.00,1.00,1.00,1.00,1.00,1.00,1.00,1.00,1.00,1.00,1.00,1.00
2026-04-04T16:44:00Z,99.00,99.00,99.00,67.61,20.84,1.00,1.00,1.00,1.00,1.00,1.00,1.00,1.00,1.00,1.00,1.00,1.00
2026-04-04T16:48:00Z,99.00,99.00,99.00,68.17,20.00,1.00,1.00,1.00,1.00,1.00,1.00,1.00,1.00,1.00,1.00,1.00,1.00
2026-04-04T16:51:00Z,99.00,99.00,99.00,71.00,20.00,1.00,1.00,1.00,1.00,1.00,1.00,1.00,1.00,1.00,1.00,1.00,1.00
2026-04-04T16:54:00Z,99.00,99.00,99.00,70.00,20.00,1.00,1.00,1.00,1.00,1.00,1.00,1.00,1.00,1.00,1.00,1.00,1.00
2026-04-04T16:55:00Z,99.00,99.00,99.00,70.00,20.00,1.00,1.00,1.00,1.00,1.00,1.00,1.00,1.00,1.00,1.00,1.00,1.00
2026-04-04T16:56:00Z,99.00,99.00,99.00,70.00,21.00,1.00,1.00,1.00,1.00,1.00,1.00,1.00,1.00,1.00,1.00,1.00,1.00
2026-04-04T16:57:00Z,99.00,99.00,99.00,70.50,21.81,1.00,1.00,1.00,1.00,1.00,1.00,1.00,1.00,1.00,1.00,1.00,1.00
2026-04-04T16:58:00Z,99.00,99.00,99.00,71.00,21.81,1.00,1.00,1.00,1.00,1.00,1.00,1.00,1.00,1.00,1.00,1.00,1.00
2026-04-04T16:59:00Z,99.00,99.00,99.00,71.00,21.81,1.00,1.00,1.00,1.00,1.00,1.00,1.00,1.00,1.00,1.00,1.00,1.00
2026-04-04T17:00:00Z,99.00,99.00,99.00,70.00,21.81,1.00,1.00,1.00,1.00,1.00,1.00,1.00,1.00,1.00,1.00,1.00,1.00
2026-04-04T17:01:00Z,99.00,99.00,99.00,70.00,21.81,1.00,1.00,1.00,1.00,1.00,1.00,1.00,1.00,1.00,1.00,1.00,1.00
2026-04-04T17:02:00Z,99.00,99.00,99.00,70.00,21.81,1.00,1.00,1.00,1.00,1.00,1.00,1.00,1.00,1.00,1.00,1.00,1.00
2026-04-04T17:03:00Z,99.00,99.00,99.00,70.00,21.81,1.00,1.00,1.00,1.00,1.00,1.00,1.00,1.00,1.00,1.00,1.00,1.00
2026-04-04T17:04:00Z,99.00,99.00,99.00,70.00,14.30,1.00,1.00,1.00,1.00,1.00,1.00,1.00,1.00,1.00,1.00,1.00,1.00
2026-04-04T17:05:00Z,99.00,99.00,99.00,70.00,14.30,1.00,1.00,1.00,1.00,1.00,1.00,1.00,1.00,1.00,1.00,1.00,1.00
2026-04-04T17:06:00Z,99.00,99.00,99.00,70.00,14.30,1.00,1.00,1.00,1.00,1.00,1.00,1.00,1.00,1.00,1.00,1.00,1.00
2026-04-04T17:07:00Z,99.00,99.00,99.00,70.00,14.30,1.00,1.00,1.00,1.00,1.00,1.00,1.00,1.00,1.00,1.00,1.00,1.00
2026-04-04T17:08:00Z,99.00,99.00,99.00,70.90,17.00,1.00,1.00,1.00,1.00,1.00,1.00,1.00,1.00,1.00,1.00,1.00,1.00
2026-04-04T17:09:00Z,99.00,99.00,99.00,71.00,18.21,1.00,1.00,1.00,1.00,1.00,1.00,1.00,1.00,1.00,1.00,1.00,1.00
2026-04-04T17:10:00Z,99.00,99.00,99.00,71.00,18.21,1.00,1.00,1.00,1.00,1.00,1.00,1.00,1.00,1.00,1.00,1.00,1.00
2026-04-04T17:11:00Z,99.00,99.00,99.00,71.00,18.21,1.00,1.00,1.00,1.00,1.00,1.00,1.00,1.00,1.00,1.00,1.00,1.00
2026-04-04T17:12:00Z,99.00,99.00,99.00,71.00,21.68,1.00,1.00,1.00,1.00,1.00,1.00,1.00,1.00,1.00,1.00,1.00,1.00
2026-04-04T17:13:00Z,99.00,99.00,99.00,71.28,21.68,1.00,1.00,1.00,1.00,1.00,1.00,1.00,1.00,1.00,1.00,1.00,1.00
2026-04-04T17:14:00Z,99.00,99.00,99.00,72.00,21.68,1.00,1.00,1.00,1.00,1.00,1.00,1.00,1.00,1.00,1.00,1.00,1.00
2026-04-04T17:15:00Z,99.00,99.00,99.00,72.00,23.00,1.00,1.00,1.00,1.00,1.00,1.00,1.00,1.00,1.00,1.00,1.00,1.00
2026-04-04T17:16:00Z,99.00,99.00,99.00,72.00,23.00,1.00,1.00,1.00,1.00,1.00,1.00,1.00,1.00,1.00,1.00,1.00,1.00
2026-04-04T17:18:00Z,99.00,99.00,99.00,72.00,23.00,1.00,1.00,1.00,1.00,1.00,1.00,1.00,1.00,1.00,1.00,1.00,1.00
2026-04-04T17:20:00Z,99.00,99.00,99.00,68.24,23.00,1.00,1.00,1.00,1.00,1.00,1.00,1.00,1.00,1.00,1.00,1.00,1.00
2026-04-04T17:22:00Z,99.00,99.00,99.00,68.24,23.00,1.00,1.00,1.00,1.00,1.00,1.00,1.00,1.00,1.00,1.00,1.00,1.00
2026-04-04T17:23:00Z,99.00,99.00,99.00,68.66,22.00,1.00,1.00,1.00,1.00,1.00,1.00,1.00,1.00,1.00,1.00,1.00,1.00
2026-04-04T17:24:00Z,99.00,99.00,99.00,68.66,21.50,1.00,1.00,1.00,1.00,1.00,1.00,1.00,1.00,1.00,1.00,1.00,1.00
2026-04-04T17:25:00Z,99.00,99.00,99.00,68.66,21.95,1.00,1.00,1.00,1.00,1.00,1.00,1.00,1.00,1.00,1.00,1.00,1.00
2026-04-04T17:29:00Z,99.00,99.00,99.00,71.00,21.95,1.00,1.00,1.00,1.00,1.00,1.00,1.00,1.00,1.00,1.00,1.00,1.00
2026-04-04T17:30:00Z,99.00,99.00,99.00,71.00,21.00,1.00,1.00,1.00,1.00,1.00,1.00,1.00,1.00,1.00,1.00,1.00,1.00
2026-04-04T17:31:00Z,99.00,99.00,99.00,71.00,22.00,1.00,1.00,1.00,1.00,1.00,1.00,1.00,1.00,1.00,1.00,1.00,1.00
2026-04-04T17:34:00Z,99.00,99.00,99.00,71.00,22.00,1.00,1.00,1.00,1.00,1.00,1.00,1.00,1.00,1.00,1.00,1.00,1.00
2026-04-04T17:35:00Z,99.00,99.00,99.00,71.00,22.00,1.00,1.00,1.00,1.00,1.00,1.00,1.00,1.00,1.00,1.00,1.00,1.00
2026-04-04T17:37:00Z,99.00,99.00,99.00,71.00,22.00,1.00,1.00,1.00,1.00,1.00,1.00,1.00,1.00,1.00,1.00,1.00,1.00
2026-04-04T17:40:00Z,99.00,99.00,99.00,71.00,21.00,1.00,1.00,1.00,1.00,1.00,1.00,1.00,1.00,1.00,1.00,1.00,1.00
2026-04-04T17:42:00Z,99.00,99.00,99.00,71.00,21.00,1.00,1.00,1.00,1.00,1.00,1.00,1.00,1.00,1.00,1.00,1.00,1.00
2026-04-04T17:47:00Z,99.00,99.00,99.00,71.00,21.00,1.00,1.00,1.00,1.00,1.00,1.00,1.00,1.00,1.00,1.00,1.00,1.00
2026-04-04T17:48:00Z,99.00,99.00,99.00,71.00,19.00,1.00,1.00,1.00,1.00,1.00,1.00,1.00,1.00,1.00,1.00,1.00,1.00
2026-04-04T17:49:00Z,99.00,99.00,99.00,71.00,11.89,1.00,1.00,1.00,1.00,1.00,1.00,1.00,1.00,1.00,1.00,1.00,1.00
2026-04-04T17:50:00Z,99.00,99.00,99.00,71.00,14.84,1.00,1.00,1.00,1.00,1.00,1.00,1.00,1.00,1.00,1.00,1.00,1.00
2026-04-04T17:52:00Z,99.00,99.00,99.00,70.91,14.84,1.00,1.00,1.00,1.00,1.00,1.00,1.00,1.00,1.00,1.00,1.00,1.00
2026-04-04T17:53:00Z,99.00,99.00,99.00,70.91,14.84,1.00,1.00,1.00,1.00,1.00,1.00,1.00,1.00,1.00,1.00,1.00,1.00
2026-04-04T17:56:00Z,99.00,99.00,99.00,70.91,20.00,1.00,1.00,1.00,1.00,1.00,1.00,1.00,1.00,1.00,1.00,1.00,1.00
2026-04-04T17:57:00Z,99.00,99.00,99.00,70.91,14.07,1.00,1.00,1.00,1.00,1.00,1.00,1.00,1.00,1.00,1.00,1.00,1.00
2026-04-04T17:59:00Z,99.00,99.00,99.00,72.00,14.07,1.00,1.00,1.00,1.00,1.00,1.00,1.00,1.00,1.00,1.00,1.00,1.00
2026-04-04T18:00:00Z,99.00,99.00,99.00,72.00,16.00,1.00,1.00,1.00,1.00,1.00,1.00,1.00,1.00,1.00,1.00,1.00,1.00
2026-04-04T18:03:00Z,99.00,99.00,99.00,72.00,16.00,1.00,1.00,1.00,1.00,1.00,1.00,1.00,1.00,1.00,1.00,1.00,1.00
2026-04-04T18:11:00Z,99.00,99.00,99.00,77.00,12.00,1.00,1.00,1.00,1.00,1.00,1.00,1.00,1.00,1.00,1.00,1.00,1.00
2026-04-04T18:12:00Z,99.00,99.00,99.00,77.00,16.98,1.00,1.00,1.00,1.00,1.00,1.00,1.00,1.00,1.00,1.00,1.00,1.00
2026-04-04T18:18:00Z,99.00,99.00,99.00,77.00,16.80,1.00,1.00,1.00,1.00,1.00,1.00,1.00,1.00,1.00,1.00,1.00,1.00
2026-04-04T18:24:00Z,99.00,99.00,99.00,77.00,16.80,1.00,1.00,1.00,1.00,1.00,1.00,1.00,1.00,1.00,1.00,1.00,1.00
2026-04-04T18:28:00Z,99.00,99.00,99.00,77.00,16.94,1.00,1.00,1.00,1.00,1.00,1.00,1.00,1.00,1.00,1.00,1.00,1.00
2026-04-04T18:30:00Z,99.00,99.00,99.00,77.00,16.94,1.00,1.00,1.00,1.00,1.00,1.00,1.00,1.00,1.00,1.00,1.00,1.00
2026-04-04T18:31:00Z,99.00,99.00,99.00,77.00,13.20,1.00,1.00,1.00,1.00,1.00,1.00,1.00,1.00,1.00,1.00,1.00,1.00
2026-04-04T18:32:00Z,99.00,99.00,99.00,77.00,13.20,1.00,1.00,1.00,1.00,1.00,1.00,1.00,1.00,1.00,1.00,1.00,1.00
2026-04-04T18:34:00Z,99.00,99.00,99.00,77.00,17.00,1.00,1.00,1.00,1.00,1.00,1.00,1.00,1.00,1.00,1.00,1.00,1.00
2026-04-04T18:35:00Z,99.00,99.00,99.00,75.00,17.00,1.00,1.00,1.00,1.00,1.00,1.00,1.00,1.00,1.00,1.00,1.00,1.00
2026-04-04T18:38:00Z,99.00,99.00,99.00,75.00,17.00,1.00,1.00,1.00,1.00,1.00,1.00,1.00,1.00,1.00,1.00,1.00,1.00
2026-04-04T18:39:00Z,99.00,99.00,99.00,72.06,17.00,1.00,1.00,1.00,1.00,1.00,1.00,1.00,1.00,1.00,1.00,1.00,1.00
2026-04-04T18:45:00Z,99.00,99.00,99.00,72.06,17.00,1.00,1.00,1.00,1.00,1.00,1.00,1.00,1.00,1.00,1.00,1.00,1.00
2026-04-04T18:46:00Z,99.00,99.00,99.00,72.06,17.00,1.00,1.00,1.00,1.00,1.00,1.00,1.00,1.00,1.00,1.00,1.00,1.00
2026-04-04T18:50:00Z,99.00,99.00,99.00,75.10,17.00,1.00,1.00,1.00,1.00,1.00,1.00,1.00,1.00,1.00,1.00,1.00,1.00
2026-04-04T18:53:00Z,99.00,99.00,99.00,75.10,17.00,1.00,1.00,1.00,1.00,1.00,1.00,1.00,1.00,1.00,1.00,1.00,1.00
2026-04-04T18:54:00Z,99.00,99.00,99.00,78.51,17.00,1.00,1.00,1.00,1.00,1.00,1.00,1.00,1.00,1.00,1.00,1.00,1.00
2026-04-04T18:55:00Z,99.00,99.00,99.00,79.00,12.33,1.00,1.00,1.00,1.00,1.00,1.00,1.00,1.00,1.00,1.00,1.00,1.00
2026-04-04T18:56:00Z,99.00,99.00,99.00,76.00,16.59,1.00,1.00,1.00,1.00,1.00,1.00,1.00,1.00,1.00,1.00,1.00,1.00
2026-04-04T18:57:00Z,99.00,99.00,99.00,76.00,20.00,1.00,1.00,1.00,1.00,1.00,1.00,1.00,1.00,1.00,1.00,1.00,1.00
2026-04-04T18:58:00Z,99.00,99.00,99.00,76.00,20.00,1.00,1.00,1.00,1.00,1.00,1.00,1.00,1.00,1.00,1.00,1.00,1.00
2026-04-04T18:59:00Z,99.00,99.00,99.00,79.00,20.00,1.00,1.00,1.00,1.00,1.00,1.00,1.00,1.00,1.00,1.00,1.00,1.00
2026-04-04T19:02:00Z,99.00,99.00,99.00,79.00,20.00,1.00,1.00,1.00,1.00,1.00,1.00,1.00,1.00,1.00,1.00,1.00,1.00
2026-04-04T19:03:00Z,99.00,99.00,99.00,79.00,19.13,1.00,1.00,1.00,1.00,1.00,1.00,1.00,1.00,1.00,1.00,1.00,1.00
2026-04-04T19:04:00Z,99.00,99.00,99.00,80.00,19.13,1.00,1.00,1.00,1.00,1.00,1.00,1.00,1.00,1.00,1.00,1.00,1.00
2026-04-04T19:05:00Z,99.00,99.00,99.00,80.00,19.13,1.00,1.00,1.00,1.00,1.00,1.00,1.00,1.00,1.00,1.00,1.00,1.00
2026-04-04T19:08:00Z,99.00,99.00,99.00,80.00,17.29,1.00,1.00,1.00,1.00,1.00,1.00,1.00,1.00,1.00,1.00,1.00,1.00
2026-04-04T19:09:00Z,99.00,99.00,99.00,80.00,17.29,1.00,1.00,1.00,1.00,1.00,1.00,1.00,1.00,1.00,1.00,1.00,1.00
2026-04-04T19:11:00Z,99.00,99.00,99.00,80.00,17.29,1.00,1.00,1.00,1.00,1.00,1.00,1.00,1.00,1.00,1.00,1.00,1.00
2026-04-04T19:12:00Z,99.00,99.00,99.00,79.00,17.29,1.00,1.00,1.00,1.00,1.00,1.00,1.00,1.00,1.00,1.00,1.00,1.00
2026-04-04T19:13:00Z,99.00,99.00,99.00,80.00,17.29,1.00,1.00,1.00,1.00,1.00,1.00,1.00,1.00,1.00,1.00,1.00,1.00
2026-04-04T19:15:00Z,99.00,99.00,99.00,80.00,18.00,1.00,1.00,1.00,1.00,1.00,1.00,1.00,1.00,1.00,1.00,1.00,1.00
2026-04-04T19:16:00Z,99.00,99.00,99.00,80.00,18.00,1.00,1.00,1.00,1.00,1.00,1.00,1.00,1.00,1.00,1.00,1.00,1.00
2026-04-04T19:17:00Z,99.00,99.00,99.00,80.00,22.05,1.00,1.00,1.00,1.00,1.00,1.00,1.00,1.00,1.00,1.00,1.00,1.00
2026-04-04T19:23:00Z,99.00,99.00,99.00,80.00,22.00,1.00,1.00,1.00,1.00,1.00,1.00,1.00,1.00,1.00,1.00,1.00,1.00
2026-04-04T19:25:00Z,99.00,99.00,99.00,80.00,20.08,1.00,1.00,1.00,1.00,1.00,1.00,1.00,1.00,1.00,1.00,1.00,1.00
2026-04-04T19:26:00Z,99.00,99.00,99.00,83.91,20.00,1.00,1.00,1.00,1.00,1.00,1.00,1.00,1.00,1.00,1.00,1.00,1.00
2026-04-04T19:29:00Z,99.00,99.00,99.00,83.91,27.83,1.00,1.00,1.00,1.00,1.00,1.00,1.00,1.00,1.00,1.00,1.00,1.00
2026-04-04T19:30:00Z,99.00,99.00,99.00,86.00,27.83,1.00,1.00,1.00,1.00,1.00,1.00,1.00,1.00,1.00,1.00,1.00,1.00
2026-04-04T19:34:00Z,99.00,99.00,99.00,86.00,27.83,1.00,1.00,1.00,1.00,1.00,1.00,1.00,1.00,1.00,1.00,1.00,1.00
2026-04-04T19:35:00Z,99.00,99.00,99.00,86.00,27.83,1.00,1.00,1.00,1.00,1.00,1.00,1.00,1.00,1.00,1.00,1.00,1.00
2026-04-04T19:39:00Z,99.00,99.00,99.00,85.25,27.83,1.00,1.00,1.00,1.00,1.00,1.00,1.00,1.00,1.00,1.00,1.00,1.00
2026-04-04T19:42:00Z,99.00,99.00,99.00,84.00,27.83,1.00,1.00,1.00,1.00,1.00,1.00,1.00,1.00,1.00,1.00,1.00,1.00
2026-04-04T19:44:00Z,99.00,99.00,99.00,84.00,28.54,1.00,1.00,1.00,1.00,1.00,1.00,1.00,1.00,1.00,1.00,1.00,1.00
2026-04-04T19:45:00Z,99.00,99.00,99.00,84.00,28.54,1.00,1.00,1.00,1.00,1.00,1.00,1.00,1.00,1.00,1.00,1.00,1.00
2026-04-04T19:49:00Z,99.00,99.00,99.00,84.00,28.46,1.00,1.00,1.00,1.00,1.00,1.00,1.00,1.00,1.00,1.00,1.00,1.00
2026-04-04T19:52:00Z,99.00,99.00,99.00,84.00,30.00,1.00,1.00,1.00,1.00,1.00,1.00,1.00,1.00,1.00,1.00,1.00,1.00
2026-04-04T19:53:00Z,99.00,99.00,99.00,84.00,30.97,1.00,1.00,1.00,1.00,1.00,1.00,1.00,1.00,1.00,1.00,1.00,1.00
2026-04-04T19:54:00Z,99.00,99.00,99.00,84.00,31.00,1.00,1.00,1.00,1.00,1.00,1.00,1.00,1.00,1.00,1.00,1.00,1.00
2026-04-04T19:58:00Z,99.00,99.00,99.00,84.00,31.00,1.00,1.00,1.00,1.00,1.00,1.00,1.00,1.00,1.00,1.00,1.00,1.00
2026-04-04T20:00:00Z,99.00,99.00,99.00,84.00,32.86,1.00,1.00,1.00,1.00,1.00,1.00,1.00,1.00,1.00,1.00,1.00,1.00
2026-04-04T20:02:00Z,99.00,99.00,99.00,81.92,32.86,1.00,1.00,1.00,1.00,1.00,1.00,1.00,1.00,1.00,1.00,1.00,1.00
2026-04-04T20:03:00Z,99.00,99.00,99.00,86.00,32.86,1.00,1.00,1.00,1.00,1.00,1.00,1.00,1.00,1.00,1.00,1.00,1.00
2026-04-04T20:04:00Z,99.00,99.00,99.00,86.00,28.35,1.00,1.00,1.00,1.00,1.00,1.00,1.00,1.00,1.00,1.00,1.00,1.00
2026-04-04T20:05:00Z,99.00,99.00,99.00,86.00,32.00,1.00,1.00,1.00,1.00,1.00,1.00,1.00,1.00,1.00,1.00,1.00,1.00
2026-04-04T20:07:00Z,99.00,99.00,99.00,86.00,36.19,1.00,1.00,1.00,1.00,1.00,1.00,1.00,1.00,1.00,1.00,1.00,1.00
2026-04-04T20:08:00Z,99.00,99.00,99.00,86.00,36.19,1.00,1.00,1.00,1.00,1.00,1.00,1.00,1.00,1.00,1.00,1.00,1.00
2026-04-04T20:09:00Z,99.00,99.00,99.00,86.00,34.00,1.00,1.00,1.00,1.00,1.00,1.00,1.00,1.00,1.00,1.00,1.00,1.00
2026-04-04T20:10:00Z,99.00,99.00,99.00,86.00,34.00,1.00,1.00,1.00,1.00,1.00,1.00,1.00,1.00,1.00,1.00,1.00,1.00
2026-04-04T20:11:00Z,99.00,99.00,99.00,82.00,34.00,1.00,1.00,1.00,1.00,1.00,1.00,1.00,1.00,1.00,1.00,1.00,1.00
2026-04-04T20:14:00Z,99.00,99.00,99.00,82.00,35.00,1.00,1.00,1.00,1.00,1.00,1.00,1.00,1.00,1.00,1.00,1.00,1.00
2026-04-04T20:15:00Z,99.00,99.00,99.00,82.00,35.37,1.00,1.00,1.00,1.00,1.00,1.00,1.00,1.00,1.00,1.00,1.00,1.00
2026-04-04T20:16:00Z,99.00,99.00,99.00,82.00,35.60,1.00,1.00,1.00,1.00,1.00,1.00,1.00,1.00,1.00,1.00,1.00,1.00
2026-04-04T20:17:00Z,99.00,99.00,99.00,82.00,35.60,1.00,1.00,1.00,1.00,1.00,1.00,1.00,1.00,1.00,1.00,1.00,1.00
2026-04-04T20:19:00Z,99.00,99.00,99.00,82.00,35.60,1.00,1.00,1.00,1.00,1.00,1.00,1.00,1.00,1.00,1.00,1.00,1.00
2026-04-04T20:20:00Z,99.00,99.00,99.00,82.00,35.85,1.00,1.00,1.00,1.00,1.00,1.00,1.00,1.00,1.00,1.00,1.00,1.00
2026-04-04T20:21:00Z,99.00,99.00,99.00,82.00,35.85,1.00,1.00,1.00,1.00,1.00,1.00,1.00,1.00,1.00,1.00,1.00,1.00
2026-04-04T20:22:00Z,99.00,99.00,99.00,82.00,35.85,1.00,1.00,1.00,1.00,1.00,1.00,1.00,1.00,1.00,1.00,1.00,1.00
2026-04-04T20:23:00Z,99.00,99.00,99.00,82.00,36.62,1.00,1.00,1.00,1.00,1.00,1.00,1.00,1.00,1.00,1.00,1.00,1.00
2026-04-04T20:27:00Z,99.00,99.00,99.00,83.07,36.62,1.00,1.00,1.00,1.00,1.00,1.00,1.00,1.00,1.00,1.00,1.00,1.00
2026-04-04T20:28:00Z,99.00,99.00,99.00,83.07,36.62,1.00,1.00,1.00,1.00,1.00,1.00,1.00,1.00,1.00,1.00,1.00,1.00
2026-04-04T20:31:00Z,99.00,99.00,99.00,83.07,32.36,1.00,1.00,1.00,1.00,1.00,1.00,1.00,1.00,1.00,1.00,1.00,1.00
2026-04-04T20:33:00Z,99.00,99.00,99.00,83.07,32.36,1.00,1.00,1.00,1.00,1.00,1.00,1.00,1.00,1.00,1.00,1.00,1.00
2026-04-04T20:37:00Z,99.00,99.00,99.00,83.07,32.36,1.00,1.00,1.00,1.00,1.00,1.00,1.00,1.00,1.00,1.00,1.00,1.00
2026-04-04T20:39:00Z,99.00,99.00,99.00,84.00,32.36,1.00,1.00,1.00,1.00,1.00,1.00,1.00,1.00,1.00,1.00,1.00,1.00
2026-04-04T20:41:00Z,99.00,99.00,99.00,84.00,35.80,1.00,1.00,1.00,1.00,1.00,1.00,1.00,1.00,1.00,1.00,1.00,1.00
2026-04-04T20:45:00Z,99.00,99.00,99.00,84.00,35.80,1.00,1.00,1.00,1.00,1.00,1.00,1.00,1.00,1.00,1.00,1.00,1.00
2026-04-04T20:46:00Z,99.00,99.00,99.00,84.00,35.80,1.00,1.00,1.00,1.00,1.00,1.00,1.00,1.00,1.00,1.00,1.00,1.00
2026-04-04T20:47:00Z,99.00,99.00,99.00,84.00,35.07,1.00,1.00,1.00,1.00,1.00,1.00,1.00,1.00,1.00,1.00,1.00,1.00
2026-04-04T20:48:00Z,99.00,99.00,99.00,84.00,29.42,1.00,1.00,1.00,1.00,1.00,1.00,1.00,1.00,1.00,1.00,1.00,1.00
2026-04-04T20:49:00Z,99.00,99.00,99.00,84.00,19.14,1.00,1.00,1.00,1.00,1.00,1.00,1.00,1.00,1.00,1.00,1.00,1.00
2026-04-04T20:50:00Z,99.00,99.00,99.00,93.37,35.00,1.00,1.00,1.00,1.00,1.00,1.00,1.00,1.00,1.00,1.00,1.00,1.00
2026-04-04T20:52:00Z,99.00,99.00,99.00,91.00,35.00,1.00,1.00,1.00,1.00,1.00,1.00,1.00,1.00,1.00,1.00,1.00,1.00
2026-04-04T20:53:00Z,99.00,99.00,99.00,91.00,35.00,1.00,1.00,1.00,1.00,1.00,1.00,1.00,1.00,1.00,1.00,1.00,1.00
2026-04-04T20:56:00Z,99.00,99.00,99.00,91.00,35.00,1.00,1.00,1.00,1.00,1.00,1.00,1.00,1.00,1.00,1.00,1.00,1.00
2026-04-04T20:57:00Z,99.00,99.00,99.00,91.00,35.00,1.00,1.00,1.00,1.00,1.00,1.00,1.00,1.00,1.00,1.00,1.00,1.00
2026-04-04T20:59:00Z,99.00,99.00,99.00,91.00,35.00,1.00,1.00,1.00,1.00,1.00,1.00,1.00,1.00,1.00,1.00,1.00,1.00
2026-04-04T21:01:00Z,99.00,99.00,99.00,91.00,35.92,1.00,1.00,1.00,1.00,1.00,1.00,1.00,1.00,1.00,1.00,1.00,1.00
2026-04-04T21:07:00Z,99.00,99.00,99.00,91.00,35.00,1.00,1.00,1.00,1.00,1.00,1.00,1.00,1.00,1.00,1.00,1.00,1.00
2026-04-04T21:08:00Z,99.00,99.00,99.00,86.37,35.00,1.00,1.00,1.00,1.00,1.00,1.00,1.00,1.00,1.00,1.00,1.00,1.00
2026-04-04T21:09:00Z,99.00,99.00,99.00,83.80,35.00,1.00,1.00,1.00,1.00,1.00,1.00,1.00,1.00,1.00,1.00,1.00,1.00
2026-04-04T21:11:00Z,99.00,99.00,99.00,83.80,36.94,1.00,1.00,1.00,1.00,1.00,1.00,1.00,1.00,1.00,1.00,1.00,1.00
2026-04-04T21:13:00Z,99.00,99.00,99.00,83.80,36.94,1.00,1.00,1.00,1.00,1.00,1.00,1.00,1.00,1.00,1.00,1.00,1.00
2026-04-04T21:16:00Z,99.00,99.00,99.00,83.80,37.00,1.00,1.00,1.00,1.00,1.00,1.00,1.00,1.00,1.00,1.00,1.00,1.00
2026-04-04T21:17:00Z,99.00,99.00,99.00,89.00,37.00,1.00,1.00,1.00,1.00,1.00,1.00,1.00,1.00,1.00,1.00,1.00,1.00
2026-04-04T21:18:00Z,99.00,99.00,99.00,89.00,38.75,1.00,1.00,1.00,1.00,1.00,1.00,1.00,1.00,1.00,1.00,1.00,1.00
2026-04-04T21:19:00Z,99.00,99.00,99.00,89.00,38.75,1.00,1.00,1.00,1.00,1.00,1.00,1.00,1.00,1.00,1.00,1.00,1.00
2026-04-04T21:20:00Z,99.00,99.00,99.00,89.00,29.14,1.00,1.00,1.00,1.00,1.00,1.00,1.00,1.00,1.00,1.00,1.00,1.00
2026-04-04T21:21:00Z,99.00,99.00,99.00,89.00,29.14,1.00,1.00,1.00,1.00,1.00,1.00,1.00,1.00,1.00,1.00,1.00,1.00
2026-04-04T21:25:00Z,99.00,99.00,99.00,89.00,29.14,1.00,1.00,1.00,1.00,1.00,1.00,1.00,1.00,1.00,1.00,1.00,1.00
2026-04-04T21:26:00Z,99.00,99.00,99.00,89.00,30.40,1.00,1.00,1.00,1.00,1.00,1.00,1.00,1.00,1.00,1.00,1.00,1.00
2026-04-04T21:28:00Z,99.00,99.00,99.00,86.81,30.40,1.00,1.00,1.00,1.00,1.00,1.00,1.00,1.00,1.00,1.00,1.00,1.00
2026-04-04T21:29:00Z,99.00,99.00,99.00,74.28,25.00,1.00,1.00,1.00,1.00,1.00,1.00,1.00,1.00,1.00,1.00,1.00,1.00
2026-04-04T21:30:00Z,99.00,99.00,99.00,89.00,29.00,1.00,1.00,1.00,1.00,1.00,1.00,1.00,1.00,1.00,1.00,1.00,1.00
2026-04-04T21:33:00Z,99.00,99.00,99.00,89.00,30.77,1.00,1.00,1.00,1.00,1.00,1.00,1.00,1.00,1.00,1.00,1.00,1.00
2026-04-04T21:36:00Z,99.00,99.00,99.00,89.00,30.77,1.00,1.00,1.00,1.00,1.00,1.00,1.00,1.00,1.00,1.00,1.00,1.00
2026-04-04T21:39:00Z,99.00,99.00,99.00,89.00,36.97,1.00,1.00,1.00,1.00,1.00,1.00,1.00,1.00,1.00,1.00,1.00,1.00
2026-04-04T21:42:00Z,99.00,99.00,99.00,89.00,28.25,1.00,1.00,1.00,1.00,1.00,1.00,1.00,1.00,1.00,1.00,1.00,1.00
2026-04-04T21:44:00Z,99.00,99.00,99.00,89.00,28.25,1.00,1.00,1.00,1.00,1.00,1.00,1.00,1.00,1.00,1.00,1.00,1.00
2026-04-04T21:45:00Z,99.00,99.00,99.00,89.00,34.00,1.00,1.00,1.00,1.00,1.00,1.00,1.00,1.00,1.00,1.00,1.00,1.00
2026-04-04T21:48:00Z,99.00,99.00,99.00,89.00,29.15,1.00,1.00,1.00,1.00,1.00,1.00,1.00,1.00,1.00,1.00,1.00,1.00
2026-04-04T21:53:00Z,99.00,99.00,99.00,81.00,29.15,1.00,1.00,1.00,1.00,1.00,1.00,1.00,1.00,1.00,1.00,1.00,1.00
2026-04-04T21:54:00Z,99.00,99.00,99.00,81.00,29.15,1.00,1.00,1.00,1.00,1.00,1.00,1.00,1.00,1.00,1.00,1.00,1.00
2026-04-04T21:55:00Z,99.00,99.00,99.00,80.00,31.60,1.00,1.00,1.00,1.00,1.00,1.00,1.00,1.00,1.00,1.00,1.00,1.00
2026-04-04T21:58:00Z,99.00,99.00,99.00,84.00,31.60,1.00,1.00,1.00,1.00,1.00,1.00,1.00,1.00,1.00,1.00,1.00,1.00
2026-04-04T22:02:00Z,99.00,99.00,99.00,86.00,31.60,1.00,1.00,1.00,1.00,1.00,1.00,1.00,1.00,1.00,1.00,1.00,1.00
2026-04-04T22:03:00Z,99.00,99.00,99.00,86.00,30.20,1.00,1.00,1.00,1.00,1.00,1.00,1.00,1.00,1.00,1.00,1.00,1.00
2026-04-04T22:06:00Z,99.00,99.00,99.00,86.00,37.00,1.00,1.00,1.00,1.00,1.00,1.00,1.00,1.00,1.00,1.00,1.00,1.00
2026-04-04T22:07:00Z,99.00,99.00,99.00,86.00,37.20,1.00,1.00,1.00,1.00,1.00,1.00,1.00,1.00,1.00,1.00,1.00,1.00
2026-04-04T22:08:00Z,99.00,99.00,99.00,86.00,39.08,1.00,1.00,1.00,1.00,1.00,1.00,1.00,1.00,1.00,1.00,1.00,1.00
2026-04-04T22:09:00Z,99.00,99.00,99.00,86.00,39.08,1.00,1.00,1.00,1.00,1.00,1.00,1.00,1.00,1.00,1.00,1.00,1.00
2026-04-04T22:13:00Z,99.00,99.00,99.00,86.00,40.00,1.00,1.00,1.00,1.00,1.00,1.00,1.00,1.00,1.00,1.00,1.00,1.00
2026-04-04T22:15:00Z,99.00,99.00,99.00,86.00,34.62,1.00,1.00,1.00,1.00,1.00,1.00,1.00,1.00,1.00,1.00,1.00,1.00
2026-04-04T22:16:00Z,99.00,99.00,99.00,86.00,34.62,1.00,1.00,1.00,1.00,1.00,1.00,1.00,1.00,1.00,1.00,1.00,1.00
2026-04-04T22:17:00Z,99.00,99.00,99.00,86.00,34.62,1.00,1.00,1.00,1.00,1.00,1.00,1.00,1.00,1.00,1.00,1.00,1.00
2026-04-04T22:19:00Z,99.00,99.00,99.00,89.00,40.88,1.00,1.00,1.00,1.00,1.00,1.00,1.00,1.00,1.00,1.00,1.00,1.00
2026-04-04T22:20:00Z,99.00,99.00,99.00,89.00,40.88,1.00,1.00,1.00,1.00,1.00,1.00,1.00,1.00,1.00,1.00,1.00,1.00
2026-04-04T22:21:00Z,99.00,99.00,99.00,89.00,41.89,1.00,1.00,1.00,1.00,1.00,1.00,1.00,1.00,1.00,1.00,1.00,1.00
2026-04-04T22:22:00Z,99.00,99.00,99.00,89.00,40.39,1.00,1.00,1.00,1.00,1.00,1.00,1.00,1.00,1.00,1.00,1.00,1.00
2026-04-04T22:23:00Z,99.00,99.00,99.00,89.97,40.00,1.00,1.00,1.00,1.00,1.00,1.00,1.00,1.00,1.00,1.00,1.00,1.00
2026-04-04T22:24:00Z,99.00,99.00,99.00,89.97,40.00,1.00,1.00,1.00,1.00,1.00,1.00,1.00,1.00,1.00,1.00,1.00,1.00
2026-04-04T22:26:00Z,99.00,99.00,99.00,89.97,37.03,1.00,1.00,1.00,1.00,1.00,1.00,1.00,1.00,1.00,1.00,1.00,1.00
2026-04-04T22:27:00Z,99.00,99.00,99.00,89.97,31.66,1.00,1.00,1.00,1.00,1.00,1.00,1.00,1.00,1.00,1.00,1.00,1.00
2026-04-04T22:34:00Z,99.00,99.00,99.00,89.97,25.92,1.00,1.00,1.00,1.00,1.00,1.00,1.00,1.00,1.00,1.00,1.00,1.00
2026-04-04T22:38:00Z,99.00,99.00,99.00,89.97,25.92,1.84,1.00,1.00,1.00,1.00,1.00,1.00,1.00,1.00,1.00,1.00,1.00
2026-04-04T22:39:00Z,99.00,99.00,99.00,91.00,25.92,1.84,1.00,1.00,1.00,1.00,1.00,1.00,1.00,1.00,1.00,1.00,1.00
2026-04-04T22:42:00Z,99.00,99.00,99.00,91.00,30.66,1.84,1.00,1.00,1.00,1.00,1.00,1.00,1.00,1.00,1.00,1.00,1.00
2026-04-04T22:44:00Z,99.00,99.00,99.00,92.00,30.66,1.84,1.00,1.00,1.00,1.00,1.00,1.00,1.00,1.00,1.00,1.00,1.00
2026-04-04T22:46:00Z,99.00,99.00,99.00,92.00,37.78,1.84,1.00,1.00,1.00,1.00,1.00,1.00,1.00,1.00,1.00,1.00,1.00
2026-04-04T22:47:00Z,99.00,99.00,99.00,94.00,37.78,1.84,1.00,1.00,1.00,1.00,1.00,1.00,1.00,1.00,1.00,1.00,1.00
2026-04-04T22:52:00Z,99.00,99.00,99.00,94.00,37.78,1.84,1.00,1.00,1.00,1.00,1.00,1.00,1.00,1.00,1.00,1.00,1.00
2026-04-04T22:54:00Z,99.00,99.00,99.00,94.00,37.00,1.84,1.00,1.00,1.00,1.00,1.00,1.00,1.00,1.00,1.00,1.00,1.00
2026-04-04T22:55:00Z,99.00,99.00,99.00,93.00,31.00,1.84,1.00,1.00,1.00,1.00,1.00,1.00,1.00,1.00,1.00,1.00,1.00
2026-04-04T22:56:00Z,99.00,99.00,99.00,93.00,30.11,1.84,1.00,1.00,1.00,1.00,1.00,1.00,1.00,1.00,1.00,1.00,1.00
2026-04-04T22:57:00Z,99.00,99.00,99.00,93.00,31.00,1.84,1.00,1.00,1.00,1.00,1.00,1.00,1.00,1.00,1.00,1.00,1.00
2026-04-04T22:58:00Z,99.00,99.00,99.00,93.00,35.40,2.00,1.00,1.00,1.00,1.00,1.00,1.00,1.00,1.00,1.00,1.00,1.00
2026-04-04T22:59:00Z,99.00,99.00,99.00,93.00,30.00,2.00,1.00,1.00,1.00,1.00,1.00,1.00,1.00,1.00,1.00,1.00,1.00
2026-04-04T23:00:00Z,99.00,99.00,99.00,93.00,29.00,2.00,1.00,1.00,1.00,1.00,1.00,1.00,1.00,1.00,1.00,1.00,1.00
2026-04-04T23:04:00Z,99.00,99.00,99.00,91.96,29.00,2.00,1.00,1.00,1.00,1.00,1.00,1.00,1.00,1.00,1.00,1.00,1.00
2026-04-04T23:06:00Z,99.00,99.00,99.00,92.00,29.00,2.00,1.00,1.00,1.00,1.00,1.00,1.00,1.00,1.00,1.00,1.00,1.00
2026-04-04T23:07:00Z,99.00,99.00,99.00,92.00,29.00,2.00,1.00,1.00,1.00,1.00,1.00,1.00,1.00,1.00,1.00,1.00,1.00
2026-04-04T23:10:00Z,99.00,99.00,99.00,93.00,29.00,2.00,1.00,1.00,1.00,1.00,1.00,1.00,1.00,1.00,1.00,1.00,1.00
2026-04-04T23:13:00Z,99.00,99.00,99.00,93.00,27.47,2.00,1.00,1.00,1.00,1.00,1.00,1.00,1.00,1.00,1.00,1.00,1.00
2026-04-04T23:16:00Z,99.00,99.00,99.00,93.00,27.47,2.00,1.00,1.00,1.00,1.00,1.00,1.00,1.00,1.00,1.00,1.00,1.00
2026-04-04T23:18:00Z,99.00,99.00,99.00,93.00,27.47,2.00,1.00,1.00,1.00,1.00,1.00,1.00,1.00,1.00,1.00,1.00,1.00
2026-04-04T23:19:00Z,99.00,99.00,99.00,93.00,35.64,2.00,1.00,1.00,1.00,1.00,1.00,1.00,1.00,1.00,1.00,1.00,1.00
2026-04-04T23:22:00Z,99.00,99.00,99.00,93.00,35.64,2.00,1.00,1.00,1.00,1.00,1.00,1.00,1.00,1.00,1.00,1.00,1.00
2026-04-04T23:23:00Z,99.00,99.00,99.00,93.00,29.00,2.00,1.00,1.00,1.00,1.00,1.00,1.00,1.00,1.00,1.00,1.00,1.00
2026-04-04T23:25:00Z,99.00,99.00,99.00,93.00,29.85,2.00,1.00,1.00,1.00,1.00,1.00,1.00,1.00,1.00,1.00,1.00,1.00
2026-04-04T23:26:00Z,99.00,99.00,99.00,93.00,34.00,2.00,1.00,1.00,1.00,1.00,1.00,1.00,1.00,1.00,1.00,1.00,1.00
2026-04-04T23:30:00Z,99.00,99.00,99.00,93.00,32.60,2.00,1.00,1.00,1.00,1.00,1.00,1.00,1.00,1.00,1.00,1.00,1.00
2026-04-04T23:31:00Z,99.00,99.00,99.00,93.00,32.85,2.00,1.00,1.00,1.00,1.00,1.00,1.00,1.00,1.00,1.00,1.00,1.00
2026-04-04T23:32:00Z,99.00,99.00,99.00,93.00,32.00,2.00,1.00,1.00,1.00,1.00,1.00,1.00,1.00,1.00,1.00,1.00,1.00
2026-04-04T23:33:00Z,99.00,99.00,99.00,93.00,35.18,2.00,1.00,1.00,1.00,1.00,1.00,1.00,1.00,1.00,1.00,1.00,1.00
2026-04-04T23:36:00Z,99.00,99.00,99.00,91.17,36.22,2.00,1.00,1.00,1.00,1.00,1.00,1.00,1.00,1.00,1.00,1.00,1.00
2026-04-04T23:39:00Z,99.00,99.00,99.00,91.17,36.41,2.00,1.00,1.00,1.00,1.00,1.00,1.00,1.00,1.00,1.00,1.00,1.00
2026-04-04T23:41:00Z,99.00,99.00,99.00,93.00,36.41,2.00,1.00,1.00,1.00,1.00,1.00,1.00,1.00,1.00,1.00,1.00,1.00
2026-04-04T23:45:00Z,99.00,99.00,99.00,91.93,32.00,2.00,1.00,1.00,1.00,1.00,1.00,1.00,1.00,1.00,1.00,1.00,1.00
2026-04-04T23:47:00Z,99.00,99.00,99.00,91.93,32.00,2.00,1.00,1.00,1.00,1.00,1.00,1.00,1.00,1.00,1.00,1.00,1.00
2026-04-04T23:48:00Z,99.00,99.00,99.00,91.93,32.00,2.00,1.00,1.00,1.00,1.00,1.00,1.00,1.00,1.00,1.00,1.00,1.00
2026-04-04T23:49:00Z,99.00,99.00,99.00,91.93,32.00,2.00,1.00,1.00,1.00,1.00,1.00,1.00,1.00,1.00,1.00,1.00,1.00
2026-04-04T23:50:00Z,99.00,99.00,99.00,91.91,32.00,2.00,1.00,1.00,1.00,1.00,1.00,1.00,1.00,1.00,1.00,1.00,1.00
2026-04-04T23:51:00Z,99.00,99.00,99.00,91.91,29.33,2.00,1.00,1.00,1.00,1.00,1.00,1.00,1.00,1.00,1.00,1.00,1.00
2026-04-04T23:52:00Z,99.00,99.00,99.00,93.00,29.33,2.00,1.00,1.00,1.00,1.00,1.00,1.00,1.00,1.00,1.00,1.00,1.00
2026-04-04T23:53:00Z,99.00,99.00,99.00,93.00,29.33,2.00,1.00,1.00,1.00,1.00,1.00,1.00,1.00,1.00,1.00,1.00,1.00
2026-04-04T23:54:00Z,99.00,99.00,99.00,91.12,27.73,2.00,1.00,1.00,1.00,1.00,1.00,1.00,1.00,1.00,1.00,1.00,1.00
2026-04-04T23:56:00Z,99.00,99.00,99.00,93.00,27.73,2.00,1.00,1.00,1.00,1.00,1.00,1.00,1.00,1.00,1.00,1.00,1.00
2026-04-04T23:57:00Z,99.00,99.00,99.00,93.00,30.00,2.00,1.00,1.00,1.00,1.00,1.00,1.00,1.00,1.00,1.00,1.00,1.00
2026-04-04T23:59:00Z,99.00,99.00,99.00,93.00,30.00,2.00,1.00,1.00,1.00,1.00,1.00,1.00,1.00,1.00,1.00,1.00,1.00
2026-04-05T00:02:00Z,99.00,99.00,99.00,93.00,30.00,2.00,1.00,1.00,1.00,1.00,1.00,1.00,1.00,1.00,1.00,1.00,1.00
2026-04-05T00:03:00Z,99.00,99.00,99.00,93.00,29.00,2.00,1.00,1.00,1.00,1.00,1.00,1.00,1.00,1.00,1.00,1.00,1.00
2026-04-05T00:04:00Z,99.00,99.00,99.00,93.00,29.00,1.00,1.00,1.00,1.00,1.00,1.00,1.00,1.00,1.00,1.00,1.00,1.00
2026-04-05T00:05:00Z,99.00,99.00,99.00,93.00,29.00,1.00,1.00,1.00,1.00,1.00,1.00,1.00,1.00,1.00,1.00,1.00,1.00
2026-04-05T00:07:00Z,99.00,99.00,99.00,93.00,29.00,1.00,1.00,1.00,1.00,1.00,1.00,1.00,1.00,1.00,1.00,1.00,1.00
2026-04-05T00:08:00Z,99.00,99.00,99.00,93.00,29.00,1.00,1.00,1.00,1.00,1.00,1.00,1.00,1.00,1.00,1.00,1.00,1.00
2026-04-05T00:09:00Z,99.00,99.00,99.00,93.00,29.00,1.00,1.00,1.00,1.00,1.00,1.00,1.00,1.00,1.00,1.00,1.00,1.00
2026-04-05T00:12:00Z,99.00,99.00,99.00,93.00,28.00,1.00,1.00,1.00,1.00,1.00,1.00,1.00,1.00,1.00,1.00,1.00,1.00
2026-04-05T00:13:00Z,99.00,99.00,99.00,93.00,27.38,1.00,1.00,1.00,1.00,1.00,1.00,1.00,1.00,1.00,1.00,1.00,1.00
2026-04-05T00:15:00Z,99.00,99.00,99.00,93.00,28.00,1.00,1.00,1.00,1.00,1.00,1.00,1.00,1.00,1.00,1.00,1.00,1.00
2026-04-05T00:16:00Z,99.00,99.00,99.00,93.00,28.00,1.00,1.00,1.00,1.00,1.00,1.00,1.00,1.00,1.00,1.00,1.00,1.00
2026-04-05T00:17:00Z,99.00,99.00,99.00,93.00,28.00,1.00,1.00,1.00,1.00,1.00,1.00,1.00,1.00,1.00,1.00,1.00,1.00
2026-04-05T00:18:00Z,99.00,99.00,99.00,93.00,28.00,1.00,1.00,1.00,1.00,1.00,1.00,1.00,1.00,1.00,1.00,1.00,1.00
2026-04-05T00:21:00Z,99.00,99.00,99.00,93.00,32.32,1.00,1.00,1.00,1.00,1.00,1.00,1.00,1.00,1.00,1.00,1.00,1.00
2026-04-05T00:26:00Z,99.00,99.00,99.00,93.00,37.41,1.00,1.00,1.00,1.00,1.00,1.00,1.00,1.00,1.00,1.00,1.00,1.00
2026-04-05T00:32:00Z,99.00,99.00,99.00,93.00,36.00,1.00,1.00,1.00,1.00,1.00,1.00,1.00,1.00,1.00,1.00,1.00,1.00
2026-04-05T00:33:00Z,99.00,99.00,99.00,93.00,36.00,1.37,1.00,1.00,1.00,1.00,1.00,1.00,1.00,1.00,1.00,1.00,1.00
2026-04-05T00:34:00Z,99.00,99.00,99.00,93.00,37.00,2.00,1.00,1.00,1.00,1.00,1.00,1.00,1.00,1.00,1.00,1.00,1.00
2026-04-05T00:36:00Z,99.00,99.00,99.00,93.00,37.00,2.00,1.00,1.00,1.00,1.00,1.00,1.00,1.00,1.00,1.00,1.00,1.00
2026-04-05T00:37:00Z,99.00,99.00,99.00,93.00,37.00,2.00,1.00,1.00,1.00,1.00,1.00,1.00,1.00,1.00,1.00,1.00,1.00
2026-04-05T00:38:00Z,99.00,99.00,99.00,94.36,36.82,2.00,1.00,1.00,1.00,1.00,1.00,1.00,1.00,1.00,1.00,1.00,1.00
2026-04-05T00:39:00Z,99.00,99.00,99.00,88.75,36.82,2.00,1.00,1.00,1.00,1.00,1.00,1.00,1.00,1.00,1.00,1.00,1.00
2026-04-05T00:40:00Z,99.00,99.00,99.00,88.75,36.82,2.00,1.00,1.00,1.00,1.00,1.00,1.00,1.00,1.00,1.00,1.00,1.00
2026-04-05T00:41:00Z,99.00,99.00,99.00,88.75,36.00,2.00,1.00,1.00,1.00,1.00,1.00,1.00,1.00,1.00,1.00,1.00,1.00
2026-04-05T00:45:00Z,99.00,99.00,99.00,88.75,36.00,2.00,1.00,1.00,1.00,1.00,1.00,1.00,1.00,1.00,1.00,1.00,1.00
2026-04-05T00:47:00Z,99.00,99.00,99.00,95.00,36.00,2.00,1.00,1.00,1.00,1.00,1.00,1.00,1.00,1.00,1.00,1.00,1.00
2026-04-05T00:48:00Z,99.00,99.00,99.00,95.00,36.00,2.41,1.00,1.00,1.00,1.00,1.00,1.00,1.00,1.00,1.00,1.00,1.00
2026-04-05T00:50:00Z,99.00,99.00,99.00,95.00,36.86,2.41,1.00,1.00,1.00,1.00,1.00,1.00,1.00,1.00,1.00,1.00,1.00
2026-04-05T00:51:00Z,99.00,99.00,99.00,95.00,36.00,2.41,1.00,1.00,1.00,1.00,1.00,1.00,1.00,1.00,1.00,1.00,1.00
2026-04-05T00:54:00Z,99.00,99.00,99.00,95.00,36.00,2.24,1.00,1.00,1.00,1.00,1.00,1.00,1.00,1.00,1.00,1.00,1.00
2026-04-05T01:00:00Z,99.00,99.00,99.00,95.00,33.00,2.24,1.00,1.00,1.00,1.00,1.00,1.00,1.00,1.00,1.00,1.00,1.00
2026-04-05T01:01:00Z,99.00,99.00,99.00,95.00,33.40,2.00,1.00,1.00,1.00,1.00,1.00,1.00,1.00,1.00,1.00,1.00,1.00
2026-04-05T01:02:00Z,99.00,99.00,99.00,95.00,34.88,2.00,1.00,1.00,1.00,1.00,1.00,1.00,1.00,1.00,1.00,1.00,1.00
2026-04-05T01:03:00Z,99.00,99.00,99.00,93.00,34.88,2.00,1.00,1.00,1.00,1.00,1.00,1.00,1.00,1.00,1.00,1.00,1.00
2026-04-05T01:04:00Z,99.00,99.00,99.00,93.00,31.38,2.00,1.00,1.00,1.00,1.00,1.00,1.00,1.00,1.00,1.00,1.00,1.00
2026-04-05T01:05:00Z,99.00,99.00,99.00,93.00,31.38,2.93,1.00,1.00,1.00,1.00,1.00,1.00,1.00,1.00,1.00,1.00,1.00
2026-04-05T01:06:00Z,99.00,99.00,99.00,89.11,33.00,2.20,1.00,1.00,1.00,1.00,1.00,1.00,1.00,1.00,1.00,1.00,1.00
2026-04-05T01:07:00Z,99.00,99.00,99.00,89.11,34.00,2.86,1.00,1.00,1.00,1.00,1.00,1.00,1.00,1.00,1.00,1.00,1.00
2026-04-05T01:08:00Z,99.00,99.00,99.00,89.11,34.00,2.86,1.00,1.00,1.00,1.00,1.00,1.00,1.00,1.00,1.00,1.00,1.00
2026-04-05T01:09:00Z,99.00,99.00,99.00,89.11,34.37,2.20,1.00,1.00,1.00,1.00,1.00,1.00,1.00,1.00,1.00,1.00,1.00
2026-04-05T01:10:00Z,99.00,99.00,99.00,89.11,34.37,2.20,1.00,1.00,1.00,1.00,1.00,1.00,1.00,1.00,1.00,1.00,1.00
2026-04-05T01:11:00Z,99.00,99.00,99.00,89.11,34.37,2.00,1.00,1.00,1.00,1.00,1.00,1.00,1.00,1.00,1.00,1.00,1.00
2026-04-05T01:14:00Z,99.00,99.00,99.00,89.11,31.00,2.00,1.00,1.00,1.00,1.00,1.00,1.00,1.00,1.00,1.00,1.00,1.00
2026-04-05T01:17:00Z,99.00,99.00,99.00,89.11,30.88,2.00,1.00,1.00,1.00,1.00,1.00,1.00,1.00,1.00,1.00,1.00,1.00
2026-04-05T01:20:00Z,99.00,99.00,99.00,89.11,35.47,2.00,1.00,1.00,1.00,1.00,1.00,1.00,1.00,1.00,1.00,1.00,1.00
2026-04-05T01:21:00Z,99.00,99.00,99.00,89.11,35.00,2.00,1.00,1.00,1.00,1.00,1.00,1.00,1.00,1.00,1.00,1.00,1.00
2026-04-05T01:22:00Z,99.00,99.00,99.00,89.11,35.00,2.00,1.00,1.00,1.00,1.00,1.00,1.00,1.00,1.00,1.00,1.00,1.00
2026-04-05T01:23:00Z,99.00,99.00,99.00,89.11,26.38,2.00,1.00,1.00,1.00,1.00,1.00,1.00,1.00,1.00,1.00,1.00,1.00
2026-04-05T01:25:00Z,99.00,99.00,99.00,89.11,35.00,1.00,1.00,1.00,1.00,1.00,1.00,1.00,1.00,1.00,1.00,1.00,1.00
2026-04-05T01:27:00Z,99.00,99.00,99.00,89.11,35.00,1.00,1.00,1.00,1.00,1.00,1.00,1.00,1.00,1.00,1.00,1.00,1.00
2026-04-05T01:30:00Z,99.00,99.00,99.00,89.11,34.00,1.00,1.00,1.00,1.00,1.00,1.00,1.00,1.00,1.00,1.00,1.00,1.00
2026-04-05T01:31:00Z,99.00,99.00,99.00,94.27,34.00,1.00,1.00,1.00,1.00,1.00,1.00,1.00,1.00,1.00,1.00,1.00,1.00
2026-04-05T01:33:00Z,99.00,99.00,99.00,94.27,34.81,1.00,1.00,1.00,1.00,1.00,1.00,1.00,1.00,1.00,1.00,1.00,1.00
2026-04-05T01:34:00Z,99.00,99.00,99.00,94.27,34.81,1.00,1.00,1.00,1.00,1.00,1.00,1.00,1.00,1.00,1.00,1.00,1.00
2026-04-05T01:35:00Z,99.00,99.00,99.00,89.58,34.25,1.00,1.00,1.00,1.00,1.00,1.00,1.00,1.00,1.00,1.00,1.00,1.00
2026-04-05T01:39:00Z,99.00,99.00,99.00,89.58,35.96,1.00,1.00,1.00,1.00,1.00,1.00,1.00,1.00,1.00,1.00,1.00,1.00
2026-04-05T01:41:00Z,99.00,99.00,99.00,89.58,35.96,1.00,1.00,1.00,1.00,1.00,1.00,1.00,1.00,1.00,1.00,1.00,1.00
2026-04-05T01:42:00Z,99.00,99.00,99.00,89.25,35.96,1.00,1.00,1.00,1.00,1.00,1.00,1.00,1.00,1.00,1.00,1.00,1.00
2026-04-05T01:43:00Z,99.00,99.00,99.00,89.25,36.00,1.00,1.00,1.00,1.00,1.00,1.00,1.00,1.00,1.00,1.00,1.00,1.00
2026-04-05T01:44:00Z,99.00,99.00,99.00,89.25,36.00,1.00,1.00,1.00,1.00,1.00,1.00,1.00,1.00,1.00,1.00,1.00,1.00
2026-04-05T01:45:00Z,99.00,99.00,99.00,89.25,36.00,1.00,1.00,1.00,1.00,1.00,1.00,1.00,1.00,1.00,1.00,1.00,1.00
2026-04-05T01:46:00Z,99.00,99.00,99.00,89.25,25.48,1.00,1.00,1.00,1.00,1.00,1.00,1.00,1.00,1.00,1.00,1.00,1.00
2026-04-05T01:47:00Z,99.00,99.00,99.00,89.25,33.00,1.00,1.00,1.00,1.00,1.00,1.00,1.00,1.00,1.00,1.00,1.00,1.00
2026-04-05T01:49:00Z,99.00,99.00,99.00,89.25,33.68,2.00,1.00,1.00,1.00,1.00,1.00,1.00,1.00,1.00,1.00,1.00,1.00
2026-04-05T01:50:00Z,99.00,99.00,99.00,89.17,33.68,2.00,1.00,1.00,1.00,1.00,1.00,1.00,1.00,1.00,1.00,1.00,1.00
2026-04-05T01:52:00Z,99.00,99.00,99.00,89.17,33.47,2.00,1.00,1.00,1.00,1.00,1.00,1.00,1.00,1.00,1.00,1.00,1.00
2026-04-05T01:53:00Z,99.00,99.00,99.00,89.17,33.47,2.00,1.00,1.00,1.00,1.00,1.00,1.00,1.00,1.00,1.00,1.00,1.00
2026-04-05T01:54:00Z,99.00,99.00,99.00,88.18,33.47,2.00,1.00,1.00,1.00,1.00,1.00,1.00,1.00,1.00,1.00,1.00,1.00
2026-04-05T01:55:00Z,99.00,99.00,99.00,88.18,34.00,2.00,1.00,1.00,1.00,1.00,1.00,1.00,1.00,1.00,1.00,1.00,1.00
2026-04-05T02:02:00Z,99.00,99.00,99.00,88.18,34.00,1.20,1.00,1.00,1.00,1.00,1.00,1.00,1.00,1.00,1.00,1.00,1.00
2026-04-05T02:05:00Z,99.00,99.00,99.00,88.18,25.50,1.20,1.00,1.00,1.00,1.00,1.00,1.00,1.00,1.00,1.00,1.00,1.00
2026-04-05T02:11:00Z,99.00,99.00,99.00,88.18,26.54,1.20,1.00,1.00,1.00,1.00,1.00,1.00,1.00,1.00,1.00,1.00,1.00
2026-04-05T02:12:00Z,99.00,99.00,99.00,88.18,32.83,2.00,1.00,1.00,1.00,1.00,1.00,1.00,1.00,1.00,1.00,1.00,1.00
2026-04-05T02:14:00Z,99.00,99.00,99.00,88.18,30.00,2.00,1.00,1.00,1.00,1.00,1.00,1.00,1.00,1.00,1.00,1.00,1.00
2026-04-05T02:15:00Z,99.00,99.00,99.00,88.18,32.46,2.00,1.00,1.00,1.00,1.00,1.00,1.00,1.00,1.00,1.00,1.00,1.00
2026-04-05T02:16:00Z,99.00,99.00,99.00,88.18,32.37,1.00,1.00,1.00,1.00,1.00,1.00,1.00,1.00,1.00,1.00,1.00,1.00
2026-04-05T02:17:00Z,99.00,99.00,99.00,92.00,32.93,1.00,1.00,1.00,1.00,1.00,1.00,1.00,1.00,1.00,1.00,1.00,1.00
2026-04-05T02:18:00Z,99.00,99.00,99.00,92.00,24.62,1.00,1.00,1.00,1.00,1.00,1.00,1.00,1.00,1.00,1.00,1.00,1.00
2026-04-05T02:19:00Z,99.00,99.00,99.00,92.00,24.62,1.00,1.00,1.00,1.00,1.00,1.00,1.00,1.00,1.00,1.00,1.00,1.00
2026-04-05T02:20:00Z,99.00,99.00,99.00,92.00,29.00,1.00,1.00,1.00,1.00,1.00,1.00,1.00,1.00,1.00,1.00,1.00,1.00
2026-04-05T02:21:00Z,99.00,99.00,99.00,92.00,29.00,1.00,1.00,1.00,1.00,1.00,1.00,1.00,1.00,1.00,1.00,1.00,1.00
2026-04-05T02:22:00Z,99.00,99.00,99.00,92.00,24.16,1.00,1.00,1.00,1.00,1.00,1.00,1.00,1.00,1.00,1.00,1.00,1.00
2026-04-05T02:23:00Z,99.00,99.00,99.00,92.00,27.66,1.00,1.00,1.00,1.00,1.00,1.00,1.00,1.00,1.00,1.00,1.00,1.00
2026-04-05T02:24:00Z,99.00,99.00,99.00,92.00,27.66,1.00,1.00,1.00,1.00,1.00,1.00,1.00,1.00,1.00,1.00,1.00,1.00
2026-04-05T02:25:00Z,99.00,99.00,99.00,92.00,27.66,1.00,1.00,1.00,1.00,1.00,1.00,1.00,1.00,1.00,1.00,1.00,1.00
2026-04-05T02:26:00Z,99.00,99.00,99.00,92.00,28.33,1.00,1.00,1.00,1.00,1.00,1.00,1.00,1.00,1.00,1.00,1.00,1.00
2026-04-05T02:27:00Z,99.00,99.00,99.00,92.00,28.33,1.00,1.00,1.00,1.00,1.00,1.00,1.00,1.00,1.00,1.00,1.00,1.00
2026-04-05T02:28:00Z,99.00,99.00,99.00,92.00,28.43,1.00,1.00,1.00,1.00,1.00,1.00,1.00,1.00,1.00,1.00,1.00,1.00
2026-04-05T02:29:00Z,99.00,99.00,99.00,92.00,18.94,1.00,1.00,1.00,1.00,1.00,1.00,1.00,1.00,1.00,1.00,1.00,1.00
2026-04-05T02:31:00Z,99.00,99.00,99.00,92.00,27.00,1.00,1.00,1.00,1.00,1.00,1.00,1.00,1.00,1.00,1.00,1.00,1.00
2026-04-05T02:32:00Z,99.00,99.00,99.00,92.00,16.99,1.00,1.00,1.00,1.00,1.00,1.00,1.00,1.00,1.00,1.00,1.00,1.00
2026-04-05T02:33:00Z,99.00,99.00,99.00,92.00,19.58,1.00,1.00,1.00,1.00,1.00,1.00,1.00,1.00,1.00,1.00,1.00,1.00
2026-04-05T02:35:00Z,99.00,99.00,99.00,92.00,19.58,1.00,1.00,1.00,1.00,1.00,1.00,1.00,1.00,1.00,1.00,1.00,1.00
2026-04-05T02:36:00Z,99.00,99.00,99.00,92.00,15.00,1.00,1.00,1.00,1.00,1.00,1.00,1.00,1.00,1.00,1.00,1.00,1.00
2026-04-05T02:38:00Z,99.00,99.00,99.00,92.00,11.00,1.00,1.00,1.00,1.00,1.00,1.00,1.00,1.00,1.00,1.00,1.00,1.00
2026-04-05T02:39:00Z,99.00,99.00,99.00,89.00,11.00,1.00,1.00,1.00,1.00,1.00,1.00,1.00,1.00,1.00,1.00,1.00,1.00
2026-04-05T02:40:00Z,99.00,99.00,99.00,90.00,11.00,1.00,1.00,1.00,1.00,1.00,1.00,1.00,1.00,1.00,1.00,1.00,1.00
2026-04-05T02:42:00Z,99.00,99.00,99.00,90.00,11.00,1.48,1.00,1.00,1.00,1.00,1.00,1.00,1.00,1.00,1.00,1.00,1.00
2026-04-05T02:43:00Z,99.00,99.00,99.00,89.00,11.00,1.48,1.00,1.00,1.00,1.00,1.00,1.00,1.00,1.00,1.00,1.00,1.00
2026-04-05T02:45:00Z,99.00,99.00,99.00,77.00,11.00,1.48,1.00,1.00,1.00,1.00,1.00,1.00,1.00,1.00,1.00,1.00,1.00
2026-04-05T02:46:00Z,99.00,99.00,99.00,77.00,11.39,1.48,1.00,1.00,1.00,1.00,1.00,1.00,1.00,1.00,1.00,1.00,1.00
2026-04-05T02:47:00Z,99.00,99.00,99.00,77.00,12.51,1.48,1.00,1.00,1.00,1.00,1.00,1.00,1.00,1.00,1.00,1.00,1.00
2026-04-05T02:50:00Z,99.00,99.00,99.00,77.00,12.51,1.48,1.00,1.00,1.00,1.00,1.00,1.00,1.00,1.00,1.00,1.00,1.00
2026-04-05T02:51:00Z,99.00,99.00,99.00,77.00,10.03,1.48,1.00,1.00,1.00,1.00,1.00,1.00,1.00,1.00,1.00,1.00,1.00
2026-04-05T02:55:00Z,99.00,99.00,99.00,77.00,10.03,1.48,1.00,1.00,1.00,1.00,1.00,1.00,1.00,1.00,1.00,1.00,1.00
2026-04-05T02:58:00Z,99.00,99.00,99.00,77.00,10.03,1.00,1.00,1.00,1.00,1.00,1.00,1.00,1.00,1.00,1.00,1.00,1.00
2026-04-05T03:00:00Z,99.00,99.00,99.00,77.00,13.00,1.00,1.00,1.00,1.00,1.00,1.00,1.00,1.00,1.00,1.00,1.00,1.00
2026-04-05T03:02:00Z,99.00,99.00,99.00,77.00,13.62,1.00,1.00,1.00,1.00,1.00,1.00,1.00,1.00,1.00,1.00,1.00,1.00
2026-04-05T03:04:00Z,99.00,99.00,99.00,77.00,13.62,1.00,1.00,1.00,1.00,1.00,1.00,1.00,1.00,1.00,1.00,1.00,1.00
2026-04-05T03:05:00Z,99.00,99.00,99.00,77.00,16.52,1.00,1.00,1.00,1.00,1.00,1.00,1.00,1.00,1.00,1.00,1.00,1.00
2026-04-05T03:07:00Z,99.00,99.00,99.00,77.00,18.00,1.00,1.00,1.00,1.00,1.00,1.00,1.00,1.00,1.00,1.00,1.00,1.00
2026-04-05T03:10:00Z,99.00,99.00,99.00,77.00,18.00,1.00,1.00,1.00,1.00,1.00,1.00,1.00,1.00,1.00,1.00,1.00,1.00
2026-04-05T03:11:00Z,99.00,99.00,99.00,77.00,17.00,1.00,1.00,1.00,1.00,1.00,1.00,1.00,1.00,1.00,1.00,1.00,1.00
2026-04-05T03:13:00Z,99.00,99.00,99.00,77.00,17.00,1.00,1.00,1.00,1.00,1.00,1.00,1.00,1.00,1.00,1.00,1.00,1.00
2026-04-05T03:14:00Z,99.00,99.00,99.00,77.00,18.47,1.00,1.00,1.00,1.00,1.00,1.00,1.00,1.00,1.00,1.00,1.00,1.00
2026-04-05T03:15:00Z,99.00,99.00,99.00,77.00,19.00,1.00,1.00,1.00,1.00,1.00,1.00,1.00,1.00,1.00,1.00,1.00,1.00
2026-04-05T03:16:00Z,99.00,99.00,99.00,77.00,12.58,1.00,1.00,1.00,1.00,1.00,1.00,1.00,1.00,1.00,1.00,1.00,1.00
2026-04-05T03:18:00Z,99.00,99.00,99.00,83.15,12.58,1.00,1.00,1.00,1.00,1.00,1.00,1.00,1.00,1.00,1.00,1.00,1.00
2026-04-05T03:20:00Z,99.00,99.00,99.00,83.15,12.58,1.00,1.00,1.00,1.00,1.00,1.00,1.00,1.00,1.00,1.00,1.00,1.00
2026-04-05T03:22:00Z,99.00,99.00,99.00,83.15,12.58,1.00,1.00,1.00,1.00,1.00,1.00,1.00,1.00,1.00,1.00,1.00,1.00
2026-04-05T03:23:00Z,99.00,99.00,99.00,83.15,12.43,1.00,1.00,1.00,1.00,1.00,1.00,1.00,1.00,1.00,1.00,1.00,1.00
2026-04-05T03:27:00Z,99.00,99.00,99.00,83.15,17.18,1.00,1.00,1.00,1.00,1.00,1.00,1.00,1.00,1.00,1.00,1.00,1.00
2026-04-05T03:29:00Z,99.00,99.00,99.00,93.00,20.76,1.00,1.00,1.00,1.00,1.00,1.00,1.00,1.00,1.00,1.00,1.00,1.00
2026-04-05T03:34:00Z,99.00,99.00,99.00,93.00,20.90,1.00,1.00,1.00,1.00,1.00,1.00,1.00,1.00,1.00,1.00,1.00,1.00
2026-04-05T03:35:00Z,99.00,99.00,99.00,93.00,20.90,1.00,1.00,1.00,1.00,1.00,1.00,1.00,1.00,1.00,1.00,1.00,1.00
2026-04-05T03:36:00Z,99.00,99.00,99.00,93.00,21.00,1.00,1.00,1.00,1.00,1.00,1.00,1.00,1.00,1.00,1.00,1.00,1.00
2026-04-05T03:39:00Z,99.00,99.00,99.00,93.00,22.04,1.00,1.00,1.00,1.00,1.00,1.00,1.00,1.00,1.00,1.00,1.00,1.00
2026-04-05T03:42:00Z,99.00,99.00,99.00,92.00,22.78,1.00,1.00,1.00,1.00,1.00,1.00,1.00,1.00,1.00,1.00,1.00,1.00
2026-04-05T03:44:00Z,99.00,99.00,99.00,92.00,22.95,1.00,1.00,1.00,1.00,1.00,1.00,1.00,1.00,1.00,1.00,1.00,1.00
2026-04-05T03:45:00Z,99.00,99.00,99.00,92.00,22.87,1.00,1.00,1.00,1.00,1.00,1.00,1.00,1.00,1.00,1.00,1.00,1.00
2026-04-05T03:46:00Z,99.00,99.00,99.00,91.33,22.87,1.00,1.00,1.00,1.00,1.00,1.00,1.00,1.00,1.00,1.00,1.00,1.00
2026-04-05T03:48:00Z,99.00,99.00,99.00,87.64,22.87,1.00,1.00,1.00,1.00,1.00,1.00,1.00,1.00,1.00,1.00,1.00,1.00
2026-04-05T03:49:00Z,99.00,99.00,99.00,90.00,22.87,1.00,1.00,1.00,1.00,1.00,1.00,1.00,1.00,1.00,1.00,1.00,1.00
2026-04-05T03:51:00Z,99.00,99.00,99.00,90.00,21.90,1.00,1.00,1.00,1.00,1.00,1.00,1.00,1.00,1.00,1.00,1.00,1.00
2026-04-05T03:53:00Z,99.00,99.00,99.00,90.00,22.28,1.00,1.00,1.00,1.00,1.00,1.00,1.00,1.00,1.00,1.00,1.00,1.00
2026-04-05T03:59:00Z,99.00,99.00,99.00,90.00,22.28,1.00,1.00,1.00,1.00,1.00,1.00,1.00,1.00,1.00,1.00,1.00,1.00
2026-04-05T04:00:00Z,99.00,99.00,99.00,90.00,22.28,1.00,1.00,1.00,1.00,1.00,1.00,1.00,1.00,1.00,1.00,1.00,1.00
2026-04-05T04:02:00Z,99.00,99.00,99.00,90.00,21.95,1.00,1.00,1.00,1.00,1.00,1.00,1.00,1.00,1.00,1.00,1.00,1.00
2026-04-05T04:03:00Z,99.00,99.00,99.00,83.81,21.95,1.00,1.00,1.00,1.00,1.00,1.00,1.00,1.00,1.00,1.00,1.00,1.00
2026-04-05T04:05:00Z,99.00,99.00,99.00,87.88,21.95,1.00,1.00,1.00,1.00,1.00,1.00,1.00,1.00,1.00,1.00,1.00,1.00
2026-04-05T04:06:00Z,99.00,99.00,99.00,90.00,21.95,1.00,1.00,1.00,1.00,1.00,1.00,1.00,1.00,1.00,1.00,1.00,1.00
2026-04-05T04:08:00Z,99.00,99.00,99.00,90.00,12.00,1.00,1.00,1.00,1.00,1.00,1.00,1.00,1.00,1.00,1.00,1.00,1.00
2026-04-05T04:12:00Z,99.00,99.00,99.00,90.00,19.75,1.00,1.00,1.00,1.00,1.00,1.00,1.00,1.00,1.00,1.00,1.00,1.00
2026-04-05T04:15:00Z,99.00,99.00,99.00,91.00,20.00,1.00,1.00,1.00,1.00,1.00,1.00,1.00,1.00,1.00,1.00,1.00,1.00
2026-04-05T04:16:00Z,99.00,99.00,99.00,91.00,22.23,1.00,1.00,1.00,1.00,1.00,1.00,1.00,1.00,1.00,1.00,1.00,1.00
2026-04-05T04:17:00Z,99.00,99.00,99.00,90.00,22.23,1.00,1.00,1.00,1.00,1.00,1.00,1.00,1.00,1.00,1.00,1.00,1.00
2026-04-05T04:18:00Z,99.00,99.00,99.00,90.00,23.00,1.00,1.00,1.00,1.00,1.00,1.00,1.00,1.00,1.00,1.00,1.00,1.00
2026-04-05T04:19:00Z,99.00,99.00,99.00,90.00,23.00,1.00,1.00,1.00,1.00,1.00,1.00,1.00,1.00,1.00,1.00,1.00,1.00
2026-04-05T04:20:00Z,99.00,99.00,99.00,90.00,23.41,1.00,1.00,1.00,1.00,1.00,1.00,1.00,1.00,1.00,1.00,1.00,1.00
2026-04-05T04:22:00Z,99.00,99.00,99.00,90.00,23.41,1.00,1.00,1.00,1.00,1.00,1.00,1.00,1.00,1.00,1.00,1.00,1.00
2026-04-05T04:23:00Z,99.00,99.00,99.00,90.00,23.41,1.00,1.00,1.00,1.00,1.00,1.00,1.00,1.00,1.00,1.00,1.00,1.00
2026-04-05T04:24:00Z,99.00,99.00,99.00,90.00,23.82,1.00,1.00,1.00,1.00,1.00,1.00,1.00,1.00,1.00,1.00,1.00,1.00
2026-04-05T04:25:00Z,99.00,99.00,99.00,91.17,23.00,1.00,1.00,1.00,1.00,1.00,1.00,1.00,1.00,1.00,1.00,1.00,1.00
2026-04-05T04:26:00Z,99.00,99.00,99.00,91.17,23.79,1.00,1.00,1.00,1.00,1.00,1.00,1.00,1.00,1.00,1.00,1.00,1.00
2026-04-05T04:30:00Z,99.00,99.00,99.00,91.17,23.66,1.00,1.00,1.00,1.00,1.00,1.00,1.00,1.00,1.00,1.00,1.00,1.00
2026-04-05T04:31:00Z,99.00,99.00,99.00,91.00,23.66,1.00,1.00,1.00,1.00,1.00,1.00,1.00,1.00,1.00,1.00,1.00,1.00
2026-04-05T04:33:00Z,99.00,99.00,99.00,91.00,23.00,1.00,1.00,1.00,1.00,1.00,1.00,1.00,1.00,1.00,1.00,1.00,1.00
2026-04-05T04:36:00Z,99.00,99.00,99.00,91.00,23.65,1.00,1.00,1.00,1.00,1.00,1.00,1.00,1.00,1.00,1.00,1.00,1.00
2026-04-05T04:37:00Z,99.00,99.00,99.00,91.00,24.00,1.00,1.00,1.00,1.00,1.00,1.00,1.00,1.00,1.00,1.00,1.00,1.00
2026-04-05T04:38:00Z,99.00,99.00,99.00,93.20,24.00,1.00,1.00,1.00,1.00,1.00,1.00,1.00,1.00,1.00,1.00,1.00,1.00
2026-04-05T04:39:00Z,99.00,99.00,99.00,93.20,24.00,1.00,1.00,1.00,1.00,1.00,1.00,1.00,1.00,1.00,1.00,1.00,1.00
2026-04-05T04:40:00Z,99.00,99.00,99.00,93.20,24.00,1.00,1.00,1.00,1.00,1.00,1.00,1.00,1.00,1.00,1.00,1.00,1.00
2026-04-05T04:45:00Z,99.00,99.00,99.00,93.20,23.41,1.00,1.00,1.00,1.00,1.00,1.00,1.00,1.00,1.00,1.00,1.00,1.00
2026-04-05T04:47:00Z,99.00,99.00,99.00,93.20,22.31,1.00,1.00,1.00,1.00,1.00,1.00,1.00,1.00,1.00,1.00,1.00,1.00
2026-04-05T04:51:00Z,99.00,99.00,99.00,93.20,24.50,1.00,1.00,1.00,1.00,1.00,1.00,1.00,1.00,1.00,1.00,1.00,1.00
2026-04-05T04:53:00Z,99.00,99.00,99.00,92.00,24.50,1.00,1.00,1.00,1.00,1.00,1.00,1.00,1.00,1.00,1.00,1.00,1.00
2026-04-05T04:55:00Z,99.00,99.00,99.00,92.00,24.50,1.00,1.00,1.00,1.00,1.00,1.00,1.00,1.00,1.00,1.00,1.00,1.00
2026-04-05T04:58:00Z,99.00,99.00,99.00,88.95,24.50,1.00,1.00,1.00,1.00,1.00,1.00,1.00,1.00,1.00,1.00,1.00,1.00
2026-04-05T04:59:00Z,99.00,99.00,99.00,88.95,24.90,1.00,1.00,1.00,1.00,1.00,1.00,1.00,1.00,1.00,1.00,1.00,1.00
2026-04-05T05:00:00Z,99.00,99.00,99.00,92.00,24.90,1.00,1.00,1.00,1.00,1.00,1.00,1.00,1.00,1.00,1.00,1.00,1.00
2026-04-05T05:01:00Z,99.00,99.00,99.00,92.00,24.90,1.00,1.00,1.00,1.00,1.00,1.00,1.00,1.00,1.00,1.00,1.00,1.00
2026-04-05T05:02:00Z,99.00,99.00,99.00,93.00,24.90,1.00,1.00,1.00,1.00,1.00,1.00,1.00,1.00,1.00,1.00,1.00,1.00
2026-04-05T05:07:00Z,99.00,99.00,99.00,93.00,25.00,1.00,1.00,1.00,1.00,1.00,1.00,1.00,1.00,1.00,1.00,1.00,1.00
2026-04-05T05:08:00Z,99.00,99.00,99.00,92.60,25.00,1.00,1.00,1.00,1.00,1.00,1.00,1.00,1.00,1.00,1.00,1.00,1.00
2026-04-05T05:10:00Z,99.00,99.00,99.00,92.60,25.00,1.00,1.00,1.00,1.00,1.00,1.00,1.00,1.00,1.00,1.00,1.00,1.00
2026-04-05T05:11:00Z,99.00,99.00,99.00,92.60,24.00,1.00,1.00,1.00,1.00,1.00,1.00,1.00,1.00,1.00,1.00,1.00,1.00
2026-04-05T05:13:00Z,99.00,99.00,99.00,92.60,24.00,1.00,1.00,1.00,1.00,1.00,1.00,1.00,1.00,1.00,1.00,1.00,1.00
2026-04-05T05:14:00Z,99.00,99.00,99.00,92.60,25.00,1.00,1.00,1.00,1.00,1.00,1.00,1.00,1.00,1.00,1.00,1.00,1.00
2026-04-05T05:16:00Z,99.00,99.00,99.00,92.60,24.70,1.00,1.00,1.00,1.00,1.00,1.00,1.00,1.00,1.00,1.00,1.00,1.00
2026-04-05T05:17:00Z,99.00,99.00,99.00,92.00,24.70,1.00,1.00,1.00,1.00,1.00,1.00,1.00,1.00,1.00,1.00,1.00,1.00
2026-04-05T05:19:00Z,99.00,99.00,99.00,92.00,24.96,1.00,1.00,1.00,1.00,1.00,1.00,1.00,1.00,1.00,1.00,1.00,1.00
2026-04-05T05:20:00Z,99.00,99.00,99.00,92.00,25.00,1.00,1.00,1.00,1.00,1.00,1.00,1.00,1.00,1.00,1.00,1.00,1.00
2026-04-05T05:22:00Z,99.00,99.00,99.00,92.00,25.00,1.00,1.00,1.00,1.00,1.00,1.00,1.00,1.00,1.00,1.00,1.00,1.00
2026-04-05T05:27:00Z,99.00,99.00,99.00,92.00,25.00,1.00,1.00,1.00,1.00,1.00,1.00,1.00,1.00,1.00,1.00,1.00,1.00
2026-04-05T05:28:00Z,99.00,99.00,99.00,92.00,25.00,1.00,1.00,1.00,1.00,1.00,1.00,1.00,1.00,1.00,1.00,1.00,1.00
2026-04-05T05:32:00Z,99.00,99.00,99.00,92.00,28.00,1.00,1.00,1.00,1.00,1.00,1.00,1.00,1.00,1.00,1.00,1.00,1.00
2026-04-05T05:34:00Z,99.00,99.00,99.00,92.00,28.00,1.00,1.00,1.00,1.00,1.00,1.00,1.00,1.00,1.00,1.00,1.00,1.00
2026-04-05T05:37:00Z,99.00,99.00,99.00,92.00,28.00,1.00,1.00,1.00,1.00,1.00,1.00,1.00,1.00,1.00,1.00,1.00,1.00
2026-04-05T05:39:00Z,99.00,99.00,99.00,92.00,27.00,1.00,1.00,1.00,1.00,1.00,1.00,1.00,1.00,1.00,1.00,1.00,1.00
2026-04-05T05:47:00Z,99.00,99.00,99.00,92.00,27.00,1.00,1.00,1.00,1.00,1.00,1.00,1.00,1.00,1.00,1.00,1.00,1.00
2026-04-05T05:48:00Z,99.00,99.00,99.00,92.00,26.41,1.00,1.00,1.00,1.00,1.00,1.00,1.00,1.00,1.00,1.00,1.00,1.00
2026-04-05T05:55:00Z,99.00,99.00,99.00,92.00,28.00,1.00,1.00,1.00,1.00,1.00,1.00,1.00,1.00,1.00,1.00,1.00,1.00
2026-04-05T05:58:00Z,99.00,99.00,99.00,92.00,28.00,1.00,1.00,1.00,1.00,1.00,1.00,1.00,1.00,1.00,1.00,1.00,1.00
2026-04-05T06:00:00Z,99.00,99.00,99.00,92.00,24.00,1.00,1.00,1.00,1.00,1.00,1.00,1.00,1.00,1.00,1.00,1.00,1.00
2026-04-05T06:01:00Z,99.00,99.00,99.00,95.00,24.00,1.00,1.00,1.00,1.00,1.00,1.00,1.00,1.00,1.00,1.00,1.00,1.00
2026-04-05T06:02:00Z,99.00,99.00,99.00,95.00,28.00,1.00,1.00,1.00,1.00,1.00,1.00,1.00,1.00,1.00,1.00,1.00,1.00
2026-04-05T06:05:00Z,99.00,99.00,99.00,90.31,28.00,1.00,1.00,1.00,1.00,1.00,1.00,1.00,1.00,1.00,1.00,1.00,1.00
2026-04-05T06:06:00Z,99.00,99.00,99.00,90.94,28.00,1.00,1.00,1.00,1.00,1.00,1.00,1.00,1.00,1.00,1.00,1.00,1.00
2026-04-05T06:08:00Z,99.00,99.00,99.00,89.61,28.00,1.00,1.00,1.00,1.00,1.00,1.00,1.00,1.00,1.00,1.00,1.00,1.00
2026-04-05T06:09:00Z,99.00,99.00,99.00,89.61,24.00,1.00,1.00,1.00,1.00,1.00,1.00,1.00,1.00,1.00,1.00,1.00,1.00
2026-04-05T06:12:00Z,99.00,99.00,99.00,89.61,15.53,1.00,1.00,1.00,1.00,1.00,1.00,1.00,1.00,1.00,1.00,1.00,1.00
2026-04-05T06:13:00Z,99.00,99.00,99.00,74.89,19.00,1.00,1.00,1.00,1.00,1.00,1.00,1.00,1.00,1.00,1.00,1.00,1.00
2026-04-05T06:14:00Z,99.00,99.00,99.00,74.89,19.12,1.00,1.00,1.00,1.00,1.00,1.00,1.00,1.00,1.00,1.00,1.00,1.00
2026-04-05T06:32:00Z,99.00,99.00,99.00,74.89,19.00,1.00,1.00,1.00,1.00,1.00,1.00,1.00,1.00,1.00,1.00,1.00,1.00
2026-04-05T06:33:00Z,99.00,99.00,99.00,74.89,12.57,1.00,1.00,1.00,1.00,1.00,1.00,1.00,1.00,1.00,1.00,1.00,1.00
2026-04-05T06:34:00Z,99.00,99.00,99.00,74.89,19.67,1.00,1.00,1.00,1.00,1.00,1.00,1.00,1.00,1.00,1.00,1.00,1.00
2026-04-05T06:35:00Z,99.00,99.00,99.00,74.89,8.51,1.00,1.00,1.00,1.00,1.00,1.00,1.00,1.00,1.00,1.00,1.00,1.00
2026-04-05T06:36:00Z,99.00,99.00,99.00,91.43,7.00,1.00,1.00,1.00,1.00,1.00,1.00,1.00,1.00,1.00,1.00,1.00,1.00
2026-04-05T06:40:00Z,99.00,99.00,99.00,91.43,7.00,1.00,1.00,1.00,1.00,1.00,1.00,1.00,1.00,1.00,1.00,1.00,1.00
2026-04-05T06:44:00Z,99.00,99.00,99.00,91.43,7.00,1.00,1.00,1.00,1.00,1.00,1.00,1.00,1.00,1.00,1.00,1.00,1.00
2026-04-05T07:00:00Z,99.00,99.00,99.00,91.43,11.82,1.00,1.00,1.00,1.00,1.00,1.00,1.00,1.00,1.00,1.00,1.00,1.00
2026-04-05T07:06:00Z,99.00,99.00,99.00,91.43,14.06,1.00,1.00,1.00,1.00,1.00,1.00,1.00,1.00,1.00,1.00,1.00,1.00
2026-04-05T07:14:00Z,99.00,99.00,99.00,93.74,14.06,1.00,1.00,1.00,1.00,1.00,1.00,1.00,1.00,1.00,1.00,1.00,1.00
2026-04-05T07:18:00Z,99.00,99.00,99.00,76.27,14.06,1.00,1.00,1.00,1.00,1.00,1.00,1.00,1.00,1.00,1.00,1.00,1.00
2026-04-05T07:23:00Z,99.00,99.00,99.00,76.27,14.06,1.00,1.00,1.00,1.00,1.00,1.00,1.00,1.00,1.00,1.00,1.00,1.00
2026-04-05T07:26:00Z,99.00,99.00,99.00,76.27,8.50,1.00,1.00,1.00,1.00,1.00,1.00,1.00,1.00,1.00,1.00,1.00,1.00
2026-04-05T07:32:00Z,99.00,99.00,99.00,76.27,13.00,1.00,1.00,1.00,1.00,1.00,1.00,1.00,1.00,1.00,1.00,1.00,1.00
2026-04-05T07:35:00Z,99.00,99.00,99.00,93.00,13.00,1.00,1.00,1.00,1.00,1.00,1.00,1.00,1.00,1.00,1.00,1.00,1.00
2026-04-05T07:38:00Z,99.00,99.00,99.00,93.00,14.00,1.00,1.00,1.00,1.00,1.00,1.00,1.00,1.00,1.00,1.00,1.00,1.00
2026-04-05T07:44:00Z,99.00,99.00,99.00,77.00,14.00,1.00,1.00,1.00,1.00,1.00,1.00,1.00,1.00,1.00,1.00,1.00,1.00
2026-04-05T07:48:00Z,99.00,99.00,99.00,77.00,15.68,1.00,1.00,1.00,1.00,1.00,1.00,1.00,1.00,1.00,1.00,1.00,1.00
2026-04-05T07:50:00Z,99.00,99.00,99.00,77.00,17.00,1.00,1.00,1.00,1.00,1.00,1.00,1.00,1.00,1.00,1.00,1.00,1.00
2026-04-05T07:52:00Z,99.00,99.00,99.00,77.00,17.93,1.00,1.00,1.00,1.00,1.00,1.00,1.00,1.00,1.00,1.00,1.00,1.00
2026-04-05T07:58:00Z,99.00,99.00,99.00,77.00,17.92,1.00,1.00,1.00,1.00,1.00,1.00,1.00,1.00,1.00,1.00,1.00,1.00
2026-04-05T08:00:00Z,99.00,99.00,99.00,77.00,18.47,1.00,1.00,1.00,1.00,1.00,1.00,1.00,1.00,1.00,1.00,1.00,1.00
2026-04-05T08:04:00Z,99.00,99.00,99.00,77.00,18.47,1.00,1.00,1.00,1.00,1.00,1.00,1.00,1.00,1.00,1.00,1.00,1.00
2026-04-05T08:08:00Z,99.00,99.00,99.00,77.00,18.88,1.00,1.00,1.00,1.00,1.00,1.00,1.00,1.00,1.00,1.00,1.00,1.00
2026-04-05T08:09:00Z,99.00,99.00,99.00,88.20,18.88,1.00,1.00,1.00,1.00,1.00,1.00,1.00,1.00,1.00,1.00,1.00,1.00
2026-04-05T08:13:00Z,99.00,99.00,99.00,88.20,18.88,1.00,1.00,1.00,1.00,1.00,1.00,1.00,1.00,1.00,1.00,1.00,1.00
2026-04-05T08:16:00Z,99.00,99.00,99.00,87.00,18.88,1.00,1.00,1.00,1.00,1.00,1.00,1.00,1.00,1.00,1.00,1.00,1.00
2026-04-05T08:20:00Z,99.00,99.00,99.00,87.00,18.88,1.00,1.00,1.00,1.00,1.00,1.00,1.00,1.00,1.00,1.00,1.00,1.00
2026-04-05T08:21:00Z,99.00,99.00,99.00,87.00,19.00,1.00,1.00,1.00,1.00,1.00,1.00,1.00,1.00,1.00,1.00,1.00,1.00
2026-04-05T08:23:00Z,99.00,99.00,99.00,87.00,19.00,1.00,1.00,1.00,1.00,1.00,1.00,1.00,1.00,1.00,1.00,1.00,1.00
2026-04-05T08:26:00Z,99.00,99.00,99.00,87.00,18.00,1.00,1.00,1.00,1.00,1.00,1.00,1.00,1.00,1.00,1.00,1.00,1.00
2026-04-05T08:27:00Z,99.00,99.00,99.00,87.00,19.00,1.00,1.00,1.00,1.00,1.00,1.00,1.00,1.00,1.00,1.00,1.00,1.00
2026-04-05T08:30:00Z,99.00,99.00,99.00,87.00,16.00,1.00,1.00,1.00,1.00,1.00,1.00,1.00,1.00,1.00,1.00,1.00,1.00
2026-04-05T08:31:00Z,99.00,99.00,99.00,87.00,16.00,1.00,1.00,1.00,1.00,1.00,1.00,1.00,1.00,1.00,1.00,1.00,1.00
2026-04-05T08:32:00Z,99.00,99.00,99.00,87.00,16.00,1.00,1.00,1.00,1.00,1.00,1.00,1.00,1.00,1.00,1.00,1.00,1.00
2026-04-05T08:47:00Z,99.00,99.00,99.00,87.00,16.00,1.00,1.00,1.00,1.00,1.00,1.00,1.00,1.00,1.00,1.00,1.00,1.00
2026-04-05T08:53:00Z,99.00,99.00,99.00,87.00,16.00,1.00,1.00,1.00,1.00,1.00,1.00,1.00,1.00,1.00,1.00,1.00,1.00
2026-04-05T08:59:00Z,99.00,99.00,99.00,87.00,19.96,1.00,1.00,1.00,1.00,1.00,1.00,1.00,1.00,1.00,1.00,1.00,1.00
2026-04-05T09:04:00Z,99.00,99.00,99.00,94.00,19.96,1.00,1.00,1.00,1.00,1.00,1.00,1.00,1.00,1.00,1.00,1.00,1.00
2026-04-05T09:12:00Z,99.00,99.00,99.00,89.00,19.96,1.00,1.00,1.00,1.00,1.00,1.00,1.00,1.00,1.00,1.00,1.00,1.00
2026-04-05T09:18:00Z,99.00,99.00,99.00,93.62,19.96,1.00,1.00,1.00,1.00,1.00,1.00,1.00,1.00,1.00,1.00,1.00,1.00
2026-04-05T09:25:00Z,99.00,99.00,99.00,91.00,19.96,1.00,1.00,1.00,1.00,1.00,1.00,1.00,1.00,1.00,1.00,1.00,1.00
2026-04-05T09:26:00Z,99.00,99.00,99.00,90.08,19.96,1.00,1.00,1.00,1.00,1.00,1.00,1.00,1.00,1.00,1.00,1.00,1.00
2026-04-05T09:27:00Z,99.00,99.00,99.00,86.00,19.96,1.00,1.00,1.00,1.00,1.00,1.00,1.00,1.00,1.00,1.00,1.00,1.00
2026-04-05T09:34:00Z,99.00,99.00,99.00,86.00,19.00,1.00,1.00,1.00,1.00,1.00,1.00,1.00,1.00,1.00,1.00,1.00,1.00
2026-04-05T09:36:00Z,99.00,99.00,99.00,86.00,19.00,1.00,1.00,1.00,1.00,1.00,1.00,1.00,1.00,1.00,1.00,1.00,1.00
2026-04-05T09:38:00Z,99.00,99.00,99.00,86.00,16.00,1.00,1.00,1.00,1.00,1.00,1.00,1.00,1.00,1.00,1.00,1.00,1.00
2026-04-05T09:39:00Z,99.00,99.00,99.00,86.00,16.00,1.00,1.00,1.00,1.00,1.00,1.00,1.00,1.00,1.00,1.00,1.00,1.00
2026-04-05T09:46:00Z,99.00,99.00,99.00,86.00,16.00,1.00,1.00,1.00,1.00,1.00,1.00,1.00,1.00,1.00,1.00,1.00,1.00
2026-04-05T09:52:00Z,99.00,99.00,99.00,86.00,15.13,1.00,1.00,1.00,1.00,1.00,1.00,1.00,1.00,1.00,1.00,1.00,1.00
2026-04-05T09:56:00Z,99.00,99.00,99.00,86.00,18.70,1.00,1.00,1.00,1.00,1.00,1.00,1.00,1.00,1.00,1.00,1.00,1.00
2026-04-05T10:10:00Z,99.00,99.00,99.00,86.00,19.00,1.00,1.00,1.00,1.00,1.00,1.00,1.00,1.00,1.00,1.00,1.00,1.00
2026-04-05T10:13:00Z,99.00,99.00,99.00,86.00,15.05,1.00,1.00,1.00,1.00,1.00,1.00,1.00,1.00,1.00,1.00,1.00,1.00
2026-04-05T10:14:00Z,99.00,99.00,99.00,83.00,15.05,1.00,1.00,1.00,1.00,1.00,1.00,1.00,1.00,1.00,1.00,1.00,1.00
2026-04-05T10:15:00Z,99.00,99.00,99.00,87.97,15.05,1.00,1.00,1.00,1.00,1.00,1.00,1.00,1.00,1.00,1.00,1.00,1.00
2026-04-05T10:16:00Z,99.00,99.00,99.00,79.00,15.05,1.00,1.00,1.00,1.00,1.00,1.00,1.00,1.00,1.00,1.00,1.00,1.00
2026-04-05T10:17:00Z,99.00,99.00,99.00,80.00,15.05,1.00,1.00,1.00,1.00,1.00,1.00,1.00,1.00,1.00,1.00,1.00,1.00
2026-04-05T10:23:00Z,99.00,99.00,99.00,80.40,15.05,1.00,1.00,1.00,1.00,1.00,1.00,1.00,1.00,1.00,1.00,1.00,1.00
2026-04-05T10:24:00Z,99.00,99.00,99.00,79.00,15.05,1.00,1.00,1.00,1.00,1.00,1.00,1.00,1.00,1.00,1.00,1.00,1.00
2026-04-05T10:31:00Z,99.00,99.00,99.00,79.00,18.95,1.00,1.00,1.00,1.00,1.00,1.00,1.00,1.00,1.00,1.00,1.00,1.00
2026-04-05T10:37:00Z,99.00,99.00,99.00,83.00,18.95,1.00,1.00,1.00,1.00,1.00,1.00,1.00,1.00,1.00,1.00,1.00,1.00
2026-04-05T10:40:00Z,99.00,99.00,99.00,83.00,18.96,1.00,1.00,1.00,1.00,1.00,1.00,1.00,1.00,1.00,1.00,1.00,1.00
2026-04-05T10:50:00Z,99.00,99.00,99.00,83.00,18.80,1.00,1.00,1.00,1.00,1.00,1.00,1.00,1.00,1.00,1.00,1.00,1.00
2026-04-05T10:51:00Z,99.00,99.00,99.00,83.00,18.91,1.00,1.00,1.00,1.00,1.00,1.00,1.00,1.00,1.00,1.00,1.00,1.00
2026-04-05T10:54:00Z,99.00,99.00,99.00,83.00,19.76,1.00,1.00,1.00,1.00,1.00,1.00,1.00,1.00,1.00,1.00,1.00,1.00
2026-04-05T10:56:00Z,99.00,99.00,99.00,83.00,19.76,1.00,1.00,1.00,1.00,1.00,1.00,1.00,1.00,1.00,1.00,1.00,1.00
2026-04-05T10:59:00Z,99.00,99.00,99.00,83.00,19.76,1.00,1.00,1.00,1.00,1.00,1.00,1.00,1.00,1.00,1.00,1.00,1.00
2026-04-05T11:14:00Z,99.00,99.00,99.00,83.00,18.88,1.00,1.00,1.00,1.00,1.00,1.00,1.00,1.00,1.00,1.00,1.00,1.00
2026-04-05T11:31:00Z,99.00,99.00,99.00,83.00,17.00,1.00,1.00,1.00,1.00,1.00,1.00,1.00,1.00,1.00,1.00,1.00,1.00
2026-04-05T11:34:00Z,99.00,99.00,99.00,83.00,13.70,1.00,1.00,1.00,1.00,1.00,1.00,1.00,1.00,1.00,1.00,1.00,1.00
2026-04-05T11:35:00Z,99.00,99.00,99.00,86.72,13.70,1.00,1.00,1.00,1.00,1.00,1.00,1.00,1.00,1.00,1.00,1.00,1.00
2026-04-05T11:36:00Z,99.00,99.00,99.00,86.72,13.70,1.00,1.00,1.00,1.00,1.00,1.00,1.00,1.00,1.00,1.00,1.00,1.00
2026-04-05T11:49:00Z,99.00,99.00,99.00,86.72,17.68,1.00,1.00,1.00,1.00,1.00,1.00,1.00,1.00,1.00,1.00,1.00,1.00
2026-04-05T12:11:00Z,99.00,99.00,99.00,86.72,17.80,1.00,1.00,1.00,1.00,1.00,1.00,1.00,1.00,1.00,1.00,1.00,1.00
2026-04-05T12:15:00Z,99.00,99.00,99.00,86.72,17.70,1.00,1.00,1.00,1.00,1.00,1.00,1.00,1.00,1.00,1.00,1.00,1.00
2026-04-05T12:24:00Z,99.00,99.00,99.00,86.72,17.70,1.00,1.00,1.00,1.00,1.00,1.00,1.00,1.00,1.00,1.00,1.00,1.00
2026-04-05T12:28:00Z,99.00,99.00,99.00,86.72,17.70,1.00,1.00,1.00,1.00,1.00,1.00,1.00,1.00,1.00,1.00,1.00,1.00
2026-04-05T12:39:00Z,99.00,99.00,99.00,86.72,17.80,1.00,1.00,1.00,1.00,1.00,1.00,1.00,1.00,1.00,1.00,1.00,1.00
2026-04-05T12:42:00Z,99.00,99.00,99.00,86.72,17.80,1.00,1.00,1.00,1.00,1.00,1.00,1.00,1.00,1.00,1.00,1.00,1.00
2026-04-05T12:45:00Z,99.00,99.00,99.00,86.72,17.90,1.00,1.00,1.00,1.00,1.00,1.00,1.00,1.00,1.00,1.00,1.00,1.00
2026-04-05T12:46:00Z,99.00,99.00,99.00,86.90,17.50,1.00,1.00,1.00,1.00,1.00,1.00,1.00,1.00,1.00,1.00,1.00,1.00
2026-04-05T12:59:00Z,99.00,99.00,99.00,86.90,17.50,1.00,1.00,1.00,1.00,1.00,1.00,1.00,1.00,1.00,1.00,1.00,1.00
2026-04-05T13:01:00Z,99.00,99.00,99.00,86.90,17.50,1.00,1.00,1.00,1.00,1.00,1.00,1.00,1.00,1.00,1.00,1.00,1.00
2026-04-05T13:07:00Z,99.00,99.00,99.00,86.90,17.50,1.00,1.00,1.00,1.00,1.00,1.00,1.00,1.00,1.00,1.00,1.00,1.00
2026-04-05T13:16:00Z,99.00,99.00,99.00,86.90,16.00,1.00,1.00,1.00,1.00,1.00,1.00,1.00,1.00,1.00,1.00,1.00,1.00
2026-04-05T13:21:00Z,99.00,99.00,99.00,88.00,16.00,1.00,1.00,1.00,1.00,1.00,1.00,1.00,1.00,1.00,1.00,1.00,1.00
2026-04-05T13:22:00Z,99.00,99.00,99.00,88.00,16.00,1.00,1.00,1.00,1.00,1.00,1.00,1.00,1.00,1.00,1.00,1.00,1.00
2026-04-05T13:25:00Z,99.00,99.00,99.00,92.00,16.00,1.00,1.00,1.00,1.00,1.00,1.00,1.00,1.00,1.00,1.00,1.00,1.00
2026-04-05T13:27:00Z,99.00,99.00,99.00,92.00,16.00,1.00,1.00,1.00,1.00,1.00,1.00,1.00,1.00,1.00,1.00,1.00,1.00
2026-04-05T13:36:00Z,99.00,99.00,99.00,85.66,16.00,1.00,1.00,1.00,1.00,1.00,1.00,1.00,1.00,1.00,1.00,1.00,1.00
2026-04-05T13:40:00Z,99.00,99.00,99.00,85.66,9.77,1.00,1.00,1.00,1.00,1.00,1.00,1.00,1.00,1.00,1.00,1.00,1.00
2026-04-05T13:44:00Z,99.00,99.00,99.00,84.13,9.77,1.00,1.00,1.00,1.00,1.00,1.00,1.00,1.00,1.00,1.00,1.00,1.00
2026-04-05T13:45:00Z,99.00,99.00,99.00,94.00,9.77,1.00,1.00,1.00,1.00,1.00,1.00,1.00,1.00,1.00,1.00,1.00,1.00
2026-04-05T13:46:00Z,99.00,99.00,99.00,85.00,9.77,1.00,1.00,1.00,1.00,1.00,1.00,1.00,1.00,1.00,1.00,1.00,1.00
2026-04-05T13:54:00Z,99.00,99.00,99.00,85.00,9.38,1.00,1.00,1.00,1.00,1.00,1.00,1.00,1.00,1.00,1.00,1.00,1.00
2026-04-05T13:58:00Z,99.00,99.00,99.00,85.00,10.00,1.00,1.00,1.00,1.00,1.00,1.00,1.00,1.00,1.00,1.00,1.00,1.00
2026-04-05T14:01:00Z,99.00,99.00,99.00,91.00,8.96,1.00,1.00,1.00,1.00,1.00,1.00,1.00,1.00,1.00,1.00,1.00,1.00
2026-04-05T14:03:00Z,99.00,99.00,99.00,91.00,9.46,1.00,1.00,1.00,1.00,1.00,1.00,1.00,1.00,1.00,1.00,1.00,1.00
2026-04-05T14:04:00Z,99.00,99.00,99.00,91.00,10.00,1.00,1.00,1.00,1.00,1.00,1.00,1.00,1.00,1.00,1.00,1.00,1.00
2026-04-05T14:05:00Z,99.00,99.00,99.00,87.00,10.00,1.00,1.00,1.00,1.00,1.00,1.00,1.00,1.00,1.00,1.00,1.00,1.00
2026-04-05T14:06:00Z,99.00,99.00,99.00,87.00,10.00,1.00,1.00,1.00,1.00,1.00,1.00,1.00,1.00,1.00,1.00,1.00,1.00
2026-04-05T14:07:00Z,99.00,99.00,99.00,87.00,9.00,1.00,1.00,1.00,1.00,1.00,1.00,1.00,1.00,1.00,1.00,1.00,1.00
2026-04-05T14:08:00Z,99.00,99.00,99.00,87.00,10.00,1.00,1.00,1.00,1.00,1.00,1.00,1.00,1.00,1.00,1.00,1.00,1.00
2026-04-05T14:10:00Z,99.00,99.00,99.00,87.00,9.72,1.00,1.00,1.00,1.00,1.00,1.00,1.00,1.00,1.00,1.00,1.00,1.00
2026-04-05T14:12:00Z,99.00,99.00,99.00,87.00,10.00,1.00,1.00,1.00,1.00,1.00,1.00,1.00,1.00,1.00,1.00,1.00,1.00
2026-04-05T14:13:00Z,99.00,99.00,99.00,88.63,10.00,1.00,1.00,1.00,1.00,1.00,1.00,1.00,1.00,1.00,1.00,1.00,1.00
2026-04-05T14:15:00Z,99.00,99.00,99.00,88.63,10.00,1.00,1.00,1.00,1.00,1.00,1.00,1.00,1.00,1.00,1.00,1.00,1.00
2026-04-05T14:16:00Z,99.00,99.00,99.00,88.63,10.00,1.00,1.00,1.00,1.00,1.00,1.00,1.00,1.00,1.00,1.00,1.00,1.00
2026-04-05T14:17:00Z,99.00,99.00,99.00,88.63,10.00,1.00,1.00,1.00,1.00,1.00,1.00,1.00,1.00,1.00,1.00,1.00,1.00
2026-04-05T14:18:00Z,99.00,99.00,99.00,88.63,10.00,1.00,1.00,1.00,1.00,1.00,1.00,1.00,1.00,1.00,1.00,1.00,1.00
2026-04-05T14:19:00Z,99.00,99.00,99.00,89.00,10.00,1.00,1.00,1.00,1.00,1.00,1.00,1.00,1.00,1.00,1.00,1.00,1.00
2026-04-05T14:20:00Z,99.00,99.00,99.00,91.00,10.00,1.00,1.00,1.00,1.00,1.00,1.00,1.00,1.00,1.00,1.00,1.00,1.00
2026-04-05T14:21:00Z,99.00,99.00,99.00,91.00,10.00,1.00,1.00,1.00,1.00,1.00,1.00,1.00,1.00,1.00,1.00,1.00,1.00
2026-04-05T14:28:00Z,99.00,99.00,99.00,93.00,10.00,1.00,1.00,1.00,1.00,1.00,1.00,1.00,1.00,1.00,1.00,1.00,1.00
2026-04-05T14:30:00Z,99.00,99.00,99.00,96.95,8.00,1.00,1.00,1.00,1.00,1.00,1.00,1.00,1.00,1.00,1.00,1.00,1.00
2026-04-05T14:31:00Z,99.00,99.00,99.00,96.95,10.00,1.00,1.00,1.00,1.00,1.00,1.00,1.00,1.00,1.00,1.00,1.00,1.00
2026-04-05T14:35:00Z,99.00,99.00,99.00,96.95,10.00,1.00,1.00,1.00,1.00,1.00,1.00,1.00,1.00,1.00,1.00,1.00,1.00
2026-04-05T14:36:00Z,99.00,99.00,99.00,97.01,9.00,1.00,1.00,1.00,1.00,1.00,1.00,1.00,1.00,1.00,1.00,1.00,1.00
2026-04-05T14:37:00Z,99.00,99.00,99.00,97.01,9.00,1.00,1.00,1.00,1.00,1.00,1.00,1.00,1.00,1.00,1.00,1.00,1.00
2026-04-05T14:38:00Z,99.00,99.00,99.00,96.00,9.00,1.00,1.00,1.00,1.00,1.00,1.00,1.00,1.00,1.00,1.00,1.00,1.00
2026-04-05T14:39:00Z,99.00,99.00,99.00,96.00,7.00,1.00,1.00,1.00,1.00,1.00,1.00,1.00,1.00,1.00,1.00,1.00,1.00
2026-04-05T14:41:00Z,99.00,99.00,99.00,96.00,7.00,1.00,1.00,1.00,1.00,1.00,1.00,1.00,1.00,1.00,1.00,1.00,1.00
2026-04-05T14:43:00Z,99.00,99.00,99.00,95.00,7.00,1.00,1.00,1.00,1.00,1.00,1.00,1.00,1.00,1.00,1.00,1.00,1.00
2026-04-05T14:47:00Z,99.00,99.00,99.00,95.00,7.00,1.00,1.00,1.00,1.00,1.00,1.00,1.00,1.00,1.00,1.00,1.00,1.00
2026-04-05T14:51:00Z,99.00,99.00,99.00,95.00,4.00,1.00,1.00,1.00,1.00,1.00,1.00,1.00,1.00,1.00,1.00,1.00,1.00
2026-04-05T14:52:00Z,99.00,99.00,99.00,94.77,4.00,1.00,1.00,1.00,1.00,1.00,1.00,1.00,1.00,1.00,1.00,1.00,1.00
2026-04-05T14:53:00Z,99.00,99.00,99.00,95.00,7.73,1.00,1.00,1.00,1.00,1.00,1.00,1.00,1.00,1.00,1.00,1.00,1.00
2026-04-05T14:59:00Z,99.00,99.00,99.00,95.00,7.73,1.00,1.00,1.00,1.00,1.00,1.00,1.00,1.00,1.00,1.00,1.00,1.00
2026-04-05T15:05:00Z,99.00,99.00,99.00,95.00,7.00,1.00,1.00,1.00,1.00,1.00,1.00,1.00,1.00,1.00,1.00,1.00,1.00
2026-04-05T15:07:00Z,99.00,99.00,99.00,95.00,7.00,1.00,1.00,1.00,1.00,1.00,1.00,1.00,1.00,1.00,1.00,1.00,1.00
2026-04-05T15:08:00Z,99.00,99.00,99.00,95.00,7.00,1.00,1.00,1.00,1.00,1.00,1.00,1.00,1.00,1.00,1.00,1.00,1.00
2026-04-05T15:09:00Z,99.00,99.00,99.00,96.06,7.00,1.00,1.00,1.00,1.00,1.00,1.00,1.00,1.00,1.00,1.00,1.00,1.00
2026-04-05T15:11:00Z,99.00,99.00,99.00,96.06,4.00,1.00,1.00,1.00,1.00,1.00,1.00,1.00,1.00,1.00,1.00,1.00,1.00
2026-04-05T15:15:00Z,99.00,99.00,99.00,96.06,8.08,1.00,1.00,1.00,1.00,1.00,1.00,1.00,1.00,1.00,1.00,1.00,1.00
2026-04-05T15:17:00Z,99.00,99.00,99.00,96.06,9.00,1.00,1.00,1.00,1.00,1.00,1.00,1.00,1.00,1.00,1.00,1.00,1.00
2026-04-05T15:18:00Z,99.00,99.00,99.00,96.06,9.00,1.00,1.00,1.00,1.00,1.00,1.00,1.00,1.00,1.00,1.00,1.00,1.00
2026-04-05T15:21:00Z,99.00,99.00,99.00,96.06,9.00,1.00,1.00,1.00,1.00,1.00,1.00,1.00,1.00,1.00,1.00,1.00,1.00
2026-04-05T15:32:00Z,99.00,99.00,99.00,94.34,6.96,1.00,1.00,1.00,1.00,1.00,1.00,1.00,1.00,1.00,1.00,1.00,1.00
2026-04-05T15:33:00Z,99.00,99.00,99.00,94.34,7.00,1.00,1.00,1.00,1.00,1.00,1.00,1.00,1.00,1.00,1.00,1.00,1.00
2026-04-05T15:36:00Z,99.00,99.00,99.00,94.34,4.00,1.00,1.00,1.00,1.00,1.00,1.00,1.00,1.00,1.00,1.00,1.00,1.00
2026-04-05T15:37:00Z,99.00,99.00,99.00,94.34,5.93,1.00,1.00,1.00,1.00,1.00,1.00,1.00,1.00,1.00,1.00,1.00,1.00
2026-04-05T15:38:00Z,99.00,99.00,99.00,94.34,6.00,1.00,1.00,1.00,1.00,1.00,1.00,1.00,1.00,1.00,1.00,1.00,1.00
2026-04-05T15:39:00Z,99.00,99.00,99.00,94.34,6.00,1.00,1.00,1.00,1.00,1.00,1.00,1.00,1.00,1.00,1.00,1.00,1.00
2026-04-05T15:42:00Z,99.00,99.00,99.00,94.34,6.00,1.00,1.00,1.00,1.00,1.00,1.00,1.00,1.00,1.00,1.00,1.00,1.00
2026-04-05T15:43:00Z,99.00,99.00,99.00,94.34,6.00,1.00,1.00,1.00,1.00,1.00,1.00,1.00,1.00,1.00,1.00,1.00,1.00
2026-04-05T15:44:00Z,99.00,99.00,99.00,96.00,6.00,1.00,1.00,1.00,1.00,1.00,1.00,1.00,1.00,1.00,1.00,1.00,1.00
2026-04-05T15:48:00Z,99.00,99.00,99.00,96.00,6.00,1.00,1.00,1.00,1.00,1.00,1.00,1.00,1.00,1.00,1.00,1.00,1.00
2026-04-05T15:49:00Z,99.00,99.00,99.00,96.00,6.00,1.00,1.00,1.00,1.00,1.00,1.00,1.00,1.00,1.00,1.00,1.00,1.00
2026-04-05T15:50:00Z,99.00,99.00,99.00,96.00,6.00,1.00,1.00,1.00,1.00,1.00,1.00,1.00,1.00,1.00,1.00,1.00,1.00
2026-04-05T15:51:00Z,99.00,99.00,99.00,96.00,6.42,1.00,1.00,1.00,1.00,1.00,1.00,1.00,1.00,1.00,1.00,1.00,1.00
2026-04-05T15:52:00Z,99.00,99.00,99.00,96.00,7.00,1.00,1.00,1.00,1.00,1.00,1.00,1.00,1.00,1.00,1.00,1.00,1.00
2026-04-05T15:54:00Z,99.00,99.00,99.00,96.00,7.00,1.00,1.00,1.00,1.00,1.00,1.00,1.00,1.00,1.00,1.00,1.00,1.00
2026-04-05T15:56:00Z,99.00,99.00,99.00,96.00,6.00,1.00,1.00,1.00,1.00,1.00,1.00,1.00,1.00,1.00,1.00,1.00,1.00
2026-04-05T15:57:00Z,99.00,99.00,99.00,96.00,6.00,1.00,1.00,1.00,1.00,1.00,1.00,1.00,1.00,1.00,1.00,1.00,1.00
2026-04-05T15:58:00Z,99.00,99.00,99.00,96.00,6.00,1.00,1.00,1.00,1.00,1.00,1.00,1.00,1.00,1.00,1.00,1.00,1.00
2026-04-05T16:00:00Z,99.00,99.00,99.00,95.00,6.00,1.00,1.00,1.00,1.00,1.00,1.00,1.00,1.00,1.00,1.00,1.00,1.00
2026-04-05T16:02:00Z,99.00,99.00,99.00,95.00,6.00,1.00,1.00,1.00,1.00,1.00,1.00,1.00,1.00,1.00,1.00,1.00,1.00
2026-04-05T16:03:00Z,99.00,99.00,99.00,96.00,6.00,1.00,1.00,1.00,1.00,1.00,1.00,1.00,1.00,1.00,1.00,1.00,1.00
2026-04-05T16:04:00Z,99.00,99.00,99.00,96.00,6.00,1.00,1.00,1.00,1.00,1.00,1.00,1.00,1.00,1.00,1.00,1.00,1.00
2026-04-05T16:05:00Z,99.00,99.00,99.00,96.00,6.00,1.00,1.00,1.00,1.00,1.00,1.00,1.00,1.00,1.00,1.00,1.00,1.00
2026-04-05T16:07:00Z,99.00,99.00,99.00,96.00,6.40,1.00,1.00,1.00,1.00,1.00,1.00,1.00,1.00,1.00,1.00,1.00,1.00
2026-04-05T16:08:00Z,99.00,99.00,99.00,93.00,6.89,1.00,1.00,1.00,1.00,1.00,1.00,1.00,1.00,1.00,1.00,1.00,1.00
2026-04-05T16:09:00Z,99.00,99.00,99.00,93.00,6.89,1.00,1.00,1.00,1.00,1.00,1.00,1.00,1.00,1.00,1.00,1.00,1.00
2026-04-05T16:10:00Z,99.00,99.00,99.00,94.00,6.00,1.00,1.00,1.00,1.00,1.00,1.00,1.00,1.00,1.00,1.00,1.00,1.00
2026-04-05T16:12:00Z,99.00,99.00,99.00,94.00,6.00,1.00,1.00,1.00,1.00,1.00,1.00,1.00,1.00,1.00,1.00,1.00,1.00
2026-04-05T16:13:00Z,99.00,99.00,99.00,96.00,6.48,1.00,1.00,1.00,1.00,1.00,1.00,1.00,1.00,1.00,1.00,1.00,1.00
2026-04-05T16:14:00Z,99.00,99.00,99.00,96.00,7.00,1.00,1.00,1.00,1.00,1.00,1.00,1.00,1.00,1.00,1.00,1.00,1.00
2026-04-05T16:16:00Z,99.00,99.00,99.00,93.00,7.00,1.00,1.00,1.00,1.00,1.00,1.00,1.00,1.00,1.00,1.00,1.00,1.00
2026-04-05T16:17:00Z,99.00,99.00,99.00,93.00,7.00,1.00,1.00,1.00,1.00,1.00,1.00,1.00,1.00,1.00,1.00,1.00,1.00
2026-04-05T16:20:00Z,99.00,99.00,99.00,93.00,7.00,1.00,1.00,1.00,1.00,1.00,1.00,1.00,1.00,1.00,1.00,1.00,1.00
2026-04-05T16:22:00Z,99.00,99.00,99.00,96.00,7.00,1.00,1.00,1.00,1.00,1.00,1.00,1.00,1.00,1.00,1.00,1.00,1.00
2026-04-05T16:25:00Z,99.00,99.00,99.00,96.00,4.29,1.00,1.00,1.00,1.00,1.00,1.00,1.00,1.00,1.00,1.00,1.00,1.00
2026-04-05T16:27:00Z,99.00,99.00,99.00,93.00,4.29,1.00,1.00,1.00,1.00,1.00,1.00,1.00,1.00,1.00,1.00,1.00,1.00
2026-04-05T16:30:00Z,99.00,99.00,99.00,93.00,5.00,1.00,1.00,1.00,1.00,1.00,1.00,1.00,1.00,1.00,1.00,1.00,1.00
2026-04-05T16:32:00Z,99.00,99.00,99.00,93.00,5.00,1.00,1.00,1.00,1.00,1.00,1.00,1.00,1.00,1.00,1.00,1.00,1.00
2026-04-05T16:35:00Z,99.00,99.00,99.00,93.00,5.00,1.00,1.00,1.00,1.00,1.00,1.00,1.00,1.00,1.00,1.00,1.00,1.00
2026-04-05T16:37:00Z,99.00,99.00,99.00,93.00,5.00,1.00,1.00,1.00,1.00,1.00,1.00,1.00,1.00,1.00,1.00,1.00,1.00
2026-04-05T16:41:00Z,99.00,99.00,99.00,96.00,5.82,1.00,1.00,1.00,1.00,1.00,1.00,1.00,1.00,1.00,1.00,1.00,1.00
2026-04-05T16:44:00Z,99.00,99.00,99.00,96.00,5.00,1.00,1.00,1.00,1.00,1.00,1.00,1.00,1.00,1.00,1.00,1.00,1.00
2026-04-05T16:45:00Z,99.00,99.00,99.00,96.00,5.00,1.00,1.00,1.00,1.00,1.00,1.00,1.00,1.00,1.00,1.00,1.00,1.00
2026-04-05T16:48:00Z,99.00,99.00,99.00,96.00,5.00,1.00,1.00,1.00,1.00,1.00,1.00,1.00,1.00,1.00,1.00,1.00,1.00
2026-04-05T16:49:00Z,99.00,99.00,99.00,96.00,5.00,1.00,1.00,1.00,1.00,1.00,1.00,1.00,1.00,1.00,1.00,1.00,1.00
2026-04-05T16:50:00Z,99.00,99.00,99.00,96.00,5.00,1.00,1.00,1.00,1.00,1.00,1.00,1.00,1.00,1.00,1.00,1.00,1.00
2026-04-05T16:51:00Z,99.00,99.00,99.00,96.00,5.00,1.00,1.00,1.00,1.00,1.00,1.00,1.00,1.00,1.00,1.00,1.00,1.00
2026-04-05T16:52:00Z,99.00,99.00,99.00,95.00,5.00,1.00,1.00,1.00,1.00,1.00,1.00,1.00,1.00,1.00,1.00,1.00,1.00
2026-04-05T16:53:00Z,99.00,99.00,99.00,95.00,5.00,1.00,1.00,1.00,1.00,1.00,1.00,1.00,1.00,1.00,1.00,1.00,1.00
2026-04-05T16:54:00Z,99.00,99.00,99.00,95.00,5.68,1.00,1.00,1.00,1.00,1.00,1.00,1.00,1.00,1.00,1.00,1.00,1.00
2026-04-05T16:55:00Z,99.00,99.00,99.00,95.00,6.81,1.00,1.00,1.00,1.00,1.00,1.00,1.00,1.00,1.00,1.00,1.00,1.00
2026-04-05T16:56:00Z,99.00,99.00,99.00,95.00,6.51,1.00,1.00,1.00,1.00,1.00,1.00,1.00,1.00,1.00,1.00,1.00,1.00
2026-04-05T16:58:00Z,99.00,99.00,99.00,95.00,4.90,1.00,1.00,1.00,1.00,1.00,1.00,1.00,1.00,1.00,1.00,1.00,1.00
2026-04-05T17:00:00Z,99.00,99.00,99.00,95.00,6.92,1.00,1.00,1.00,1.00,1.00,1.00,1.00,1.00,1.00,1.00,1.00,1.00
2026-04-05T17:02:00Z,99.00,99.00,99.00,95.00,7.05,1.00,1.00,1.00,1.00,1.00,1.00,1.00,1.00,1.00,1.00,1.00,1.00
2026-04-05T17:04:00Z,99.00,99.00,99.00,95.00,7.00,1.00,1.00,1.00,1.00,1.00,1.00,1.00,1.00,1.00,1.00,1.00,1.00
2026-04-05T17:05:00Z,99.00,99.00,99.00,95.00,7.86,1.00,1.00,1.00,1.00,1.00,1.00,1.00,1.00,1.00,1.00,1.00,1.00
2026-04-05T17:06:00Z,99.00,99.00,99.00,95.00,6.53,1.00,1.00,1.00,1.00,1.00,1.00,1.00,1.00,1.00,1.00,1.00,1.00
2026-04-05T17:07:00Z,99.00,99.00,99.00,95.00,4.00,1.00,1.00,1.00,1.00,1.00,1.00,1.00,1.00,1.00,1.00,1.00,1.00
2026-04-05T17:08:00Z,99.00,99.00,99.00,95.00,4.00,1.00,1.00,1.00,1.00,1.00,1.00,1.00,1.00,1.00,1.00,1.00,1.00
2026-04-05T17:09:00Z,99.00,99.00,99.00,95.00,5.00,1.00,1.00,1.00,1.00,1.00,1.00,1.00,1.00,1.00,1.00,1.00,1.00
2026-04-05T17:11:00Z,99.00,99.00,99.00,95.00,9.90,1.00,1.00,1.00,1.00,1.00,1.00,1.00,1.00,1.00,1.00,1.00,1.00
2026-04-05T17:12:00Z,99.00,99.00,99.00,94.67,9.57,1.00,1.00,1.00,1.00,1.00,1.00,1.00,1.00,1.00,1.00,1.00,1.00
2026-04-05T17:13:00Z,99.00,99.00,99.00,92.00,9.57,1.00,1.00,1.00,1.00,1.00,1.00,1.00,1.00,1.00,1.00,1.00,1.00
2026-04-05T17:14:00Z,99.00,99.00,99.00,92.00,8.94,1.00,1.00,1.00,1.00,1.00,1.00,1.00,1.00,1.00,1.00,1.00,1.00
2026-04-05T17:15:00Z,99.00,99.00,99.00,92.00,6.00,1.00,1.00,1.00,1.00,1.00,1.00,1.00,1.00,1.00,1.00,1.00,1.00
2026-04-05T17:17:00Z,99.00,99.00,99.00,92.00,7.00,1.00,1.00,1.00,1.00,1.00,1.00,1.00,1.00,1.00,1.00,1.00,1.00
2026-04-05T17:18:00Z,99.00,99.00,99.00,92.00,6.93,1.00,1.00,1.00,1.00,1.00,1.00,1.00,1.00,1.00,1.00,1.00,1.00
2026-04-05T17:21:00Z,99.00,99.00,99.00,96.00,6.93,1.00,1.00,1.00,1.00,1.00,1.00,1.00,1.00,1.00,1.00,1.00,1.00
2026-04-05T17:22:00Z,99.00,99.00,99.00,92.00,4.00,1.00,1.00,1.00,1.00,1.00,1.00,1.00,1.00,1.00,1.00,1.00,1.00
2026-04-05T17:23:00Z,99.00,99.00,99.00,92.00,6.00,1.00,1.00,1.00,1.00,1.00,1.00,1.00,1.00,1.00,1.00,1.00,1.00
2026-04-05T17:24:00Z,99.00,99.00,99.00,92.00,8.44,1.00,1.00,1.00,1.00,1.00,1.00,1.00,1.00,1.00,1.00,1.00,1.00
2026-04-05T17:26:00Z,99.00,99.00,99.00,92.00,8.07,1.00,1.00,1.00,1.00,1.00,1.00,1.00,1.00,1.00,1.00,1.00,1.00
2026-04-05T17:27:00Z,99.00,99.00,99.00,92.24,8.07,1.00,1.00,1.00,1.00,1.00,1.00,1.00,1.00,1.00,1.00,1.00,1.00
2026-04-05T17:28:00Z,99.00,99.00,99.00,92.24,7.87,1.00,1.00,1.00,1.00,1.00,1.00,1.00,1.00,1.00,1.00,1.00,1.00
2026-04-05T17:31:00Z,99.00,99.00,99.00,92.24,7.42,1.00,1.00,1.00,1.00,1.00,1.00,1.00,1.00,1.00,1.00,1.00,1.00
2026-04-05T17:32:00Z,99.00,99.00,99.00,92.24,7.89,1.00,1.00,1.00,1.00,1.00,1.00,1.00,1.00,1.00,1.00,1.00,1.00
2026-04-05T17:33:00Z,99.00,99.00,99.00,92.09,7.91,1.00,1.00,1.00,1.00,1.00,1.00,1.00,1.00,1.00,1.00,1.00,1.00
2026-04-05T17:35:00Z,99.00,99.00,99.00,91.83,7.91,1.00,1.00,1.00,1.00,1.00,1.00,1.00,1.00,1.00,1.00,1.00,1.00
2026-04-05T17:37:00Z,99.00,99.00,99.00,91.83,8.61,1.00,1.00,1.00,1.00,1.00,1.00,1.00,1.00,1.00,1.00,1.00,1.00
2026-04-05T17:38:00Z,99.00,99.00,99.00,75.00,7.00,1.00,1.00,1.00,1.00,1.00,1.00,1.00,1.00,1.00,1.00,1.00,1.00
2026-04-05T17:42:00Z,99.00,99.00,99.00,75.00,7.00,1.00,1.00,1.00,1.00,1.00,1.00,1.00,1.00,1.00,1.00,1.00,1.00
2026-04-05T17:44:00Z,99.00,99.00,99.00,75.00,6.58,1.00,1.00,1.00,1.00,1.00,1.00,1.00,1.00,1.00,1.00,1.00,1.00
2026-04-05T17:45:00Z,99.00,99.00,99.00,94.00,6.58,1.00,1.00,1.00,1.00,1.00,1.00,1.00,1.00,1.00,1.00,1.00,1.00
2026-04-05T17:46:00Z,99.00,99.00,99.00,92.77,6.58,1.00,1.00,1.00,1.00,1.00,1.00,1.00,1.00,1.00,1.00,1.00,1.00
2026-04-05T17:47:00Z,99.00,99.00,99.00,90.00,6.58,1.00,1.00,1.00,1.00,1.00,1.00,1.00,1.00,1.00,1.00,1.00,1.00
2026-04-05T17:49:00Z,99.00,99.00,99.00,90.00,7.00,1.00,1.00,1.00,1.00,1.00,1.00,1.00,1.00,1.00,1.00,1.00,1.00
2026-04-05T17:50:00Z,99.00,99.00,99.00,90.00,7.00,1.00,1.00,1.00,1.00,1.00,1.00,1.00,1.00,1.00,1.00,1.00,1.00
2026-04-05T17:52:00Z,99.00,99.00,99.00,90.00,7.00,1.00,1.00,1.00,1.00,1.00,1.00,1.00,1.00,1.00,1.00,1.00,1.00
2026-04-05T17:54:00Z,99.00,99.00,99.00,90.00,7.00,1.00,1.00,1.00,1.00,1.00,1.00,1.00,1.00,1.00,1.00,1.00,1.00
2026-04-05T17:56:00Z,99.00,99.00,99.00,90.00,7.71,1.00,1.00,1.00,1.00,1.00,1.00,1.00,1.00,1.00,1.00,1.00,1.00
2026-04-05T17:57:00Z,99.00,99.00,99.00,95.00,7.71,1.00,1.00,1.00,1.00,1.00,1.00,1.00,1.00,1.00,1.00,1.00,1.00
2026-04-05T17:58:00Z,99.00,99.00,99.00,95.00,7.00,1.00,1.00,1.00,1.00,1.00,1.00,1.00,1.00,1.00,1.00,1.00,1.00
2026-04-05T18:01:00Z,99.00,99.00,99.00,95.00,6.57,1.00,1.00,1.00,1.00,1.00,1.00,1.00,1.00,1.00,1.00,1.00,1.00
2026-04-05T18:02:00Z,99.00,99.00,99.00,95.00,7.00,1.00,1.00,1.00,1.00,1.00,1.00,1.00,1.00,1.00,1.00,1.00,1.00
2026-04-05T18:04:00Z,99.00,99.00,99.00,90.00,7.00,1.00,1.00,1.00,1.00,1.00,1.00,1.00,1.00,1.00,1.00,1.00,1.00
2026-04-05T18:07:00Z,99.00,99.00,99.00,95.00,5.00,1.00,1.00,1.00,1.00,1.00,1.00,1.00,1.00,1.00,1.00,1.00,1.00
2026-04-05T18:08:00Z,99.00,99.00,99.00,95.00,5.00,1.00,1.00,1.00,1.00,1.00,1.00,1.00,1.00,1.00,1.00,1.00,1.00
2026-04-05T18:09:00Z,99.00,99.00,99.00,95.00,4.04,1.00,1.00,1.00,1.00,1.00,1.00,1.00,1.00,1.00,1.00,1.00,1.00
2026-04-05T18:10:00Z,99.00,99.00,99.00,95.00,7.73,1.00,1.00,1.00,1.00,1.00,1.00,1.00,1.00,1.00,1.00,1.00,1.00
2026-04-05T18:11:00Z,99.00,99.00,99.00,82.18,7.73,1.00,1.00,1.00,1.00,1.00,1.00,1.00,1.00,1.00,1.00,1.00,1.00
2026-04-05T18:13:00Z,99.00,99.00,99.00,82.18,9.24,1.00,1.00,1.00,1.00,1.00,1.00,1.00,1.00,1.00,1.00,1.00,1.00
2026-04-05T18:14:00Z,99.00,99.00,99.00,88.98,9.24,1.00,1.00,1.00,1.00,1.00,1.00,1.00,1.00,1.00,1.00,1.00,1.00
2026-04-05T18:15:00Z,99.00,99.00,99.00,95.00,10.53,1.00,1.00,1.00,1.00,1.00,1.00,1.00,1.00,1.00,1.00,1.00,1.00
2026-04-05T18:16:00Z,99.00,99.00,99.00,93.00,9.12,1.00,1.00,1.00,1.00,1.00,1.00,1.00,1.00,1.00,1.00,1.00,1.00
2026-04-05T18:17:00Z,99.00,99.00,99.00,85.00,10.97,1.00,1.00,1.00,1.00,1.00,1.00,1.00,1.00,1.00,1.00,1.00,1.00
2026-04-05T18:18:00Z,99.00,99.00,99.00,85.00,10.97,1.00,1.00,1.00,1.00,1.00,1.00,1.00,1.00,1.00,1.00,1.00,1.00
2026-04-05T18:19:00Z,99.00,99.00,99.00,91.00,11.76,1.00,1.00,1.00,1.00,1.00,1.00,1.00,1.00,1.00,1.00,1.00,1.00
2026-04-05T18:20:00Z,99.00,99.00,99.00,88.64,11.76,1.00,1.00,1.00,1.00,1.00,1.00,1.00,1.00,1.00,1.00,1.00,1.00
2026-04-05T18:21:00Z,99.00,99.00,99.00,91.48,11.86,1.00,1.00,1.00,1.00,1.00,1.00,1.00,1.00,1.00,1.00,1.00,1.00
2026-04-05T18:23:00Z,99.00,99.00,99.00,84.78,11.86,1.00,1.00,1.00,1.00,1.00,1.00,1.00,1.00,1.00,1.00,1.00,1.00
2026-04-05T18:25:00Z,99.00,99.00,99.00,93.00,11.86,1.00,1.00,1.00,1.00,1.00,1.00,1.00,1.00,1.00,1.00,1.00,1.00
2026-04-05T18:26:00Z,99.00,99.00,99.00,92.00,10.91,1.00,1.00,1.00,1.00,1.00,1.00,1.00,1.00,1.00,1.00,1.00,1.00
2026-04-05T18:27:00Z,99.00,99.00,99.00,93.00,11.00,1.00,1.00,1.00,1.00,1.00,1.00,1.00,1.00,1.00,1.00,1.00,1.00
2026-04-05T18:28:00Z,99.00,99.00,99.00,93.00,11.56,1.00,1.00,1.00,1.00,1.00,1.00,1.00,1.00,1.00,1.00,1.00,1.00
2026-04-05T18:29:00Z,99.00,99.00,99.00,92.92,11.56,1.00,1.00,1.00,1.00,1.00,1.00,1.00,1.00,1.00,1.00,1.00,1.00
2026-04-05T18:31:00Z,99.00,99.00,99.00,92.92,39.96,1.00,1.00,1.00,1.00,1.00,1.00,1.00,1.00,1.00,1.00,1.00,1.00
2026-04-05T18:32:00Z,99.00,99.00,99.00,92.92,25.14,1.00,1.00,1.00,1.00,1.00,1.00,1.00,1.00,1.00,1.00,1.00,1.00
2026-04-05T18:33:00Z,99.00,99.00,99.00,92.92,23.03,1.00,1.00,1.00,1.00,1.00,1.00,1.00,1.00,1.00,1.00,1.00,1.00
2026-04-05T18:34:00Z,99.00,99.00,99.00,92.92,14.50,1.00,1.00,1.00,1.00,1.00,1.00,1.00,1.00,1.00,1.00,1.00,1.00
2026-04-05T18:35:00Z,99.00,99.00,99.00,92.92,16.00,1.00,1.00,1.00,1.00,1.00,1.00,1.00,1.00,1.00,1.00,1.00,1.00
2026-04-05T18:36:00Z,99.00,99.00,99.00,92.92,16.09,1.00,1.00,1.00,1.00,1.00,1.00,1.00,1.00,1.00,1.00,1.00,1.00
2026-04-05T18:37:00Z,99.00,99.00,99.00,92.92,18.00,1.00,1.00,1.00,1.00,1.00,1.00,1.00,1.00,1.00,1.00,1.00,1.00
2026-04-05T18:38:00Z,99.00,99.00,99.00,92.92,18.55,1.00,1.00,1.00,1.00,1.00,1.00,1.00,1.00,1.00,1.00,1.00,1.00
2026-04-05T18:39:00Z,99.00,99.00,99.00,93.00,18.55,1.00,1.00,1.00,1.00,1.00,1.00,1.00,1.00,1.00,1.00,1.00,1.00
2026-04-05T18:40:00Z,99.00,99.00,99.00,93.90,14.00,1.00,1.00,1.00,1.00,1.00,1.00,1.00,1.00,1.00,1.00,1.00,1.00
2026-04-05T18:42:00Z,99.00,99.00,99.00,94.07,18.77,1.00,1.00,1.00,1.00,1.00,1.00,1.00,1.00,1.00,1.00,1.00,1.00
2026-04-05T18:43:00Z,99.00,99.00,99.00,92.75,18.77,1.00,1.00,1.00,1.00,1.00,1.00,1.00,1.00,1.00,1.00,1.00,1.00
2026-04-05T18:45:00Z,99.00,99.00,99.00,92.75,19.00,1.00,1.00,1.00,1.00,1.00,1.00,1.00,1.00,1.00,1.00,1.00,1.00
2026-04-05T18:49:00Z,99.00,99.00,99.00,93.90,19.00,1.00,1.00,1.00,1.00,1.00,1.00,1.00,1.00,1.00,1.00,1.00,1.00
2026-04-05T18:50:00Z,99.00,99.00,99.00,93.90,19.00,1.00,1.00,1.00,1.00,1.00,1.00,1.00,1.00,1.00,1.00,1.00,1.00
2026-04-05T18:53:00Z,99.00,99.00,99.00,93.90,27.91,1.00,1.00,1.00,1.00,1.00,1.00,1.00,1.00,1.00,1.00,1.00,1.00
2026-04-05T18:54:00Z,99.00,99.00,99.00,93.90,27.91,1.00,1.00,1.00,1.00,1.00,1.00,1.00,1.00,1.00,1.00,1.00,1.00
2026-04-05T18:55:00Z,99.00,99.00,99.00,93.90,31.00,1.00,1.00,1.00,1.00,1.00,1.00,1.00,1.00,1.00,1.00,1.00,1.00
2026-04-05T18:56:00Z,99.00,99.00,99.00,93.90,26.54,1.00,1.00,1.00,1.00,1.00,1.00,1.00,1.00,1.00,1.00,1.00,1.00
2026-04-05T18:58:00Z,99.00,99.00,99.00,93.90,26.54,1.00,1.00,1.00,1.00,1.00,1.00,1.00,1.00,1.00,1.00,1.00,1.00
2026-04-05T18:59:00Z,99.00,99.00,99.00,93.90,23.69,1.00,1.00,1.00,1.00,1.00,1.00,1.00,1.00,1.00,1.00,1.00,1.00
2026-04-05T19:00:00Z,99.00,99.00,99.00,93.90,23.70,1.00,1.00,1.00,1.00,1.00,1.00,1.00,1.00,1.00,1.00,1.00,1.00
2026-04-05T19:01:00Z,99.00,99.00,99.00,94.00,23.70,1.00,1.00,1.00,1.00,1.00,1.00,1.00,1.00,1.00,1.00,1.00,1.00
2026-04-05T19:03:00Z,99.00,99.00,99.00,94.00,23.70,1.00,1.00,1.00,1.00,1.00,1.00,1.00,1.00,1.00,1.00,1.00,1.00
2026-04-05T19:04:00Z,99.00,99.00,99.00,94.00,22.00,1.00,1.00,1.00,1.00,1.00,1.00,1.00,1.00,1.00,1.00,1.00,1.00
2026-04-05T19:05:00Z,99.00,99.00,99.00,94.00,22.00,1.00,1.00,1.00,1.00,1.00,1.00,1.00,1.00,1.00,1.00,1.00,1.00
2026-04-05T19:06:00Z,99.00,99.00,99.00,92.00,14.03,1.00,1.00,1.00,1.00,1.00,1.00,1.00,1.00,1.00,1.00,1.00,1.00
2026-04-05T19:07:00Z,99.00,99.00,99.00,96.00,21.67,1.00,1.00,1.00,1.00,1.00,1.00,1.00,1.00,1.00,1.00,1.00,1.00
2026-04-05T19:09:00Z,99.00,99.00,99.00,96.00,21.59,1.00,1.00,1.00,1.00,1.00,1.00,1.00,1.00,1.00,1.00,1.00,1.00
2026-04-05T19:11:00Z,99.00,99.00,99.00,96.00,22.35,1.00,1.00,1.00,1.00,1.00,1.00,1.00,1.00,1.00,1.00,1.00,1.00
2026-04-05T19:12:00Z,99.00,99.00,99.00,96.00,23.82,1.00,1.00,1.00,1.00,1.00,1.00,1.00,1.00,1.00,1.00,1.00,1.00
2026-04-05T19:13:00Z,99.00,99.00,99.00,96.00,23.00,1.00,1.00,1.00,1.00,1.00,1.00,1.00,1.00,1.00,1.00,1.00,1.00
2026-04-05T19:14:00Z,99.00,99.00,99.00,95.00,23.00,1.00,1.00,1.00,1.00,1.00,1.00,1.00,1.00,1.00,1.00,1.00,1.00
2026-04-05T19:15:00Z,99.00,99.00,99.00,95.00,12.09,1.00,1.00,1.00,1.00,1.00,1.00,1.00,1.00,1.00,1.00,1.00,1.00
2026-04-05T19:19:00Z,99.00,99.00,99.00,95.00,17.57,1.00,1.00,1.00,1.00,1.00,1.00,1.00,1.00,1.00,1.00,1.00,1.00
2026-04-05T19:21:00Z,99.00,99.00,99.00,96.00,17.57,1.00,1.00,1.00,1.00,1.00,1.00,1.00,1.00,1.00,1.00,1.00,1.00
2026-04-05T19:22:00Z,99.00,99.00,99.00,96.00,17.57,1.00,1.00,1.00,1.00,1.00,1.00,1.00,1.00,1.00,1.00,1.00,1.00
2026-04-05T19:24:00Z,99.00,99.00,99.00,96.00,12.10,1.00,1.00,1.00,1.00,1.00,1.00,1.00,1.00,1.00,1.00,1.00,1.00
2026-04-05T19:25:00Z,99.00,99.00,99.00,96.00,12.10,1.00,1.00,1.00,1.00,1.00,1.00,1.00,1.00,1.00,1.00,1.00,1.00
2026-04-05T19:27:00Z,99.00,99.00,99.00,96.00,12.00,1.00,1.00,1.00,1.00,1.00,1.00,1.00,1.00,1.00,1.00,1.00,1.00
2026-04-05T19:28:00Z,99.00,99.00,99.00,97.20,12.00,1.00,1.00,1.00,1.00,1.00,1.00,1.00,1.00,1.00,1.00,1.00,1.00
2026-04-05T19:29:00Z,99.00,99.00,99.00,94.00,12.00,1.00,1.00,1.00,1.00,1.00,1.00,1.00,1.00,1.00,1.00,1.00,1.00
2026-04-05T19:30:00Z,99.00,99.00,99.00,94.09,18.27,1.00,1.00,1.00,1.00,1.00,1.00,1.00,1.00,1.00,1.00,1.00,1.00
2026-04-05T19:32:00Z,99.00,99.00,99.00,94.09,17.20,1.00,1.00,1.00,1.00,1.00,1.00,1.00,1.00,1.00,1.00,1.00,1.00
2026-04-05T19:33:00Z,99.00,99.00,99.00,94.00,17.20,1.00,1.00,1.00,1.00,1.00,1.00,1.00,1.00,1.00,1.00,1.00,1.00
2026-04-05T19:36:00Z,99.00,99.00,99.00,94.00,19.00,1.00,1.00,1.00,1.00,1.00,1.00,1.00,1.00,1.00,1.00,1.00,1.00
2026-04-05T19:38:00Z,99.00,99.00,99.00,94.00,19.37,1.00,1.00,1.00,1.00,1.00,1.00,1.00,1.00,1.00,1.00,1.00,1.00
2026-04-05T19:41:00Z,99.00,99.00,99.00,94.00,21.92,1.00,1.00,1.00,1.00,1.00,1.00,1.00,1.00,1.00,1.00,1.00,1.00
2026-04-05T19:43:00Z,99.00,99.00,99.00,94.00,21.92,1.00,1.00,1.00,1.00,1.00,1.00,1.00,1.00,1.00,1.00,1.00,1.00
2026-04-05T19:44:00Z,99.00,99.00,99.00,94.00,21.92,1.00,1.00,1.00,1.00,1.00,1.00,1.00,1.00,1.00,1.00,1.00,1.00
2026-04-05T19:45:00Z,99.00,99.00,99.00,94.00,21.92,1.00,1.00,1.00,1.00,1.00,1.00,1.00,1.00,1.00,1.00,1.00,1.00
2026-04-05T19:47:00Z,99.00,99.00,99.00,94.00,21.38,1.00,1.00,1.00,1.00,1.00,1.00,1.00,1.00,1.00,1.00,1.00,1.00
2026-04-05T19:48:00Z,99.00,99.00,99.00,94.00,19.14,1.00,1.00,1.00,1.00,1.00,1.00,1.00,1.00,1.00,1.00,1.00,1.00
2026-04-05T19:50:00Z,99.00,99.00,99.00,95.89,21.92,1.00,1.00,1.00,1.00,1.00,1.00,1.00,1.00,1.00,1.00,1.00,1.00
2026-04-05T19:51:00Z,99.00,99.00,99.00,94.80,21.92,1.00,1.00,1.00,1.00,1.00,1.00,1.00,1.00,1.00,1.00,1.00,1.00
2026-04-05T19:52:00Z,99.00,99.00,99.00,94.80,23.45,1.00,1.00,1.00,1.00,1.00,1.00,1.00,1.00,1.00,1.00,1.00,1.00
2026-04-05T19:53:00Z,99.00,99.00,99.00,94.00,23.00,1.00,1.00,1.00,1.00,1.00,1.00,1.00,1.00,1.00,1.00,1.00,1.00
2026-04-05T19:54:00Z,99.00,99.00,99.00,95.00,23.89,1.00,1.00,1.00,1.00,1.00,1.00,1.00,1.00,1.00,1.00,1.00,1.00
2026-04-05T19:56:00Z,99.00,99.00,99.00,95.00,23.73,1.00,1.00,1.00,1.00,1.00,1.00,1.00,1.00,1.00,1.00,1.00,1.00
2026-04-05T19:58:00Z,99.00,99.00,99.00,94.44,23.33,1.00,1.00,1.00,1.00,1.00,1.00,1.00,1.00,1.00,1.00,1.00,1.00
2026-04-05T19:59:00Z,99.00,99.00,99.00,94.44,23.33,1.00,1.00,1.00,1.00,1.00,1.00,1.00,1.00,1.00,1.00,1.00,1.00
2026-04-05T20:00:00Z,99.00,99.00,99.00,94.44,18.00,1.00,1.00,1.00,1.00,1.00,1.00,1.00,1.00,1.00,1.00,1.00,1.00
2026-04-05T20:03:00Z,99.00,99.00,99.00,94.44,18.00,1.00,1.00,1.00,1.00,1.00,1.00,1.00,1.00,1.00,1.00,1.00,1.00
2026-04-05T20:04:00Z,99.00,99.00,99.00,94.44,23.00,1.00,1.00,1.00,1.00,1.00,1.00,1.00,1.00,1.00,1.00,1.00,1.00
2026-04-05T20:06:00Z,99.00,99.00,99.00,96.00,22.00,1.00,1.00,1.00,1.00,1.00,1.00,1.00,1.00,1.00,1.00,1.00,1.00
2026-04-05T20:07:00Z,99.00,99.00,99.00,94.00,22.00,1.00,1.00,1.00,1.00,1.00,1.00,1.00,1.00,1.00,1.00,1.00,1.00
2026-04-05T20:11:00Z,99.00,99.00,99.00,94.00,20.54,1.00,1.00,1.00,1.00,1.00,1.00,1.00,1.00,1.00,1.00,1.00,1.00
2026-04-05T20:13:00Z,99.00,99.00,99.00,94.00,23.60,1.00,1.00,1.00,1.00,1.00,1.00,1.00,1.00,1.00,1.00,1.00,1.00
2026-04-05T20:15:00Z,99.00,99.00,99.00,94.00,23.60,1.00,1.00,1.00,1.00,1.00,1.00,1.00,1.00,1.00,1.00,1.00,1.00
2026-04-05T20:17:00Z,99.00,99.00,99.00,94.00,23.82,1.00,1.00,1.00,1.00,1.00,1.00,1.00,1.00,1.00,1.00,1.00,1.00
2026-04-05T20:19:00Z,99.00,99.00,99.00,94.00,23.82,1.00,1.00,1.00,1.00,1.00,1.00,1.00,1.00,1.00,1.00,1.00,1.00
2026-04-05T20:20:00Z,99.00,99.00,99.00,93.00,32.11,1.00,1.00,1.00,1.00,1.00,1.00,1.00,1.00,1.00,1.00,1.00,1.00
2026-04-05T20:21:00Z,99.00,99.00,99.00,93.00,14.96,1.00,1.00,1.00,1.00,1.00,1.00,1.00,1.00,1.00,1.00,1.00,1.00
2026-04-05T20:22:00Z,99.00,99.00,99.00,93.00,23.00,1.00,1.00,1.00,1.00,1.00,1.00,1.00,1.00,1.00,1.00,1.00,1.00
2026-04-05T20:23:00Z,99.00,99.00,99.00,93.00,23.37,1.00,1.00,1.00,1.00,1.00,1.00,1.00,1.00,1.00,1.00,1.00,1.00
2026-04-05T20:24:00Z,99.00,99.00,99.00,95.00,23.37,1.00,1.00,1.00,1.00,1.00,1.00,1.00,1.00,1.00,1.00,1.00,1.00
2026-04-05T20:27:00Z,99.00,99.00,99.00,95.00,22.75,1.00,1.00,1.00,1.00,1.00,1.00,1.00,1.00,1.00,1.00,1.00,1.00
2026-04-05T20:32:00Z,99.00,99.00,99.00,95.00,25.07,1.00,1.00,1.00,1.00,1.00,1.00,1.00,1.00,1.00,1.00,1.00,1.00
2026-04-05T20:35:00Z,99.00,99.00,99.00,95.00,24.20,1.00,1.00,1.00,1.00,1.00,1.00,1.00,1.00,1.00,1.00,1.00,1.00
2026-04-05T20:37:00Z,99.00,99.00,99.00,95.00,25.72,1.00,1.00,1.00,1.00,1.00,1.00,1.00,1.00,1.00,1.00,1.00,1.00
2026-04-05T20:39:00Z,99.00,99.00,99.00,93.00,25.72,1.00,1.00,1.00,1.00,1.00,1.00,1.00,1.00,1.00,1.00,1.00,1.00
2026-04-05T20:40:00Z,99.00,99.00,99.00,95.00,25.72,1.00,1.00,1.00,1.00,1.00,1.00,1.00,1.00,1.00,1.00,1.00,1.00
2026-04-05T20:42:00Z,99.00,99.00,99.00,95.00,26.68,1.00,1.00,1.00,1.00,1.00,1.00,1.00,1.00,1.00,1.00,1.00,1.00
2026-04-05T20:43:00Z,99.00,99.00,99.00,95.00,26.65,1.00,1.00,1.00,1.00,1.00,1.00,1.00,1.00,1.00,1.00,1.00,1.00
2026-04-05T20:44:00Z,99.00,99.00,99.00,93.00,26.65,1.00,1.00,1.00,1.00,1.00,1.00,1.00,1.00,1.00,1.00,1.00,1.00
2026-04-05T20:45:00Z,99.00,99.00,99.00,95.00,26.65,1.00,1.00,1.00,1.00,1.00,1.00,1.00,1.00,1.00,1.00,1.00,1.00
2026-04-05T20:46:00Z,99.00,99.00,99.00,95.00,21.51,1.00,1.00,1.00,1.00,1.00,1.00,1.00,1.00,1.00,1.00,1.00,1.00
2026-04-05T20:47:00Z,99.00,99.00,99.00,95.00,25.00,1.00,1.00,1.00,1.00,1.00,1.00,1.00,1.00,1.00,1.00,1.00,1.00
2026-04-05T20:48:00Z,99.00,99.00,99.00,95.00,21.38,1.00,1.00,1.00,1.00,1.00,1.00,1.00,1.00,1.00,1.00,1.00,1.00
2026-04-05T20:50:00Z,99.00,99.00,99.00,95.00,23.00,1.00,1.00,1.00,1.00,1.00,1.00,1.00,1.00,1.00,1.00,1.00,1.00
2026-04-05T20:52:00Z,99.00,99.00,99.00,95.00,23.35,1.00,1.00,1.00,1.00,1.00,1.00,1.00,1.00,1.00,1.00,1.00,1.00
2026-04-05T20:53:00Z,99.00,99.00,99.00,95.00,26.30,1.00,1.00,1.00,1.00,1.00,1.00,1.00,1.00,1.00,1.00,1.00,1.00
2026-04-05T20:54:00Z,99.00,99.00,99.00,94.00,26.20,1.00,1.00,1.00,1.00,1.00,1.00,1.00,1.00,1.00,1.00,1.00,1.00
2026-04-05T20:55:00Z,99.00,99.00,99.00,94.00,26.20,1.00,1.00,1.00,1.00,1.00,1.00,1.00,1.00,1.00,1.00,1.00,1.00
2026-04-05T20:56:00Z,99.00,99.00,99.00,94.00,26.20,1.00,1.00,1.00,1.00,1.00,1.00,1.00,1.00,1.00,1.00,1.00,1.00
2026-04-05T20:58:00Z,99.00,99.00,99.00,94.00,26.80,1.00,1.00,1.00,1.00,1.00,1.00,1.00,1.00,1.00,1.00,1.00,1.00
2026-04-05T21:00:00Z,99.00,99.00,99.00,95.00,13.80,1.00,1.00,1.00,1.00,1.00,1.00,1.00,1.00,1.00,1.00,1.00,1.00
2026-04-05T21:01:00Z,99.00,99.00,99.00,95.00,23.65,1.00,1.00,1.00,1.00,1.00,1.00,1.00,1.00,1.00,1.00,1.00,1.00
2026-04-05T21:02:00Z,99.00,99.00,99.00,96.00,23.65,1.00,1.00,1.00,1.00,1.00,1.00,1.00,1.00,1.00,1.00,1.00,1.00
2026-04-05T21:05:00Z,99.00,99.00,99.00,96.00,26.00,1.00,1.00,1.00,1.00,1.00,1.00,1.00,1.00,1.00,1.00,1.00,1.00
2026-04-05T21:06:00Z,99.00,99.00,99.00,96.00,26.00,1.00,1.00,1.00,1.00,1.00,1.00,1.00,1.00,1.00,1.00,1.00,1.00
2026-04-05T21:07:00Z,99.00,99.00,99.00,96.00,21.96,1.00,1.00,1.00,1.00,1.00,1.00,1.00,1.00,1.00,1.00,1.00,1.00
2026-04-05T21:08:00Z,99.00,99.00,99.00,96.00,21.31,1.00,1.00,1.00,1.00,1.00,1.00,1.00,1.00,1.00,1.00,1.00,1.00
2026-04-05T21:09:00Z,99.00,99.00,99.00,96.00,31.26,1.00,1.00,1.00,1.00,1.00,1.00,1.00,1.00,1.00,1.00,1.00,1.00
2026-04-05T21:13:00Z,99.00,99.00,99.00,96.00,31.26,1.00,1.00,1.00,1.00,1.00,1.00,1.00,1.00,1.00,1.00,1.00,1.00
2026-04-05T21:14:00Z,99.00,99.00,99.00,97.00,24.00,1.00,1.00,1.00,1.00,1.00,1.00,1.00,1.00,1.00,1.00,1.00,1.00
2026-04-05T21:15:00Z,99.00,99.00,99.00,97.00,30.90,1.00,1.00,1.00,1.00,1.00,1.00,1.00,1.00,1.00,1.00,1.00,1.00
2026-04-05T21:18:00Z,99.00,99.00,99.00,97.00,34.96,1.00,1.00,1.00,1.00,1.00,1.00,1.00,1.00,1.00,1.00,1.00,1.00
2026-04-05T21:20:00Z,99.00,99.00,99.00,97.00,34.96,1.00,1.00,1.00,1.00,1.00,1.00,1.00,1.00,1.00,1.00,1.00,1.00
2026-04-05T21:21:00Z,99.00,99.00,99.00,97.00,38.31,1.00,1.00,1.00,1.00,1.00,1.00,1.00,1.00,1.00,1.00,1.00,1.00
2026-04-05T21:22:00Z,99.00,99.00,99.00,97.00,38.31,1.00,1.00,1.00,1.00,1.00,1.00,1.00,1.00,1.00,1.00,1.00,1.00
2026-04-05T21:23:00Z,99.00,99.00,99.00,97.00,37.66,1.00,1.00,1.00,1.00,1.00,1.00,1.00,1.00,1.00,1.00,1.00,1.00
2026-04-05T21:25:00Z,99.00,99.00,99.00,97.00,35.77,1.00,1.00,1.00,1.00,1.00,1.00,1.00,1.00,1.00,1.00,1.00,1.00
2026-04-05T21:26:00Z,99.00,99.00,99.00,97.00,28.00,1.00,1.00,1.00,1.00,1.00,1.00,1.00,1.00,1.00,1.00,1.00,1.00
2026-04-05T21:28:00Z,99.00,99.00,99.00,97.00,28.00,1.00,1.00,1.00,1.00,1.00,1.00,1.00,1.00,1.00,1.00,1.00,1.00
2026-04-05T21:29:00Z,99.00,99.00,99.00,97.00,28.28,1.00,1.00,1.00,1.00,1.00,1.00,1.00,1.00,1.00,1.00,1.00,1.00
2026-04-05T21:30:00Z,99.00,99.00,99.00,96.99,23.00,1.00,1.00,1.00,1.00,1.00,1.00,1.00,1.00,1.00,1.00,1.00,1.00
2026-04-05T21:31:00Z,99.00,99.00,99.00,96.96,23.00,1.00,1.00,1.00,1.00,1.00,1.00,1.00,1.00,1.00,1.00,1.00,1.00
2026-04-05T21:32:00Z,99.00,99.00,99.00,96.96,21.60,1.00,1.00,1.00,1.00,1.00,1.00,1.00,1.00,1.00,1.00,1.00,1.00
2026-04-05T21:33:00Z,99.00,99.00,99.00,97.00,20.92,1.00,1.00,1.00,1.00,1.00,1.00,1.00,1.00,1.00,1.00,1.00,1.00
2026-04-05T21:34:00Z,99.00,99.00,99.00,97.00,17.00,1.00,1.00,1.00,1.00,1.00,1.00,1.00,1.00,1.00,1.00,1.00,1.00
2026-04-05T21:35:00Z,99.00,99.00,99.00,97.00,17.96,1.00,1.00,1.00,1.00,1.00,1.00,1.00,1.00,1.00,1.00,1.00,1.00
2026-04-05T21:37:00Z,99.00,99.00,99.00,97.00,24.42,1.00,1.00,1.00,1.00,1.00,1.00,1.00,1.00,1.00,1.00,1.00,1.00
2026-04-05T21:39:00Z,99.00,99.00,99.00,97.00,24.00,1.00,1.00,1.00,1.00,1.00,1.00,1.00,1.00,1.00,1.00,1.00,1.00
2026-04-05T21:42:00Z,99.00,99.00,99.00,97.00,25.40,1.00,1.00,1.00,1.00,1.00,1.00,1.00,1.00,1.00,1.00,1.00,1.00
2026-04-05T21:43:00Z,99.00,99.00,99.00,97.00,19.00,1.00,1.00,1.00,1.00,1.00,1.00,1.00,1.00,1.00,1.00,1.00,1.00
2026-04-05T21:44:00Z,99.00,99.00,99.00,97.00,30.42,1.00,1.00,1.00,1.00,1.00,1.00,1.00,1.00,1.00,1.00,1.00,1.00
2026-04-05T21:45:00Z,99.00,99.00,99.00,95.00,21.81,1.00,1.00,1.00,1.00,1.00,1.00,1.00,1.00,1.00,1.00,1.00,1.00
2026-04-05T21:46:00Z,99.00,99.00,99.00,95.00,22.00,1.00,1.00,1.00,1.00,1.00,1.00,1.00,1.00,1.00,1.00,1.00,1.00
2026-04-05T21:48:00Z,99.00,99.00,99.00,95.00,19.57,1.00,1.00,1.00,1.00,1.00,1.00,1.00,1.00,1.00,1.00,1.00,1.00
2026-04-05T21:49:00Z,99.00,99.00,99.00,97.00,19.57,1.00,1.00,1.00,1.00,1.00,1.00,1.00,1.00,1.00,1.00,1.00,1.00
2026-04-05T21:52:00Z,99.00,99.00,99.00,97.00,19.26,1.00,1.00,1.00,1.00,1.00,1.00,1.00,1.00,1.00,1.00,1.00,1.00
2026-04-05T21:53:00Z,99.00,99.00,99.00,97.00,19.00,1.00,1.00,1.00,1.00,1.00,1.00,1.00,1.00,1.00,1.00,1.00,1.00
2026-04-05T22:00:00Z,99.00,99.00,99.00,97.00,19.00,1.00,1.00,1.00,1.00,1.00,1.00,1.00,1.00,1.00,1.00,1.00,1.00
2026-04-05T22:01:00Z,99.00,99.00,99.00,97.00,19.00,1.00,1.00,1.00,1.00,1.00,1.00,1.00,1.00,1.00,1.00,1.00,1.00
2026-04-05T22:02:00Z,99.00,99.00,99.00,97.00,16.00,1.00,1.00,1.00,1.00,1.00,1.00,1.00,1.00,1.00,1.00,1.00,1.00
2026-04-05T22:03:00Z,99.00,99.00,99.00,96.00,16.00,1.00,1.00,1.00,1.00,1.00,1.00,1.00,1.00,1.00,1.00,1.00,1.00
2026-04-05T22:05:00Z,99.00,99.00,99.00,96.00,17.62,1.00,1.00,1.00,1.00,1.00,1.00,1.00,1.00,1.00,1.00,1.00,1.00
2026-04-05T22:06:00Z,99.00,99.00,99.00,96.00,22.83,1.00,1.00,1.00,1.00,1.00,1.00,1.00,1.00,1.00,1.00,1.00,1.00
2026-04-05T22:11:00Z,99.00,99.00,99.00,89.96,17.00,1.00,1.00,1.00,1.00,1.00,1.00,1.00,1.00,1.00,1.00,1.00,1.00
2026-04-05T22:14:00Z,99.00,99.00,99.00,92.08,17.00,1.00,1.00,1.00,1.00,1.00,1.00,1.00,1.00,1.00,1.00,1.00,1.00
2026-04-05T22:15:00Z,99.00,99.00,99.00,92.08,20.50,1.00,1.00,1.00,1.00,1.00,1.00,1.00,1.00,1.00,1.00,1.00,1.00
2026-04-05T22:16:00Z,99.00,99.00,99.00,92.08,24.00,1.00,1.00,1.00,1.00,1.00,1.00,1.00,1.00,1.00,1.00,1.00,1.00
2026-04-05T22:17:00Z,99.00,99.00,99.00,92.08,18.80,1.00,1.00,1.00,1.00,1.00,1.00,1.00,1.00,1.00,1.00,1.00,1.00
2026-04-05T22:18:00Z,99.00,99.00,99.00,92.08,25.33,1.00,1.00,1.00,1.00,1.00,1.00,1.00,1.00,1.00,1.00,1.00,1.00
2026-04-05T22:19:00Z,99.00,99.00,99.00,92.08,25.33,1.00,1.00,1.00,1.00,1.00,1.00,1.00,1.00,1.00,1.00,1.00,1.00
2026-04-05T22:20:00Z,99.00,99.00,99.00,92.08,28.07,1.00,1.00,1.00,1.00,1.00,1.00,1.00,1.00,1.00,1.00,1.00,1.00
2026-04-05T22:21:00Z,99.00,99.00,99.00,92.08,28.07,1.00,1.00,1.00,1.00,1.00,1.00,1.00,1.00,1.00,1.00,1.00,1.00
2026-04-05T22:22:00Z,99.00,99.00,99.00,92.08,34.23,1.00,1.00,1.00,1.00,1.00,1.00,1.00,1.00,1.00,1.00,1.00,1.00
2026-04-05T22:24:00Z,99.00,99.00,99.00,92.08,30.00,1.00,1.00,1.00,1.00,1.00,1.00,1.00,1.00,1.00,1.00,1.00,1.00
2026-04-05T22:26:00Z,99.00,99.00,99.00,92.08,31.00,1.00,1.00,1.00,1.00,1.00,1.00,1.00,1.00,1.00,1.00,1.00,1.00
2026-04-05T22:27:00Z,99.00,99.00,99.00,92.08,26.25,1.00,1.00,1.00,1.00,1.00,1.00,1.00,1.00,1.00,1.00,1.00,1.00
2026-04-05T22:30:00Z,99.00,99.00,99.00,97.97,26.25,1.00,1.00,1.00,1.00,1.00,1.00,1.00,1.00,1.00,1.00,1.00,1.00
2026-04-05T22:31:00Z,99.00,99.00,99.00,95.35,30.00,1.00,1.00,1.00,1.00,1.00,1.00,1.00,1.00,1.00,1.00,1.00,1.00
2026-04-05T22:33:00Z,99.00,99.00,99.00,95.35,30.00,1.00,1.00,1.00,1.00,1.00,1.00,1.00,1.00,1.00,1.00,1.00,1.00
2026-04-05T22:34:00Z,99.00,99.00,99.00,95.35,29.56,1.00,1.00,1.00,1.00,1.00,1.00,1.00,1.00,1.00,1.00,1.00,1.00
2026-04-05T22:35:00Z,99.00,99.00,99.00,97.00,29.56,1.00,1.00,1.00,1.00,1.00,1.00,1.00,1.00,1.00,1.00,1.00,1.00
2026-04-05T22:37:00Z,99.00,99.00,99.00,97.00,27.80,1.00,1.00,1.00,1.00,1.00,1.00,1.00,1.00,1.00,1.00,1.00,1.00
2026-04-05T22:38:00Z,99.00,99.00,99.00,97.00,30.48,1.00,1.00,1.00,1.00,1.00,1.00,1.00,1.00,1.00,1.00,1.00,1.00
2026-04-05T22:39:00Z,99.00,99.00,99.00,97.00,13.73,1.00,1.00,1.00,1.00,1.00,1.00,1.00,1.00,1.00,1.00,1.00,1.00
2026-04-05T22:41:00Z,99.00,99.00,99.00,98.00,24.81,1.00,1.00,1.00,1.00,1.00,1.00,1.00,1.00,1.00,1.00,1.00,1.00
2026-04-05T22:42:00Z,99.00,99.00,99.00,98.00,24.81,1.00,1.00,1.00,1.00,1.00,1.00,1.00,1.00,1.00,1.00,1.00,1.00
2026-04-05T22:43:00Z,99.00,99.00,99.00,98.00,22.00,1.00,1.00,1.00,1.00,1.00,1.00,1.00,1.00,1.00,1.00,1.00,1.00
2026-04-05T22:44:00Z,99.00,99.00,99.00,98.00,24.94,1.00,1.00,1.00,1.00,1.00,1.00,1.00,1.00,1.00,1.00,1.00,1.00
2026-04-05T22:46:00Z,99.00,99.00,99.00,98.00,23.84,1.00,1.00,1.00,1.00,1.00,1.00,1.00,1.00,1.00,1.00,1.00,1.00
2026-04-05T22:47:00Z,99.00,99.00,99.00,98.00,24.15,1.00,1.00,1.00,1.00,1.00,1.00,1.00,1.00,1.00,1.00,1.00,1.00
2026-04-05T22:48:00Z,99.00,99.00,99.00,96.33,24.15,1.00,1.00,1.00,1.00,1.00,1.00,1.00,1.00,1.00,1.00,1.00,1.00
2026-04-05T22:49:00Z,99.00,99.00,99.00,98.00,24.15,1.00,1.00,1.00,1.00,1.00,1.00,1.00,1.00,1.00,1.00,1.00,1.00
2026-04-05T22:51:00Z,99.00,99.00,99.00,98.00,24.15,1.00,1.00,1.00,1.00,1.00,1.00,1.00,1.00,1.00,1.00,1.00,1.00
2026-04-05T22:52:00Z,99.00,99.00,99.00,98.00,24.00,1.12,1.00,1.00,1.00,1.00,1.00,1.00,1.00,1.00,1.00,1.00,1.00
2026-04-05T22:54:00Z,99.00,99.00,99.00,99.00,24.00,1.12,1.00,1.00,1.00,1.00,1.00,1.00,1.00,1.00,1.00,1.00,1.00
2026-04-05T22:55:00Z,99.00,99.00,99.00,99.00,24.53,1.12,1.00,1.00,1.00,1.00,1.00,1.00,1.00,1.00,1.00,1.00,1.00
2026-04-05T22:56:00Z,99.00,99.00,99.00,99.00,24.53,1.12,1.00,1.00,1.00,1.00,1.00,1.00,1.00,1.00,1.00,1.00,1.00
2026-04-05T22:57:00Z,99.00,99.00,99.00,99.00,23.00,1.12,1.00,1.00,1.00,1.00,1.00,1.00,1.00,1.00,1.00,1.00,1.00
2026-04-05T22:59:00Z,99.00,99.00,99.00,99.00,17.66,1.12,1.00,1.00,1.00,1.00,1.00,1.00,1.00,1.00,1.00,1.00,1.00
2026-04-05T23:01:00Z,99.00,99.00,99.00,99.00,17.66,1.12,1.00,1.00,1.00,1.00,1.00,1.00,1.00,1.00,1.00,1.00,1.00
2026-04-05T23:03:00Z,99.00,99.00,99.00,99.00,17.66,1.87,1.00,1.00,1.00,1.00,1.00,1.00,1.00,1.00,1.00,1.00,1.00
2026-04-05T23:05:00Z,99.00,99.00,99.00,99.00,11.17,1.87,1.00,1.00,1.00,1.00,1.00,1.00,1.00,1.00,1.00,1.00,1.00
2026-04-05T23:06:00Z,99.00,99.00,99.00,99.00,12.00,1.87,1.00,1.00,1.00,1.00,1.00,1.00,1.00,1.00,1.00,1.00,1.00
2026-04-05T23:08:00Z,99.00,99.00,99.00,99.00,11.00,1.87,1.00,1.00,1.00,1.00,1.00,1.00,1.00,1.00,1.00,1.00,1.00
2026-04-05T23:09:00Z,99.00,99.00,99.00,97.96,11.17,2.00,1.00,1.00,1.00,1.00,1.00,1.00,1.00,1.00,1.00,1.00,1.00
2026-04-05T23:10:00Z,99.00,99.00,99.00,98.00,11.00,2.00,1.00,1.00,1.00,1.00,1.00,1.00,1.00,1.00,1.00,1.00,1.00
2026-04-05T23:11:00Z,99.00,99.00,99.00,98.00,10.21,2.00,1.00,1.00,1.00,1.00,1.00,1.00,1.00,1.00,1.00,1.00,1.00
2026-04-05T23:12:00Z,99.00,99.00,99.00,98.00,12.00,2.00,1.00,1.00,1.00,1.00,1.00,1.00,1.00,1.00,1.00,1.00,1.00
2026-04-05T23:13:00Z,99.00,99.00,99.00,98.00,12.00,1.00,1.00,1.00,1.00,1.00,1.00,1.00,1.00,1.00,1.00,1.00,1.00
2026-04-05T23:14:00Z,99.00,99.00,99.00,98.00,12.00,1.63,1.00,1.00,1.00,1.00,1.00,1.00,1.00,1.00,1.00,1.00,1.00
2026-04-05T23:15:00Z,99.00,99.00,99.00,98.00,12.00,1.63,1.00,1.00,1.00,1.00,1.00,1.00,1.00,1.00,1.00,1.00,1.00
2026-04-05T23:16:00Z,99.00,99.00,99.00,98.00,12.00,1.63,1.00,1.00,1.00,1.00,1.00,1.00,1.00,1.00,1.00,1.00,1.00
2026-04-05T23:17:00Z,99.00,99.00,99.00,98.00,12.00,2.00,1.00,1.00,1.00,1.00,1.00,1.00,1.00,1.00,1.00,1.00,1.00
2026-04-05T23:18:00Z,99.00,99.00,99.00,98.00,12.00,2.00,1.00,1.00,1.00,1.00,1.00,1.00,1.00,1.00,1.00,1.00,1.00
2026-04-05T23:19:00Z,99.00,99.00,99.00,98.00,10.06,2.00,1.00,1.00,1.00,1.00,1.00,1.00,1.00,1.00,1.00,1.00,1.00
2026-04-05T23:20:00Z,99.00,99.00,99.00,98.00,11.62,2.00,1.00,1.00,1.00,1.00,1.00,1.00,1.00,1.00,1.00,1.00,1.00
2026-04-05T23:21:00Z,99.00,99.00,99.00,98.00,11.30,2.00,1.00,1.00,1.00,1.00,1.00,1.00,1.00,1.00,1.00,1.00,1.00
2026-04-05T23:23:00Z,99.00,99.00,99.00,99.00,11.30,2.00,1.00,1.00,1.00,1.00,1.00,1.00,1.00,1.00,1.00,1.00,1.00
2026-04-05T23:26:00Z,99.00,99.00,99.00,99.00,10.82,2.00,1.00,1.00,1.00,1.00,1.00,1.00,1.00,1.00,1.00,1.00,1.00
2026-04-05T23:30:00Z,99.00,99.00,99.00,99.00,11.00,2.00,1.00,1.00,1.00,1.00,1.00,1.00,1.00,1.00,1.00,1.00,1.00
2026-04-05T23:31:00Z,99.00,99.00,99.00,99.00,11.32,2.00,1.00,1.00,1.00,1.00,1.00,1.00,1.00,1.00,1.00,1.00,1.00
2026-04-05T23:32:00Z,99.00,99.00,99.00,99.00,13.00,2.00,1.00,1.00,1.00,1.00,1.00,1.00,1.00,1.00,1.00,1.00,1.00
2026-04-05T23:34:00Z,99.00,99.00,99.00,99.00,9.89,2.00,1.00,1.00,1.00,1.00,1.00,1.00,1.00,1.00,1.00,1.00,1.00
2026-04-05T23:36:00Z,99.00,99.00,99.00,96.00,9.89,2.00,1.00,1.00,1.00,1.00,1.00,1.00,1.00,1.00,1.00,1.00,1.00
2026-04-05T23:38:00Z,99.00,99.00,99.00,96.00,11.70,2.00,1.00,1.00,1.00,1.00,1.00,1.00,1.00,1.00,1.00,1.00,1.00
2026-04-05T23:41:00Z,99.00,99.00,99.00,96.00,12.37,2.00,1.00,1.00,1.00,1.00,1.00,1.00,1.00,1.00,1.00,1.00,1.00
2026-04-05T23:45:00Z,99.00,99.00,99.00,96.00,12.98,2.00,1.00,1.00,1.00,1.00,1.00,1.00,1.00,1.00,1.00,1.00,1.00
2026-04-05T23:46:00Z,99.00,99.00,99.00,96.00,13.00,2.00,1.00,1.00,1.00,1.00,1.00,1.00,1.00,1.00,1.00,1.00,1.00
2026-04-05T23:49:00Z,99.00,99.00,99.00,96.00,11.81,2.00,1.00,1.00,1.00,1.00,1.00,1.00,1.00,1.00,1.00,1.00,1.00
2026-04-05T23:50:00Z,99.00,99.00,99.00,96.00,14.00,2.00,1.00,1.00,1.00,1.00,1.00,1.00,1.00,1.00,1.00,1.00,1.00
2026-04-05T23:54:00Z,99.00,99.00,99.00,96.00,13.31,2.00,1.00,1.00,1.00,1.00,1.00,1.00,1.00,1.00,1.00,1.00,1.00
2026-04-05T23:55:00Z,99.00,99.00,99.00,96.00,8.86,2.00,1.00,1.00,1.00,1.00,1.00,1.00,1.00,1.00,1.00,1.00,1.00
2026-04-05T23:56:00Z,99.00,99.00,99.00,96.00,7.03,2.00,1.00,1.00,1.00,1.00,1.00,1.00,1.00,1.00,1.00,1.00,1.00
2026-04-05T23:57:00Z,99.00,99.00,99.00,96.00,9.00,2.00,1.00,1.00,1.00,1.00,1.00,1.00,1.00,1.00,1.00,1.00,1.00
2026-04-06T00:01:00Z,99.00,99.00,99.00,96.00,7.00,2.00,1.00,1.00,1.00,1.00,1.00,1.00,1.00,1.00,1.00,1.00,1.00
2026-04-06T00:02:00Z,99.00,99.00,99.00,96.00,7.00,2.00,1.00,1.00,1.00,1.00,1.00,1.00,1.00,1.00,1.00,1.00,1.00
2026-04-06T00:03:00Z,99.00,99.00,99.00,96.00,5.97,2.00,1.00,1.00,1.00,1.00,1.00,1.00,1.00,1.00,1.00,1.00,1.00
2026-04-06T00:05:00Z,99.00,99.00,99.00,98.00,8.96,2.00,1.00,1.00,1.00,1.00,1.00,1.00,1.00,1.00,1.00,1.00,1.00
2026-04-06T00:06:00Z,99.00,99.00,99.00,99.00,15.75,2.00,1.00,1.00,1.00,1.00,1.00,1.00,1.00,1.00,1.00,1.00,1.00
2026-04-06T00:07:00Z,99.00,99.00,99.00,95.00,15.75,2.00,1.00,1.00,1.00,1.00,1.00,1.00,1.00,1.00,1.00,1.00,1.00
2026-04-06T00:08:00Z,99.00,99.00,99.00,95.00,25.44,2.00,1.00,1.00,1.00,1.00,1.00,1.00,1.00,1.00,1.00,1.00,1.00
2026-04-06T00:09:00Z,99.00,99.00,99.00,95.00,22.54,2.00,1.00,1.00,1.00,1.00,1.00,1.00,1.00,1.00,1.00,1.00,1.00
2026-04-06T00:10:00Z,99.00,99.00,99.00,99.00,22.54,2.00,1.00,1.00,1.00,1.00,1.00,1.00,1.00,1.00,1.00,1.00,1.00
2026-04-06T00:13:00Z,99.00,99.00,99.00,99.00,21.00,2.00,1.00,1.00,1.00,1.00,1.00,1.00,1.00,1.00,1.00,1.00,1.00
2026-04-06T00:14:00Z,99.00,99.00,99.00,99.00,21.00,2.00,1.00,1.00,1.00,1.00,1.00,1.00,1.00,1.00,1.00,1.00,1.00
2026-04-06T00:16:00Z,99.00,99.00,99.00,99.00,19.00,2.00,1.00,1.00,1.00,1.00,1.00,1.00,1.00,1.00,1.00,1.00,1.00
2026-04-06T00:17:00Z,99.00,99.00,99.00,99.00,19.00,2.00,1.00,1.00,1.00,1.00,1.00,1.00,1.00,1.00,1.00,1.00,1.00
2026-04-06T00:20:00Z,99.00,99.00,99.00,99.00,19.00,2.00,1.00,1.00,1.00,1.00,1.00,1.00,1.00,1.00,1.00,1.00,1.00
2026-04-06T00:24:00Z,99.00,99.00,99.00,99.00,18.44,2.00,1.00,1.00,1.00,1.00,1.00,1.00,1.00,1.00,1.00,1.00,1.00
2026-04-06T00:25:00Z,99.00,99.00,99.00,99.00,19.78,2.00,1.00,1.00,1.00,1.00,1.00,1.00,1.00,1.00,1.00,1.00,1.00
2026-04-06T00:26:00Z,99.00,99.00,99.00,99.00,19.45,2.00,1.00,1.00,1.00,1.00,1.00,1.00,1.00,1.00,1.00,1.00,1.00
2026-04-06T00:29:00Z,99.00,99.00,99.00,99.00,19.00,2.00,1.00,1.00,1.00,1.00,1.00,1.00,1.00,1.00,1.00,1.00,1.00
2026-04-06T00:30:00Z,99.00,99.00,99.00,99.00,19.00,2.00,1.00,1.00,1.00,1.00,1.00,1.00,1.00,1.00,1.00,1.00,1.00
2026-04-06T00:31:00Z,99.00,99.00,99.00,99.00,19.00,2.00,1.00,1.00,1.00,1.00,1.00,1.00,1.00,1.00,1.00,1.00,1.00
2026-04-06T00:32:00Z,99.00,99.00,99.00,99.00,19.84,2.00,1.00,1.00,1.00,1.00,1.00,1.00,1.00,1.00,1.00,1.00,1.00
2026-04-06T00:33:00Z,99.00,99.00,99.00,99.00,20.00,2.00,1.00,1.00,1.00,1.00,1.00,1.00,1.00,1.00,1.00,1.00,1.00
2026-04-06T00:35:00Z,99.00,99.00,99.00,99.00,19.86,2.00,1.00,1.00,1.00,1.00,1.00,1.00,1.00,1.00,1.00,1.00,1.00
2026-04-06T00:38:00Z,99.00,99.00,99.00,99.00,14.34,2.00,1.00,1.00,1.00,1.00,1.00,1.00,1.00,1.00,1.00,1.00,1.00
2026-04-06T00:39:00Z,99.00,99.00,99.00,99.00,12.99,2.32,1.00,1.00,1.00,1.00,1.00,1.00,1.00,1.00,1.00,1.00,1.00
2026-04-06T00:42:00Z,99.00,99.00,99.00,99.00,12.99,2.32,1.00,1.00,1.00,1.00,1.00,1.00,1.00,1.00,1.00,1.00,1.00
2026-04-06T00:43:00Z,99.00,99.00,99.00,99.00,14.00,3.00,1.00,1.00,1.00,1.00,1.00,1.00,1.00,1.00,1.00,1.00,1.00
2026-04-06T00:44:00Z,99.00,99.00,99.00,99.00,14.50,3.00,1.00,1.00,1.00,1.00,1.00,1.00,1.00,1.00,1.00,1.00,1.00
2026-04-06T00:45:00Z,99.00,99.00,99.00,99.00,14.50,3.00,1.00,1.00,1.00,1.00,1.00,1.00,1.00,1.00,1.00,1.00,1.00
2026-04-06T00:46:00Z,99.00,99.00,99.00,99.00,15.00,3.00,1.00,1.00,1.00,1.00,1.00,1.00,1.00,1.00,1.00,1.00,1.00
2026-04-06T00:47:00Z,99.00,99.00,99.00,99.00,15.00,3.00,1.00,1.00,1.00,1.00,1.00,1.00,1.00,1.00,1.00,1.00,1.00
2026-04-06T00:49:00Z,99.00,99.00,99.00,99.00,11.25,3.00,1.00,1.00,1.00,1.00,1.00,1.00,1.00,1.00,1.00,1.00,1.00
2026-04-06T00:50:00Z,99.00,99.00,99.00,98.00,10.85,3.00,1.00,1.00,1.00,1.00,1.00,1.00,1.00,1.00,1.00,1.00,1.00
2026-04-06T00:51:00Z,99.00,99.00,99.00,98.00,15.00,3.00,1.00,1.00,1.00,1.00,1.00,1.00,1.00,1.00,1.00,1.00,1.00
2026-04-06T00:53:00Z,99.00,99.00,99.00,98.00,11.00,3.00,1.00,1.00,1.00,1.00,1.00,1.00,1.00,1.00,1.00,1.00,1.00
2026-04-06T00:54:00Z,99.00,99.00,99.00,97.00,11.00,3.00,1.00,1.00,1.00,1.00,1.00,1.00,1.00,1.00,1.00,1.00,1.00
2026-04-06T00:55:00Z,99.00,99.00,99.00,97.00,11.00,3.00,1.00,1.00,1.00,1.00,1.00,1.00,1.00,1.00,1.00,1.00,1.00
2026-04-06T00:56:00Z,99.00,99.00,99.00,98.00,12.00,3.00,1.00,1.00,1.00,1.00,1.00,1.00,1.00,1.00,1.00,1.00,1.00
2026-04-06T00:57:00Z,99.00,99.00,99.00,98.00,12.00,1.00,1.00,1.00,1.00,1.00,1.00,1.00,1.00,1.00,1.00,1.00,1.00
2026-04-06T00:59:00Z,99.00,99.00,99.00,97.00,12.00,1.00,1.00,1.00,1.00,1.00,1.00,1.00,1.00,1.00,1.00,1.00,1.00
2026-04-06T01:00:00Z,99.00,99.00,99.00,97.00,12.00,1.00,1.00,1.00,1.00,1.00,1.00,1.00,1.00,1.00,1.00,1.00,1.00
2026-04-06T01:01:00Z,99.00,99.00,99.00,97.00,11.81,1.00,1.00,1.00,1.00,1.00,1.00,1.00,1.00,1.00,1.00,1.00,1.00
2026-04-06T01:02:00Z,99.00,99.00,99.00,97.00,12.97,1.00,1.00,1.00,1.00,1.00,1.00,1.00,1.00,1.00,1.00,1.00,1.00
2026-04-06T01:03:00Z,99.00,99.00,99.00,98.00,11.12,1.00,1.00,1.00,1.00,1.00,1.00,1.00,1.00,1.00,1.00,1.00,1.00
2026-04-06T01:04:00Z,99.00,99.00,99.00,98.00,12.95,1.00,1.00,1.00,1.00,1.00,1.00,1.00,1.00,1.00,1.00,1.00,1.00
2026-04-06T01:05:00Z,99.00,99.00,99.00,98.00,21.22,1.00,1.00,1.00,1.00,1.00,1.00,1.00,1.00,1.00,1.00,1.00,1.00
2026-04-06T01:08:00Z,99.00,99.00,99.00,98.00,13.00,1.00,1.00,1.00,1.00,1.00,1.00,1.00,1.00,1.00,1.00,1.00,1.00
2026-04-06T01:09:00Z,99.00,99.00,99.00,98.00,18.12,1.00,1.00,1.00,1.00,1.00,1.00,1.00,1.00,1.00,1.00,1.00,1.00
2026-04-06T01:12:00Z,99.00,99.00,99.00,99.00,18.12,1.00,1.00,1.00,1.00,1.00,1.00,1.00,1.00,1.00,1.00,1.00,1.00
2026-04-06T01:13:00Z,99.00,99.00,99.00,99.00,15.19,1.00,1.00,1.00,1.00,1.00,1.00,1.00,1.00,1.00,1.00,1.00,1.00
2026-04-06T01:14:00Z,99.00,99.00,99.00,99.00,16.37,1.00,1.00,1.00,1.00,1.00,1.00,1.00,1.00,1.00,1.00,1.00,1.00
2026-04-06T01:17:00Z,99.00,99.00,99.00,99.00,13.96,1.00,1.00,1.00,1.00,1.00,1.00,1.00,1.00,1.00,1.00,1.00,1.00
2026-04-06T01:18:00Z,99.00,99.00,99.00,99.00,13.96,1.00,1.00,1.00,1.00,1.00,1.00,1.00,1.00,1.00,1.00,1.00,1.00
2026-04-06T01:19:00Z,99.00,99.00,99.00,99.00,13.96,1.00,1.00,1.00,1.00,1.00,1.00,1.00,1.00,1.00,1.00,1.00,1.00
2026-04-06T01:20:00Z,99.00,99.00,99.00,99.00,15.00,1.00,1.00,1.00,1.00,1.00,1.00,1.00,1.00,1.00,1.00,1.00,1.00
2026-04-06T01:21:00Z,99.00,99.00,99.00,99.00,15.00,1.00,1.00,1.00,1.00,1.00,1.00,1.00,1.00,1.00,1.00,1.00,1.00
2026-04-06T01:22:00Z,99.00,99.00,99.00,99.00,15.00,1.00,1.00,1.00,1.00,1.00,1.00,1.00,1.00,1.00,1.00,1.00,1.00
2026-04-06T01:23:00Z,99.00,99.00,99.00,99.00,15.00,1.00,1.00,1.00,1.00,1.00,1.00,1.00,1.00,1.00,1.00,1.00,1.00
2026-04-06T01:24:00Z,99.00,99.00,99.00,99.00,15.35,1.00,1.00,1.00,1.00,1.00,1.00,1.00,1.00,1.00,1.00,1.00,1.00
2026-04-06T01:25:00Z,99.00,99.00,99.00,99.00,11.81,1.00,1.00,1.00,1.00,1.00,1.00,1.00,1.00,1.00,1.00,1.00,1.00
2026-04-06T01:26:00Z,99.00,99.00,99.00,99.00,11.81,1.00,1.00,1.00,1.00,1.00,1.00,1.00,1.00,1.00,1.00,1.00,1.00
2026-04-06T01:30:00Z,99.00,99.00,99.00,99.00,14.66,1.00,1.00,1.00,1.00,1.00,1.00,1.00,1.00,1.00,1.00,1.00,1.00
2026-04-06T01:33:00Z,99.00,99.00,99.00,99.00,15.56,1.00,1.00,1.00,1.00,1.00,1.00,1.00,1.00,1.00,1.00,1.00,1.00
2026-04-06T01:34:00Z,99.00,99.00,99.00,99.00,15.56,1.00,1.00,1.00,1.00,1.00,1.00,1.00,1.00,1.00,1.00,1.00,1.00
2026-04-06T01:36:00Z,99.00,99.00,99.00,99.00,9.93,1.44,1.00,1.00,1.00,1.00,1.00,1.00,1.00,1.00,1.00,1.00,1.00
2026-04-06T01:38:00Z,99.00,99.00,99.00,99.00,9.93,2.00,1.00,1.00,1.00,1.00,1.00,1.00,1.00,1.00,1.00,1.00,1.00
2026-04-06T01:39:00Z,99.00,99.00,99.00,99.00,13.25,2.00,1.00,1.00,1.00,1.00,1.00,1.00,1.00,1.00,1.00,1.00,1.00
2026-04-06T01:40:00Z,99.00,99.00,99.00,99.00,13.25,2.00,1.00,1.00,1.00,1.00,1.00,1.00,1.00,1.00,1.00,1.00,1.00
2026-04-06T01:41:00Z,99.00,99.00,99.00,99.00,13.25,2.00,1.00,1.00,1.00,1.00,1.00,1.00,1.00,1.00,1.00,1.00,1.00
2026-04-06T01:42:00Z,99.00,99.00,99.00,99.00,14.00,2.00,1.00,1.00,1.00,1.00,1.00,1.00,1.00,1.00,1.00,1.00,1.00
2026-04-06T01:44:00Z,99.00,99.00,99.00,99.00,9.34,2.00,1.00,1.00,1.00,1.00,1.00,1.00,1.00,1.00,1.00,1.00,1.00
2026-04-06T01:45:00Z,99.00,99.00,99.00,99.00,9.34,2.00,1.00,1.00,1.00,1.00,1.00,1.00,1.00,1.00,1.00,1.00,1.00
2026-04-06T01:47:00Z,99.00,99.00,99.00,99.00,11.00,2.00,1.00,1.00,1.00,1.00,1.00,1.00,1.00,1.00,1.00,1.00,1.00
2026-04-06T01:49:00Z,99.00,99.00,99.00,99.00,11.33,2.00,1.00,1.00,1.00,1.00,1.00,1.00,1.00,1.00,1.00,1.00,1.00
2026-04-06T01:50:00Z,99.00,99.00,99.00,99.00,11.33,2.00,1.00,1.00,1.00,1.00,1.00,1.00,1.00,1.00,1.00,1.00,1.00
2026-04-06T01:51:00Z,99.00,99.00,99.00,99.00,10.86,2.29,1.00,1.00,1.00,1.00,1.00,1.00,1.00,1.00,1.00,1.00,1.00
2026-04-06T01:53:00Z,99.00,99.00,99.00,99.00,11.62,2.29,1.00,1.00,1.00,1.00,1.00,1.00,1.00,1.00,1.00,1.00,1.00
2026-04-06T01:54:00Z,99.00,99.00,99.00,99.00,11.62,2.00,1.00,1.00,1.00,1.00,1.00,1.00,1.00,1.00,1.00,1.00,1.00
2026-04-06T01:56:00Z,99.00,99.00,99.00,99.00,11.39,2.00,1.00,1.00,1.00,1.00,1.00,1.00,1.00,1.00,1.00,1.00,1.00
2026-04-06T01:57:00Z,99.00,99.00,99.00,99.00,12.00,2.00,1.00,1.00,1.00,1.00,1.00,1.00,1.00,1.00,1.00,1.00,1.00
2026-04-06T01:59:00Z,99.00,99.00,99.00,99.00,12.23,2.00,1.00,1.00,1.00,1.00,1.00,1.00,1.00,1.00,1.00,1.00,1.00
2026-04-06T02:00:00Z,99.00,99.00,99.00,99.00,12.66,2.00,1.00,1.00,1.00,1.00,1.00,1.00,1.00,1.00,1.00,1.00,1.00
2026-04-06T02:01:00Z,99.00,99.00,99.00,99.00,12.71,2.00,1.00,1.00,1.00,1.00,1.00,1.00,1.00,1.00,1.00,1.00,1.00
2026-04-06T02:02:00Z,99.00,99.00,99.00,99.00,12.71,2.00,1.00,1.00,1.00,1.00,1.00,1.00,1.00,1.00,1.00,1.00,1.00
2026-04-06T02:03:00Z,99.00,99.00,99.00,99.00,11.39,2.00,1.00,1.00,1.00,1.00,1.00,1.00,1.00,1.00,1.00,1.00,1.00
2026-04-06T02:04:00Z,99.00,99.00,99.00,99.00,11.39,2.00,1.00,1.00,1.00,1.00,1.00,1.00,1.00,1.00,1.00,1.00,1.00
2026-04-06T02:05:00Z,99.00,99.00,99.00,99.00,11.68,2.00,1.00,1.00,1.00,1.00,1.00,1.00,1.00,1.00,1.00,1.00,1.00
2026-04-06T02:06:00Z,99.00,99.00,99.00,99.00,11.68,2.00,1.00,1.00,1.00,1.00,1.00,1.00,1.00,1.00,1.00,1.00,1.00
2026-04-06T02:07:00Z,99.00,99.00,99.00,99.00,11.75,2.00,1.00,1.00,1.00,1.00,1.00,1.00,1.00,1.00,1.00,1.00,1.00
2026-04-06T02:08:00Z,99.00,99.00,99.00,99.00,12.00,2.00,1.00,1.00,1.00,1.00,1.00,1.00,1.00,1.00,1.00,1.00,1.00
2026-04-06T02:09:00Z,99.00,99.00,99.00,99.00,12.00,2.00,1.00,1.00,1.00,1.00,1.00,1.00,1.00,1.00,1.00,1.00,1.00
2026-04-06T02:10:00Z,99.00,99.00,99.00,99.00,12.00,2.00,1.00,1.00,1.00,1.00,1.00,1.00,1.00,1.00,1.00,1.00,1.00
2026-04-06T02:11:00Z,99.00,99.00,99.00,99.00,12.40,2.00,1.00,1.00,1.00,1.00,1.00,1.00,1.00,1.00,1.00,1.00,1.00
2026-04-06T02:12:00Z,99.00,99.00,99.00,99.00,11.00,2.00,1.00,1.00,1.00,1.00,1.00,1.00,1.00,1.00,1.00,1.00,1.00
2026-04-06T02:13:00Z,99.00,99.00,99.00,99.00,11.00,2.00,1.00,1.00,1.00,1.00,1.00,1.00,1.00,1.00,1.00,1.00,1.00
2026-04-06T02:14:00Z,99.00,99.00,99.00,99.00,10.42,2.00,1.00,1.00,1.00,1.00,1.00,1.00,1.00,1.00,1.00,1.00,1.00
2026-04-06T02:15:00Z,99.00,99.00,99.00,99.00,10.42,2.00,1.00,1.00,1.00,1.00,1.00,1.00,1.00,1.00,1.00,1.00,1.00
2026-04-06T02:17:00Z,99.00,99.00,99.00,99.00,11.02,2.00,1.00,1.00,1.00,1.00,1.00,1.00,1.00,1.00,1.00,1.00,1.00
2026-04-06T02:18:00Z,99.00,99.00,99.00,99.00,10.00,2.00,1.00,1.00,1.00,1.00,1.00,1.00,1.00,1.00,1.00,1.00,1.00
2026-04-06T02:20:00Z,99.00,99.00,99.00,99.00,10.19,2.00,1.00,1.00,1.00,1.00,1.00,1.00,1.00,1.00,1.00,1.00,1.00
2026-04-06T02:21:00Z,99.00,99.00,99.00,99.00,10.19,2.00,1.00,1.00,1.00,1.00,1.00,1.00,1.00,1.00,1.00,1.00,1.00
2026-04-06T02:22:00Z,99.00,99.00,99.00,99.00,9.82,2.00,1.00,1.00,1.00,1.00,1.00,1.00,1.00,1.00,1.00,1.00,1.00
2026-04-06T02:23:00Z,99.00,99.00,99.00,99.00,11.91,2.00,1.00,1.00,1.00,1.00,1.00,1.00,1.00,1.00,1.00,1.00,1.00
2026-04-06T02:24:00Z,99.00,99.00,99.00,99.00,11.22,2.00,1.00,1.00,1.00,1.00,1.00,1.00,1.00,1.00,1.00,1.00,1.00
2026-04-06T02:25:00Z,99.00,99.00,99.00,99.00,12.00,2.00,1.00,1.00,1.00,1.00,1.00,1.00,1.00,1.00,1.00,1.00,1.00
2026-04-06T02:26:00Z,99.00,99.00,99.00,99.00,12.00,1.00,1.00,1.00,1.00,1.00,1.00,1.00,1.00,1.00,1.00,1.00,1.00
2026-04-06T02:29:00Z,99.00,99.00,99.00,99.00,10.92,1.00,1.00,1.00,1.00,1.00,1.00,1.00,1.00,1.00,1.00,1.00,1.00
2026-04-06T02:30:00Z,99.00,99.00,99.00,99.00,10.92,1.00,1.00,1.00,1.00,1.00,1.00,1.00,1.00,1.00,1.00,1.00,1.00
2026-04-06T02:31:00Z,99.00,99.00,99.00,99.00,10.92,1.00,1.00,1.00,1.00,1.00,1.00,1.00,1.00,1.00,1.00,1.00,1.00
2026-04-06T02:32:00Z,99.00,99.00,99.00,99.00,11.72,1.00,1.00,1.00,1.00,1.00,1.00,1.00,1.00,1.00,1.00,1.00,1.00
2026-04-06T02:34:00Z,99.00,99.00,99.00,99.00,12.00,1.00,1.00,1.00,1.00,1.00,1.00,1.00,1.00,1.00,1.00,1.00,1.00
2026-04-06T02:35:00Z,99.00,99.00,99.00,99.00,12.78,1.00,1.00,1.00,1.00,1.00,1.00,1.00,1.00,1.00,1.00,1.00,1.00
2026-04-06T02:36:00Z,99.00,99.00,99.00,99.00,14.00,1.00,1.00,1.00,1.00,1.00,1.00,1.00,1.00,1.00,1.00,1.00,1.00
2026-04-06T02:37:00Z,99.00,99.00,99.00,99.00,14.00,1.00,1.00,1.00,1.00,1.00,1.00,1.00,1.00,1.00,1.00,1.00,1.00
2026-04-06T02:38:00Z,99.00,99.00,99.00,99.00,14.00,1.00,1.00,1.00,1.00,1.00,1.00,1.00,1.00,1.00,1.00,1.00,1.00
2026-04-06T02:40:00Z,99.00,99.00,99.00,99.00,13.00,1.00,1.00,1.00,1.00,1.00,1.00,1.00,1.00,1.00,1.00,1.00,1.00
2026-04-06T02:41:00Z,99.00,99.00,99.00,99.00,11.75,1.00,1.00,1.00,1.00,1.00,1.00,1.00,1.00,1.00,1.00,1.00,1.00
2026-04-06T02:42:00Z,99.00,99.00,99.00,99.00,13.87,1.00,1.00,1.00,1.00,1.00,1.00,1.00,1.00,1.00,1.00,1.00,1.00
2026-04-06T02:43:00Z,99.00,99.00,99.00,99.00,13.00,1.00,1.00,1.00,1.00,1.00,1.00,1.00,1.00,1.00,1.00,1.00,1.00
2026-04-06T02:44:00Z,99.00,99.00,99.00,99.00,12.00,1.00,1.00,1.00,1.00,1.00,1.00,1.00,1.00,1.00,1.00,1.00,1.00
2026-04-06T02:45:00Z,99.00,99.00,99.00,99.00,12.00,1.00,1.00,1.00,1.00,1.00,1.00,1.00,1.00,1.00,1.00,1.00,1.00
2026-04-06T02:46:00Z,99.00,99.00,99.00,99.00,12.00,1.00,1.00,1.00,1.00,1.00,1.00,1.00,1.00,1.00,1.00,1.00,1.00
2026-04-06T02:47:00Z,99.00,99.00,99.00,99.00,12.00,1.00,1.00,1.00,1.00,1.00,1.00,1.00,1.00,1.00,1.00,1.00,1.00
2026-04-06T02:48:00Z,99.00,99.00,99.00,99.00,12.00,1.00,1.00,1.00,1.00,1.00,1.00,1.00,1.00,1.00,1.00,1.00,1.00
2026-04-06T02:49:00Z,99.00,99.00,99.00,99.00,12.00,1.00,1.00,1.00,1.00,1.00,1.00,1.00,1.00,1.00,1.00,1.00,1.00
2026-04-06T02:50:00Z,99.00,99.00,99.00,99.00,9.62,1.00,1.00,1.00,1.00,1.00,1.00,1.00,1.00,1.00,1.00,1.00,1.00
2026-04-06T02:52:00Z,99.00,99.00,99.00,99.00,11.67,1.00,1.00,1.00,1.00,1.00,1.00,1.00,1.00,1.00,1.00,1.00,1.00
2026-04-06T02:55:00Z,99.00,99.00,99.00,99.00,9.06,1.00,1.00,1.00,1.00,1.00,1.00,1.00,1.00,1.00,1.00,1.00,1.00
2026-04-06T02:57:00Z,99.00,99.00,99.00,99.00,9.06,1.00,1.00,1.00,1.00,1.00,1.00,1.00,1.00,1.00,1.00,1.00,1.00
2026-04-06T02:58:00Z,99.00,99.00,99.00,99.00,9.06,1.00,1.00,1.00,1.00,1.00,1.00,1.00,1.00,1.00,1.00,1.00,1.00
2026-04-06T02:59:00Z,99.00,99.00,99.00,99.00,11.00,1.00,1.00,1.00,1.00,1.00,1.00,1.00,1.00,1.00,1.00,1.00,1.00
2026-04-06T03:01:00Z,99.00,99.00,99.00,99.00,8.38,1.00,1.00,1.00,1.00,1.00,1.00,1.00,1.00,1.00,1.00,1.00,1.00
2026-04-06T03:02:00Z,99.00,99.00,99.00,99.00,7.00,1.75,1.00,1.00,1.00,1.00,1.00,1.00,1.00,1.00,1.00,1.00,1.00
2026-04-06T03:03:00Z,99.00,99.00,99.00,99.00,7.00,2.00,1.00,1.00,1.00,1.00,1.00,1.00,1.00,1.00,1.00,1.00,1.00
2026-04-06T03:04:00Z,99.00,99.00,99.00,99.00,7.00,2.00,1.00,1.00,1.00,1.00,1.00,1.00,1.00,1.00,1.00,1.00,1.00
2026-04-06T03:05:00Z,99.00,99.00,99.00,99.00,8.27,2.00,1.00,1.00,1.00,1.00,1.00,1.00,1.00,1.00,1.00,1.00,1.00
2026-04-06T03:06:00Z,99.00,99.00,99.00,99.00,8.27,2.00,1.00,1.00,1.00,1.00,1.00,1.00,1.00,1.00,1.00,1.00,1.00
2026-04-06T03:07:00Z,99.00,99.00,99.00,99.00,7.94,2.00,1.00,1.00,1.00,1.00,1.00,1.00,1.00,1.00,1.00,1.00,1.00
2026-04-06T03:08:00Z,99.00,99.00,99.00,99.00,10.92,2.00,1.00,1.00,1.00,1.00,1.00,1.00,1.00,1.00,1.00,1.00,1.00
2026-04-06T03:09:00Z,99.00,99.00,99.00,99.00,11.87,2.00,1.00,1.00,1.00,1.00,1.00,1.00,1.00,1.00,1.00,1.00,1.00
2026-04-06T03:10:00Z,99.00,99.00,99.00,99.00,11.00,2.00,1.00,1.00,1.00,1.00,1.00,1.00,1.00,1.00,1.00,1.00,1.00
2026-04-06T03:12:00Z,99.00,99.00,99.00,99.00,11.00,2.00,1.00,1.00,1.00,1.00,1.00,1.00,1.00,1.00,1.00,1.00,1.00
2026-04-06T03:13:00Z,99.00,99.00,99.00,99.00,10.97,2.00,1.00,1.00,1.00,1.00,1.00,1.00,1.00,1.00,1.00,1.00,1.00
2026-04-06T03:14:00Z,99.00,99.00,99.00,99.00,8.00,2.00,1.00,1.00,1.00,1.00,1.00,1.00,1.00,1.00,1.00,1.00,1.00
2026-04-06T03:15:00Z,99.00,99.00,99.00,99.00,8.00,2.00,1.00,1.00,1.00,1.00,1.00,1.00,1.00,1.00,1.00,1.00,1.00
2026-04-06T03:16:00Z,99.00,99.00,99.00,99.00,10.50,2.00,1.00,1.00,1.00,1.00,1.00,1.00,1.00,1.00,1.00,1.00,1.00
2026-04-06T03:18:00Z,99.00,99.00,99.00,99.00,7.00,2.00,1.00,1.00,1.00,1.00,1.00,1.00,1.00,1.00,1.00,1.00,1.00
2026-04-06T03:20:00Z,99.00,99.00,99.00,99.00,9.80,2.00,1.00,1.00,1.00,1.00,1.00,1.00,1.00,1.00,1.00,1.00,1.00
2026-04-06T03:21:00Z,99.00,99.00,99.00,99.00,9.00,2.00,1.00,1.00,1.00,1.00,1.00,1.00,1.00,1.00,1.00,1.00,1.00
2026-04-06T03:22:00Z,99.00,99.00,99.00,99.00,9.21,2.00,1.00,1.00,1.00,1.00,1.00,1.00,1.00,1.00,1.00,1.00,1.00
2026-04-06T03:24:00Z,99.00,99.00,99.00,99.00,9.21,1.00,1.00,1.00,1.00,1.00,1.00,1.00,1.00,1.00,1.00,1.00,1.00
2026-04-06T03:25:00Z,99.00,99.00,99.00,99.00,10.15,1.00,1.00,1.00,1.00,1.00,1.00,1.00,1.00,1.00,1.00,1.00,1.00
2026-04-06T03:26:00Z,99.00,99.00,99.00,99.00,11.00,1.00,1.00,1.00,1.00,1.00,1.00,1.00,1.00,1.00,1.00,1.00,1.00
2026-04-06T03:27:00Z,99.00,99.00,99.00,99.00,11.00,1.00,1.00,1.00,1.00,1.00,1.00,1.00,1.00,1.00,1.00,1.00,1.00
2026-04-06T03:28:00Z,99.00,99.00,99.00,99.00,11.00,1.00,1.00,1.00,1.00,1.00,1.00,1.00,1.00,1.00,1.00,1.00,1.00
2026-04-06T03:29:00Z,99.00,99.00,99.00,99.00,10.00,1.00,1.00,1.00,1.00,1.00,1.00,1.00,1.00,1.00,1.00,1.00,1.00
2026-04-06T03:30:00Z,99.00,99.00,99.00,99.00,10.76,1.00,1.00,1.00,1.00,1.00,1.00,1.00,1.00,1.00,1.00,1.00,1.00
2026-04-06T03:31:00Z,99.00,99.00,99.00,99.00,10.41,1.00,1.00,1.00,1.00,1.00,1.00,1.00,1.00,1.00,1.00,1.00,1.00
2026-04-06T03:32:00Z,99.00,99.00,99.00,99.00,10.41,1.00,1.00,1.00,1.00,1.00,1.00,1.00,1.00,1.00,1.00,1.00,1.00
2026-04-06T03:36:00Z,99.00,99.00,99.00,99.00,10.41,1.00,1.00,1.00,1.00,1.00,1.00,1.00,1.00,1.00,1.00,1.00,1.00
2026-04-06T03:37:00Z,99.00,99.00,99.00,99.00,10.41,1.00,1.00,1.00,1.00,1.00,1.00,1.00,1.00,1.00,1.00,1.00,1.00
2026-04-06T03:38:00Z,99.00,99.00,99.00,99.00,9.00,1.00,1.00,1.00,1.00,1.00,1.00,1.00,1.00,1.00,1.00,1.00,1.00
2026-04-06T03:39:00Z,99.00,99.00,99.00,99.00,9.39,1.00,1.00,1.00,1.00,1.00,1.00,1.00,1.00,1.00,1.00,1.00,1.00
2026-04-06T03:41:00Z,99.00,99.00,99.00,99.00,10.00,1.00,1.00,1.00,1.00,1.00,1.00,1.00,1.00,1.00,1.00,1.00,1.00
2026-04-06T03:42:00Z,99.00,99.00,99.00,99.00,10.00,1.00,1.00,1.00,1.00,1.00,1.00,1.00,1.00,1.00,1.00,1.00,1.00
2026-04-06T03:43:00Z,99.00,99.00,99.00,99.00,9.00,1.00,1.00,1.00,1.00,1.00,1.00,1.00,1.00,1.00,1.00,1.00,1.00
2026-04-06T03:44:00Z,99.00,99.00,99.00,99.00,11.47,1.00,1.00,1.00,1.00,1.00,1.00,1.00,1.00,1.00,1.00,1.00,1.00
2026-04-06T03:45:00Z,99.00,99.00,99.00,99.00,27.00,1.00,1.00,1.00,1.00,1.00,1.00,1.00,1.00,1.00,1.00,1.00,1.00
2026-04-06T03:48:00Z,99.00,99.00,99.00,99.00,27.00,1.00,1.00,1.00,1.00,1.00,1.00,1.00,1.00,1.00,1.00,1.00,1.00
2026-04-06T03:49:00Z,99.00,99.00,99.00,99.00,24.00,1.00,1.00,1.00,1.00,1.00,1.00,1.00,1.00,1.00,1.00,1.00,1.00
2026-04-06T03:51:00Z,99.00,99.00,99.00,99.00,24.58,1.00,1.00,1.00,1.00,1.00,1.00,1.00,1.00,1.00,1.00,1.00,1.00
2026-04-06T03:52:00Z,99.00,99.00,99.00,99.00,25.14,1.00,1.00,1.00,1.00,1.00,1.00,1.00,1.00,1.00,1.00,1.00,1.00
2026-04-06T03:53:00Z,99.00,99.00,99.00,99.00,35.33,1.00,1.00,1.00,1.00,1.00,1.00,1.00,1.00,1.00,1.00,1.00,1.00
2026-04-06T03:54:00Z,99.00,99.00,99.00,99.00,37.80,1.00,1.00,1.00,1.00,1.00,1.00,1.00,1.00,1.00,1.00,1.00,1.00
2026-04-06T03:56:00Z,99.00,99.00,99.00,99.00,40.74,1.00,1.00,1.00,1.00,1.00,1.00,1.00,1.00,1.00,1.00,1.00,1.00
2026-04-06T03:57:00Z,99.00,99.00,99.00,99.00,38.62,1.00,1.00,1.00,1.00,1.00,1.00,1.00,1.00,1.00,1.00,1.00,1.00
2026-04-06T03:58:00Z,99.00,99.00,99.00,99.00,23.67,1.00,1.00,1.00,1.00,1.00,1.00,1.00,1.00,1.00,1.00,1.00,1.00
2026-04-06T03:59:00Z,99.00,99.00,99.00,99.00,17.00,1.00,1.00,1.00,1.00,1.00,1.00,1.00,1.00,1.00,1.00,1.00,1.00
2026-04-06T04:00:00Z,99.00,99.00,99.00,99.00,14.93,1.00,1.00,1.00,1.00,1.00,1.00,1.00,1.00,1.00,1.00,1.00,1.00
2026-04-06T04:02:00Z,99.00,99.00,99.00,99.00,14.93,1.00,1.00,1.00,1.00,1.00,1.00,1.00,1.00,1.00,1.00,1.00,1.00
2026-04-06T04:03:00Z,99.00,99.00,99.00,99.00,14.93,1.00,1.00,1.00,1.00,1.00,1.00,1.00,1.00,1.00,1.00,1.00,1.00
2026-04-06T04:04:00Z,99.00,99.00,99.00,99.00,31.51,1.00,1.00,1.00,1.00,1.00,1.00,1.00,1.00,1.00,1.00,1.00,1.00
2026-04-06T04:05:00Z,99.00,99.00,99.00,99.00,35.76,1.00,1.00,1.00,1.00,1.00,1.00,1.00,1.00,1.00,1.00,1.00,1.00
2026-04-06T04:06:00Z,99.00,99.00,99.00,99.00,30.20,1.00,1.00,1.00,1.00,1.00,1.00,1.00,1.00,1.00,1.00,1.00,1.00
2026-04-06T04:07:00Z,99.00,99.00,99.00,99.00,30.20,1.00,1.00,1.00,1.00,1.00,1.00,1.00,1.00,1.00,1.00,1.00,1.00
2026-04-06T04:08:00Z,99.00,99.00,99.00,99.00,17.00,1.00,1.00,1.00,1.00,1.00,1.00,1.00,1.00,1.00,1.00,1.00,1.00
2026-04-06T04:09:00Z,99.00,99.00,99.00,99.00,26.85,1.00,1.00,1.00,1.00,1.00,1.00,1.00,1.00,1.00,1.00,1.00,1.00
2026-04-06T04:12:00Z,99.00,99.00,99.00,99.00,29.15,1.00,1.00,1.00,1.00,1.00,1.00,1.00,1.00,1.00,1.00,1.00,1.00
2026-04-06T04:13:00Z,99.00,99.00,99.00,99.00,28.00,1.00,1.00,1.00,1.00,1.00,1.00,1.00,1.00,1.00,1.00,1.00,1.00
2026-04-06T04:14:00Z,99.00,99.00,99.00,99.00,29.16,1.00,1.00,1.00,1.00,1.00,1.00,1.00,1.00,1.00,1.00,1.00,1.00
2026-04-06T04:15:00Z,99.00,99.00,99.00,99.00,29.16,1.00,1.00,1.00,1.00,1.00,1.00,1.00,1.00,1.00,1.00,1.00,1.00
2026-04-06T04:16:00Z,99.00,99.00,99.00,99.00,22.29,1.00,1.00,1.00,1.00,1.00,1.00,1.00,1.00,1.00,1.00,1.00,1.00
2026-04-06T04:17:00Z,99.00,99.00,99.00,99.00,29.39,1.00,1.00,1.00,1.00,1.00,1.00,1.00,1.00,1.00,1.00,1.00,1.00
2026-04-06T04:19:00Z,99.00,99.00,99.00,99.00,29.39,1.00,1.00,1.00,1.00,1.00,1.00,1.00,1.00,1.00,1.00,1.00,1.00
2026-04-06T04:20:00Z,99.00,99.00,99.00,99.00,20.14,1.00,1.00,1.00,1.00,1.00,1.00,1.00,1.00,1.00,1.00,1.00,1.00
2026-04-06T04:23:00Z,99.00,99.00,99.00,99.00,28.57,1.00,1.00,1.00,1.00,1.00,1.00,1.00,1.00,1.00,1.00,1.00,1.00
2026-04-06T04:25:00Z,99.00,99.00,99.00,99.00,28.18,1.00,1.00,1.00,1.00,1.00,1.00,1.00,1.00,1.00,1.00,1.00,1.00
2026-04-06T04:26:00Z,99.00,99.00,99.00,99.00,18.84,1.00,1.00,1.00,1.00,1.00,1.00,1.00,1.00,1.00,1.00,1.00,1.00
2026-04-06T04:27:00Z,99.00,99.00,99.00,99.00,20.76,1.00,1.00,1.00,1.00,1.00,1.00,1.00,1.00,1.00,1.00,1.00,1.00
2026-04-06T04:28:00Z,99.00,99.00,99.00,99.00,23.00,2.00,1.00,1.00,1.00,1.00,1.00,1.00,1.00,1.00,1.00,1.00,1.00
2026-04-06T04:30:00Z,99.00,99.00,99.00,99.00,24.00,2.00,1.00,1.00,1.00,1.00,1.00,1.00,1.00,1.00,1.00,1.00,1.00
2026-04-06T04:33:00Z,99.00,99.00,99.00,99.00,17.59,2.00,1.00,1.00,1.00,1.00,1.00,1.00,1.00,1.00,1.00,1.00,1.00
2026-04-06T04:34:00Z,99.00,99.00,99.00,99.00,17.59,2.00,1.00,1.00,1.00,1.00,1.00,1.00,1.00,1.00,1.00,1.00,1.00
2026-04-06T04:36:00Z,99.00,99.00,99.00,99.00,17.59,2.00,1.00,1.00,1.00,1.00,1.00,1.00,1.00,1.00,1.00,1.00,1.00
2026-04-06T04:37:00Z,99.00,99.00,99.00,99.00,19.50,2.00,1.00,1.00,1.00,1.00,1.00,1.00,1.00,1.00,1.00,1.00,1.00
2026-04-06T04:38:00Z,99.00,99.00,99.00,99.00,19.78,2.00,1.00,1.00,1.00,1.00,1.00,1.00,1.00,1.00,1.00,1.00,1.00
2026-04-06T04:41:00Z,99.00,99.00,99.00,99.00,15.41,1.00,1.00,1.00,1.00,1.00,1.00,1.00,1.00,1.00,1.00,1.00,1.00
2026-04-06T04:44:00Z,99.00,99.00,99.00,99.00,15.41,1.00,1.00,1.00,1.00,1.00,1.00,1.00,1.00,1.00,1.00,1.00,1.00
2026-04-06T04:46:00Z,99.00,99.00,99.00,99.00,18.07,1.00,1.00,1.00,1.00,1.00,1.00,1.00,1.00,1.00,1.00,1.00,1.00
2026-04-06T04:47:00Z,99.00,99.00,99.00,99.00,18.07,1.00,1.00,1.00,1.00,1.00,1.00,1.00,1.00,1.00,1.00,1.00,1.00
2026-04-06T04:49:00Z,99.00,99.00,99.00,99.00,19.00,1.00,1.00,1.00,1.00,1.00,1.00,1.00,1.00,1.00,1.00,1.00,1.00
2026-04-06T04:50:00Z,99.00,99.00,99.00,99.00,19.00,1.00,1.00,1.00,1.00,1.00,1.00,1.00,1.00,1.00,1.00,1.00,1.00
2026-04-06T04:51:00Z,99.00,99.00,99.00,99.00,19.98,1.00,1.00,1.00,1.00,1.00,1.00,1.00,1.00,1.00,1.00,1.00,1.00
2026-04-06T04:53:00Z,99.00,99.00,99.00,99.00,20.00,1.00,1.00,1.00,1.00,1.00,1.00,1.00,1.00,1.00,1.00,1.00,1.00
2026-04-06T04:56:00Z,99.00,99.00,99.00,99.00,20.00,1.00,1.00,1.00,1.00,1.00,1.00,1.00,1.00,1.00,1.00,1.00,1.00
2026-04-06T04:57:00Z,99.00,99.00,99.00,99.00,18.00,1.00,1.00,1.00,1.00,1.00,1.00,1.00,1.00,1.00,1.00,1.00,1.00
2026-04-06T04:58:00Z,99.00,99.00,99.00,99.00,20.94,1.00,1.00,1.00,1.00,1.00,1.00,1.00,1.00,1.00,1.00,1.00,1.00
2026-04-06T04:59:00Z,99.00,99.00,99.00,99.00,20.94,1.00,1.00,1.00,1.00,1.00,1.00,1.00,1.00,1.00,1.00,1.00,1.00
2026-04-06T05:00:00Z,99.00,99.00,99.00,99.00,24.68,1.00,1.00,1.00,1.00,1.00,1.00,1.00,1.00,1.00,1.00,1.00,1.00
2026-04-06T05:01:00Z,99.00,99.00,99.00,99.00,35.61,1.00,1.00,1.00,1.00,1.00,1.00,1.00,1.00,1.00,1.00,1.00,1.00
2026-04-06T05:02:00Z,99.00,99.00,99.00,99.00,41.51,1.00,1.00,1.00,1.00,1.00,1.00,1.00,1.00,1.00,1.00,1.00,1.00
2026-04-06T05:03:00Z,99.00,99.00,99.00,99.00,37.00,1.00,1.00,1.00,1.00,1.00,1.00,1.00,1.00,1.00,1.00,1.00,1.00
2026-04-06T05:04:00Z,99.00,99.00,99.00,99.00,34.06,1.00,1.00,1.00,1.00,1.00,1.00,1.00,1.00,1.00,1.00,1.00,1.00
2026-04-06T05:05:00Z,99.00,99.00,99.00,99.00,34.06,1.00,1.00,1.00,1.00,1.00,1.00,1.00,1.00,1.00,1.00,1.00,1.00
2026-04-06T05:06:00Z,99.00,99.00,99.00,99.00,34.06,1.00,1.00,1.00,1.00,1.00,1.00,1.00,1.00,1.00,1.00,1.00,1.00
2026-04-06T05:07:00Z,99.00,99.00,99.00,99.00,35.76,1.00,1.00,1.00,1.00,1.00,1.00,1.00,1.00,1.00,1.00,1.00,1.00
2026-04-06T05:08:00Z,99.00,99.00,99.00,99.00,17.52,1.00,1.00,1.00,1.00,1.00,1.00,1.00,1.00,1.00,1.00,1.00,1.00
2026-04-06T05:09:00Z,99.00,99.00,99.00,99.00,17.52,1.00,1.00,1.00,1.00,1.00,1.00,1.00,1.00,1.00,1.00,1.00,1.00
2026-04-06T05:10:00Z,99.00,99.00,99.00,99.00,31.00,1.00,1.00,1.00,1.00,1.00,1.00,1.00,1.00,1.00,1.00,1.00,1.00
2026-04-06T05:11:00Z,99.00,99.00,99.00,99.00,25.57,1.00,1.00,1.00,1.00,1.00,1.00,1.00,1.00,1.00,1.00,1.00,1.00
2026-04-06T05:12:00Z,99.00,99.00,99.00,99.00,23.00,1.00,1.00,1.00,1.00,1.00,1.00,1.00,1.00,1.00,1.00,1.00,1.00
2026-04-06T05:13:00Z,99.00,99.00,99.00,99.00,24.25,1.00,1.00,1.00,1.00,1.00,1.00,1.00,1.00,1.00,1.00,1.00,1.00
2026-04-06T05:15:00Z,99.00,99.00,99.00,99.00,24.25,1.00,1.00,1.00,1.00,1.00,1.00,1.00,1.00,1.00,1.00,1.00,1.00
2026-04-06T05:23:00Z,99.00,99.00,99.00,99.00,18.00,1.00,1.00,1.00,1.00,1.00,1.00,1.00,1.00,1.00,1.00,1.00,1.00
2026-04-06T05:24:00Z,99.00,99.00,99.00,99.00,18.00,1.00,1.00,1.00,1.00,1.00,1.00,1.00,1.00,1.00,1.00,1.00,1.00
2026-04-06T05:25:00Z,99.00,99.00,99.00,99.00,26.28,1.00,1.00,1.00,1.00,1.00,1.00,1.00,1.00,1.00,1.00,1.00,1.00
2026-04-06T05:27:00Z,99.00,99.00,99.00,99.00,37.03,1.00,1.00,1.00,1.00,1.00,1.00,1.00,1.00,1.00,1.00,1.00,1.00
2026-04-06T05:29:00Z,99.00,99.00,99.00,99.00,33.28,1.00,1.00,1.00,1.00,1.00,1.00,1.00,1.00,1.00,1.00,1.00,1.00
2026-04-06T05:30:00Z,99.00,99.00,99.00,99.00,39.00,1.00,1.00,1.00,1.00,1.00,1.00,1.00,1.00,1.00,1.00,1.00,1.00
2026-04-06T05:31:00Z,99.00,99.00,99.00,99.00,39.00,1.00,1.00,1.00,1.00,1.00,1.00,1.00,1.00,1.00,1.00,1.00,1.00
2026-04-06T05:32:00Z,99.00,99.00,99.00,99.00,37.00,1.00,1.00,1.00,1.00,1.00,1.00,1.00,1.00,1.00,1.00,1.00,1.00
2026-04-06T05:33:00Z,99.00,99.00,99.00,99.00,38.77,1.00,1.00,1.00,1.00,1.00,1.00,1.00,1.00,1.00,1.00,1.00,1.00
2026-04-06T05:34:00Z,99.00,99.00,99.00,99.00,38.77,1.00,1.00,1.00,1.00,1.00,1.00,1.00,1.00,1.00,1.00,1.00,1.00
2026-04-06T05:35:00Z,99.00,99.00,99.00,99.00,38.77,1.00,1.00,1.00,1.00,1.00,1.00,1.00,1.00,1.00,1.00,1.00,1.00
2026-04-06T05:36:00Z,99.00,99.00,99.00,99.00,38.77,1.00,1.00,1.00,1.00,1.00,1.00,1.00,1.00,1.00,1.00,1.00,1.00
2026-04-06T05:37:00Z,99.00,99.00,99.00,99.00,28.42,1.00,1.00,1.00,1.00,1.00,1.00,1.00,1.00,1.00,1.00,1.00,1.00
2026-04-06T05:38:00Z,99.00,99.00,99.00,99.00,28.42,1.15,1.00,1.00,1.00,1.00,1.00,1.00,1.00,1.00,1.00,1.00,1.00
2026-04-06T05:39:00Z,99.00,99.00,99.00,99.00,25.44,2.00,1.00,1.00,1.00,1.00,1.00,1.00,1.00,1.00,1.00,1.00,1.00
2026-04-06T05:41:00Z,99.00,99.00,99.00,99.00,15.38,2.00,1.00,1.00,1.00,1.00,1.00,1.00,1.00,1.00,1.00,1.00,1.00
2026-04-06T05:42:00Z,99.00,99.00,99.00,99.00,26.85,2.00,1.00,1.00,1.00,1.00,1.00,1.00,1.00,1.00,1.00,1.00,1.00
2026-04-06T05:43:00Z,99.00,99.00,99.00,99.00,29.71,2.00,1.00,1.00,1.00,1.00,1.00,1.00,1.00,1.00,1.00,1.00,1.00
2026-04-06T05:44:00Z,99.00,99.00,99.00,99.00,26.00,2.00,1.00,1.00,1.00,1.00,1.00,1.00,1.00,1.00,1.00,1.00,1.00
2026-04-06T05:45:00Z,99.00,99.00,99.00,99.00,26.00,2.00,1.00,1.00,1.00,1.00,1.00,1.00,1.00,1.00,1.00,1.00,1.00
2026-04-06T05:47:00Z,99.00,99.00,99.00,99.00,32.00,2.00,1.00,1.00,1.00,1.00,1.00,1.00,1.00,1.00,1.00,1.00,1.00
2026-04-06T05:49:00Z,99.00,99.00,99.00,99.00,32.00,2.00,1.00,1.00,1.00,1.00,1.00,1.00,1.00,1.00,1.00,1.00,1.00
2026-04-06T05:53:00Z,99.00,99.00,99.00,99.00,26.16,2.00,1.00,1.00,1.00,1.00,1.00,1.00,1.00,1.00,1.00,1.00,1.00
2026-04-06T05:54:00Z,99.00,99.00,99.00,99.00,29.00,2.00,1.00,1.00,1.00,1.00,1.00,1.00,1.00,1.00,1.00,1.00,1.00
2026-04-06T05:56:00Z,99.00,99.00,99.00,99.00,29.00,2.00,1.00,1.00,1.00,1.00,1.00,1.00,1.00,1.00,1.00,1.00,1.00
2026-04-06T05:57:00Z,99.00,99.00,99.00,99.00,29.00,2.00,1.00,1.00,1.00,1.00,1.00,1.00,1.00,1.00,1.00,1.00,1.00
2026-04-06T05:58:00Z,99.00,99.00,99.00,99.00,29.00,2.00,1.00,1.00,1.00,1.00,1.00,1.00,1.00,1.00,1.00,1.00,1.00
2026-04-06T06:02:00Z,99.00,99.00,99.00,99.00,29.00,2.00,1.00,1.00,1.00,1.00,1.00,1.00,1.00,1.00,1.00,1.00,1.00
2026-04-06T06:03:00Z,99.00,99.00,99.00,99.00,29.00,2.00,1.00,1.00,1.00,1.00,1.00,1.00,1.00,1.00,1.00,1.00,1.00
2026-04-06T06:04:00Z,99.00,99.00,99.00,99.00,29.00,2.00,1.00,1.00,1.00,1.00,1.00,1.00,1.00,1.00,1.00,1.00,1.00
2026-04-06T06:05:00Z,99.00,99.00,99.00,99.00,23.00,2.00,1.00,1.00,1.00,1.00,1.00,1.00,1.00,1.00,1.00,1.00,1.00
2026-04-06T06:07:00Z,99.00,99.00,99.00,99.00,25.00,2.00,1.00,1.00,1.00,1.00,1.00,1.00,1.00,1.00,1.00,1.00,1.00
2026-04-06T06:10:00Z,99.00,99.00,99.00,99.00,25.00,2.00,1.00,1.00,1.00,1.00,1.00,1.00,1.00,1.00,1.00,1.00,1.00
2026-04-06T06:11:00Z,99.00,99.00,99.00,99.00,29.37,2.00,1.00,1.00,1.00,1.00,1.00,1.00,1.00,1.00,1.00,1.00,1.00
2026-04-06T06:13:00Z,99.00,99.00,99.00,99.00,29.37,2.00,1.00,1.00,1.00,1.00,1.00,1.00,1.00,1.00,1.00,1.00,1.00
2026-04-06T06:16:00Z,99.00,99.00,99.00,99.00,22.50,2.00,1.00,1.00,1.00,1.00,1.00,1.00,1.00,1.00,1.00,1.00,1.00
2026-04-06T06:17:00Z,99.00,99.00,99.00,99.00,26.57,2.00,1.00,1.00,1.00,1.00,1.00,1.00,1.00,1.00,1.00,1.00,1.00
2026-04-06T06:18:00Z,99.00,99.00,99.00,99.00,26.57,2.00,1.00,1.00,1.00,1.00,1.00,1.00,1.00,1.00,1.00,1.00,1.00
2026-04-06T06:20:00Z,99.00,99.00,99.00,99.00,23.00,2.00,1.00,1.00,1.00,1.00,1.00,1.00,1.00,1.00,1.00,1.00,1.00
2026-04-06T06:24:00Z,99.00,99.00,99.00,99.00,25.54,2.00,1.00,1.00,1.00,1.00,1.00,1.00,1.00,1.00,1.00,1.00,1.00
2026-04-06T06:26:00Z,99.00,99.00,99.00,99.00,27.00,2.00,1.00,1.00,1.00,1.00,1.00,1.00,1.00,1.00,1.00,1.00,1.00
2026-04-06T06:28:00Z,99.00,99.00,99.00,99.00,22.20,2.00,1.00,1.00,1.00,1.00,1.00,1.00,1.00,1.00,1.00,1.00,1.00
2026-04-06T06:30:00Z,99.00,99.00,99.00,99.00,22.20,2.00,1.00,1.00,1.00,1.00,1.00,1.00,1.00,1.00,1.00,1.00,1.00
2026-04-06T06:33:00Z,99.00,99.00,99.00,99.00,29.40,2.00,1.00,1.00,1.00,1.00,1.00,1.00,1.00,1.00,1.00,1.00,1.00
2026-04-06T06:35:00Z,99.00,99.00,99.00,99.00,29.40,2.00,1.00,1.00,1.00,1.00,1.00,1.00,1.00,1.00,1.00,1.00,1.00
2026-04-06T06:38:00Z,99.00,99.00,99.00,99.00,30.00,2.00,1.00,1.00,1.00,1.00,1.00,1.00,1.00,1.00,1.00,1.00,1.00
2026-04-06T06:40:00Z,99.00,99.00,99.00,99.00,29.56,2.00,1.00,1.00,1.00,1.00,1.00,1.00,1.00,1.00,1.00,1.00,1.00
2026-04-06T06:42:00Z,99.00,99.00,99.00,99.00,13.80,2.00,1.00,1.00,1.00,1.00,1.00,1.00,1.00,1.00,1.00,1.00,1.00
2026-04-06T06:44:00Z,99.00,99.00,99.00,99.00,18.00,2.00,1.00,1.00,1.00,1.00,1.00,1.00,1.00,1.00,1.00,1.00,1.00
2026-04-06T06:46:00Z,99.00,99.00,99.00,99.00,18.40,2.00,1.00,1.00,1.00,1.00,1.00,1.00,1.00,1.00,1.00,1.00,1.00
2026-04-06T06:49:00Z,99.00,99.00,99.00,99.00,18.40,2.00,1.00,1.00,1.00,1.00,1.00,1.00,1.00,1.00,1.00,1.00,1.00
2026-04-06T06:56:00Z,99.00,99.00,99.00,99.00,30.58,2.00,1.00,1.00,1.00,1.00,1.00,1.00,1.00,1.00,1.00,1.00,1.00
2026-04-06T06:58:00Z,99.00,99.00,99.00,99.00,35.72,2.00,1.00,1.00,1.00,1.00,1.00,1.00,1.00,1.00,1.00,1.00,1.00
2026-04-06T07:02:00Z,99.00,99.00,99.00,99.00,35.72,2.00,1.00,1.00,1.00,1.00,1.00,1.00,1.00,1.00,1.00,1.00,1.00
2026-04-06T07:04:00Z,99.00,99.00,99.00,99.00,42.28,2.00,1.00,1.00,1.00,1.00,1.00,1.00,1.00,1.00,1.00,1.00,1.00
2026-04-06T07:06:00Z,99.00,99.00,99.00,99.00,31.34,2.00,1.00,1.00,1.00,1.00,1.00,1.00,1.00,1.00,1.00,1.00,1.00
2026-04-06T07:07:00Z,99.00,99.00,99.00,99.00,19.52,2.00,1.00,1.00,1.00,1.00,1.00,1.00,1.00,1.00,1.00,1.00,1.00
2026-04-06T07:08:00Z,99.00,99.00,99.00,99.00,15.33,2.00,1.00,1.00,1.00,1.00,1.00,1.00,1.00,1.00,1.00,1.00,1.00
2026-04-06T07:16:00Z,99.00,99.00,99.00,99.00,27.00,2.00,1.00,1.00,1.00,1.00,1.00,1.00,1.00,1.00,1.00,1.00,1.00
2026-04-06T07:18:00Z,99.00,99.00,99.00,99.00,27.00,2.00,1.00,1.00,1.00,1.00,1.00,1.00,1.00,1.00,1.00,1.00,1.00
2026-04-06T07:20:00Z,99.00,99.00,99.00,99.00,27.00,2.00,1.00,1.00,1.00,1.00,1.00,1.00,1.00,1.00,1.00,1.00,1.00
2026-04-06T07:26:00Z,99.00,99.00,99.00,99.00,27.00,2.00,1.00,1.00,1.00,1.00,1.00,1.00,1.00,1.00,1.00,1.00,1.00
2026-04-06T07:28:00Z,99.00,99.00,99.00,99.00,28.43,2.00,1.00,1.00,1.00,1.00,1.00,1.00,1.00,1.00,1.00,1.00,1.00
2026-04-06T07:29:00Z,99.00,99.00,99.00,99.00,27.00,2.00,1.00,1.00,1.00,1.00,1.00,1.00,1.00,1.00,1.00,1.00,1.00
2026-04-06T07:30:00Z,99.00,99.00,99.00,99.00,28.00,2.00,1.00,1.00,1.00,1.00,1.00,1.00,1.00,1.00,1.00,1.00,1.00
2026-04-06T07:36:00Z,99.00,99.00,99.00,99.00,28.64,2.00,1.00,1.00,1.00,1.00,1.00,1.00,1.00,1.00,1.00,1.00,1.00
2026-04-06T07:39:00Z,99.00,99.00,99.00,99.00,28.64,2.00,1.00,1.00,1.00,1.00,1.00,1.00,1.00,1.00,1.00,1.00,1.00
2026-04-06T07:44:00Z,99.00,99.00,99.00,99.00,25.71,2.00,1.00,1.00,1.00,1.00,1.00,1.00,1.00,1.00,1.00,1.00,1.00
2026-04-06T07:45:00Z,99.00,99.00,99.00,99.00,30.06,2.00,1.00,1.00,1.00,1.00,1.00,1.00,1.00,1.00,1.00,1.00,1.00
2026-04-06T07:46:00Z,99.00,99.00,99.00,99.00,24.41,2.00,1.00,1.00,1.00,1.00,1.00,1.00,1.00,1.00,1.00,1.00,1.00
2026-04-06T07:47:00Z,99.00,99.00,99.00,99.00,22.01,2.00,1.00,1.00,1.00,1.00,1.00,1.00,1.00,1.00,1.00,1.00,1.00
2026-04-06T07:49:00Z,99.00,99.00,99.00,99.00,15.90,2.00,1.00,1.00,1.00,1.00,1.00,1.00,1.00,1.00,1.00,1.00,1.00
2026-04-06T07:50:00Z,99.00,99.00,99.00,99.00,20.43,2.00,1.00,1.00,1.00,1.00,1.00,1.00,1.00,1.00,1.00,1.00,1.00
2026-04-06T07:51:00Z,99.00,99.00,99.00,99.00,19.00,2.00,1.00,1.00,1.00,1.00,1.00,1.00,1.00,1.00,1.00,1.00,1.00
2026-04-06T07:53:00Z,99.00,99.00,99.00,99.00,19.00,2.00,1.00,1.00,1.00,1.00,1.00,1.00,1.00,1.00,1.00,1.00,1.00
2026-04-06T07:55:00Z,99.00,99.00,99.00,99.00,19.00,2.00,1.00,1.00,1.00,1.00,1.00,1.00,1.00,1.00,1.00,1.00,1.00
2026-04-06T07:59:00Z,99.00,99.00,99.00,99.00,19.00,2.00,1.00,1.00,1.00,1.00,1.00,1.00,1.00,1.00,1.00,1.00,1.00
2026-04-06T08:00:00Z,99.00,99.00,99.00,99.00,19.00,2.00,1.00,1.00,1.00,1.00,1.00,1.00,1.00,1.00,1.00,1.00,1.00
2026-04-06T08:04:00Z,99.00,99.00,99.00,99.00,19.00,1.00,1.00,1.00,1.00,1.00,1.00,1.00,1.00,1.00,1.00,1.00,1.00
2026-04-06T08:07:00Z,99.00,99.00,99.00,99.00,20.50,1.00,1.00,1.00,1.00,1.00,1.00,1.00,1.00,1.00,1.00,1.00,1.00
2026-04-06T08:08:00Z,99.00,99.00,99.00,99.00,21.75,1.00,1.00,1.00,1.00,1.00,1.00,1.00,1.00,1.00,1.00,1.00,1.00
2026-04-06T08:14:00Z,99.00,99.00,99.00,99.00,27.06,1.00,1.00,1.00,1.00,1.00,1.00,1.00,1.00,1.00,1.00,1.00,1.00
2026-04-06T08:15:00Z,99.00,99.00,99.00,99.00,27.06,1.00,1.00,1.00,1.00,1.00,1.00,1.00,1.00,1.00,1.00,1.00,1.00
2026-04-06T08:19:00Z,99.00,99.00,99.00,99.00,25.45,1.00,1.00,1.00,1.00,1.00,1.00,1.00,1.00,1.00,1.00,1.00,1.00
2026-04-06T08:21:00Z,99.00,99.00,99.00,99.00,26.00,1.00,1.00,1.00,1.00,1.00,1.00,1.00,1.00,1.00,1.00,1.00,1.00
2026-04-06T08:26:00Z,99.00,99.00,99.00,99.00,26.00,1.00,1.00,1.00,1.00,1.00,1.00,1.00,1.00,1.00,1.00,1.00,1.00
2026-04-06T08:36:00Z,99.00,99.00,99.00,99.00,21.70,1.00,1.00,1.00,1.00,1.00,1.00,1.00,1.00,1.00,1.00,1.00,1.00
2026-04-06T08:41:00Z,99.00,99.00,99.00,99.00,21.70,1.00,1.00,1.00,1.00,1.00,1.00,1.00,1.00,1.00,1.00,1.00,1.00
2026-04-06T08:55:00Z,99.00,99.00,99.00,99.00,21.70,1.00,1.00,1.00,1.00,1.00,1.00,1.00,1.00,1.00,1.00,1.00,1.00
2026-04-06T08:56:00Z,99.00,99.00,99.00,99.00,20.03,1.00,1.00,1.00,1.00,1.00,1.00,1.00,1.00,1.00,1.00,1.00,1.00
2026-04-06T08:59:00Z,99.00,99.00,99.00,99.00,20.03,1.00,1.00,1.00,1.00,1.00,1.00,1.00,1.00,1.00,1.00,1.00,1.00
2026-04-06T09:00:00Z,99.00,99.00,99.00,99.00,21.00,1.00,1.00,1.00,1.00,1.00,1.00,1.00,1.00,1.00,1.00,1.00,1.00
2026-04-06T09:07:00Z,99.00,99.00,99.00,99.00,22.00,1.00,1.00,1.00,1.00,1.00,1.00,1.00,1.00,1.00,1.00,1.00,1.00
2026-04-06T09:11:00Z,99.00,99.00,99.00,99.00,18.00,1.00,1.00,1.00,1.00,1.00,1.00,1.00,1.00,1.00,1.00,1.00,1.00
2026-04-06T09:13:00Z,99.00,99.00,99.00,99.00,18.00,1.00,1.00,1.00,1.00,1.00,1.00,1.00,1.00,1.00,1.00,1.00,1.00
2026-04-06T09:14:00Z,99.00,99.00,99.00,99.00,20.00,1.00,1.00,1.00,1.00,1.00,1.00,1.00,1.00,1.00,1.00,1.00,1.00
2026-04-06T09:15:00Z,99.00,99.00,99.00,99.00,20.14,1.00,1.00,1.00,1.00,1.00,1.00,1.00,1.00,1.00,1.00,1.00,1.00
2026-04-06T09:16:00Z,99.00,99.00,99.00,99.00,18.41,1.00,1.00,1.00,1.00,1.00,1.00,1.00,1.00,1.00,1.00,1.00,1.00
2026-04-06T09:17:00Z,99.00,99.00,99.00,99.00,20.73,1.00,1.00,1.00,1.00,1.00,1.00,1.00,1.00,1.00,1.00,1.00,1.00
2026-04-06T09:19:00Z,99.00,99.00,99.00,99.00,23.11,1.00,1.00,1.00,1.00,1.00,1.00,1.00,1.00,1.00,1.00,1.00,1.00
2026-04-06T09:20:00Z,99.00,99.00,99.00,99.00,21.76,1.00,1.00,1.00,1.00,1.00,1.00,1.00,1.00,1.00,1.00,1.00,1.00
2026-04-06T09:24:00Z,99.00,99.00,99.00,99.00,21.76,1.00,1.00,1.00,1.00,1.00,1.00,1.00,1.00,1.00,1.00,1.00,1.00
2026-04-06T09:25:00Z,99.00,99.00,99.00,99.00,19.00,1.00,1.00,1.00,1.00,1.00,1.00,1.00,1.00,1.00,1.00,1.00,1.00
2026-04-06T09:32:00Z,99.00,99.00,99.00,99.00,18.00,1.00,1.00,1.00,1.00,1.00,1.00,1.00,1.00,1.00,1.00,1.00,1.00
2026-04-06T09:34:00Z,99.00,99.00,99.00,99.00,14.54,1.00,1.00,1.00,1.00,1.00,1.00,1.00,1.00,1.00,1.00,1.00,1.00
2026-04-06T09:37:00Z,99.00,99.00,99.00,99.00,18.84,1.00,1.00,1.00,1.00,1.00,1.00,1.00,1.00,1.00,1.00,1.00,1.00
2026-04-06T09:38:00Z,99.00,99.00,99.00,99.00,19.28,1.00,1.00,1.00,1.00,1.00,1.00,1.00,1.00,1.00,1.00,1.00,1.00
2026-04-06T09:45:00Z,99.00,99.00,99.00,99.00,17.00,1.00,1.00,1.00,1.00,1.00,1.00,1.00,1.00,1.00,1.00,1.00,1.00
2026-04-06T09:51:00Z,99.00,99.00,99.00,99.00,19.00,1.00,1.00,1.00,1.00,1.00,1.00,1.00,1.00,1.00,1.00,1.00,1.00
2026-04-06T09:53:00Z,99.00,99.00,99.00,99.00,21.00,1.00,1.00,1.00,1.00,1.00,1.00,1.00,1.00,1.00,1.00,1.00,1.00
2026-04-06T10:01:00Z,99.00,99.00,99.00,99.00,21.00,1.00,1.00,1.00,1.00,1.00,1.00,1.00,1.00,1.00,1.00,1.00,1.00
2026-04-06T10:02:00Z,99.00,99.00,99.00,99.00,21.80,1.00,1.00,1.00,1.00,1.00,1.00,1.00,1.00,1.00,1.00,1.00,1.00
2026-04-06T10:04:00Z,99.00,99.00,99.00,99.00,18.55,1.00,1.00,1.00,1.00,1.00,1.00,1.00,1.00,1.00,1.00,1.00,1.00
2026-04-06T10:06:00Z,99.00,99.00,99.00,99.00,18.55,1.00,1.00,1.00,1.00,1.00,1.00,1.00,1.00,1.00,1.00,1.00,1.00
2026-04-06T10:07:00Z,99.00,99.00,99.00,99.00,20.00,1.00,1.00,1.00,1.00,1.00,1.00,1.00,1.00,1.00,1.00,1.00,1.00
2026-04-06T10:08:00Z,99.00,99.00,99.00,99.00,17.36,1.00,1.00,1.00,1.00,1.00,1.00,1.00,1.00,1.00,1.00,1.00,1.00
2026-04-06T10:10:00Z,99.00,99.00,99.00,99.00,20.96,1.00,1.00,1.00,1.00,1.00,1.00,1.00,1.00,1.00,1.00,1.00,1.00
2026-04-06T10:17:00Z,99.00,99.00,99.00,99.00,17.20,1.00,1.00,1.00,1.00,1.00,1.00,1.00,1.00,1.00,1.00,1.00,1.00
2026-04-06T10:20:00Z,99.00,99.00,99.00,99.00,19.85,1.00,1.00,1.00,1.00,1.00,1.00,1.00,1.00,1.00,1.00,1.00,1.00
2026-04-06T10:21:00Z,99.00,99.00,99.00,99.00,16.00,1.00,1.00,1.00,1.00,1.00,1.00,1.00,1.00,1.00,1.00,1.00,1.00
2026-04-06T10:23:00Z,99.00,99.00,99.00,99.00,11.21,1.00,1.00,1.00,1.00,1.00,1.00,1.00,1.00,1.00,1.00,1.00,1.00
2026-04-06T10:24:00Z,99.00,99.00,99.00,99.00,14.00,1.00,1.00,1.00,1.00,1.00,1.00,1.00,1.00,1.00,1.00,1.00,1.00
2026-04-06T10:26:00Z,99.00,99.00,99.00,99.00,11.63,1.00,1.00,1.00,1.00,1.00,1.00,1.00,1.00,1.00,1.00,1.00,1.00
2026-04-06T10:30:00Z,99.00,99.00,99.00,99.00,6.96,1.00,1.00,1.00,1.00,1.00,1.00,1.00,1.00,1.00,1.00,1.00,1.00
2026-04-06T10:36:00Z,99.00,99.00,99.00,99.00,16.77,1.00,1.00,1.00,1.00,1.00,1.00,1.00,1.00,1.00,1.00,1.00,1.00
2026-04-06T10:46:00Z,99.00,99.00,99.00,99.00,18.58,1.00,1.00,1.00,1.00,1.00,1.00,1.00,1.00,1.00,1.00,1.00,1.00
2026-04-06T10:48:00Z,99.00,99.00,99.00,99.00,21.00,1.00,1.00,1.00,1.00,1.00,1.00,1.00,1.00,1.00,1.00,1.00,1.00
2026-04-06T10:53:00Z,99.00,99.00,99.00,99.00,12.12,1.00,1.00,1.00,1.00,1.00,1.00,1.00,1.00,1.00,1.00,1.00,1.00
2026-04-06T10:58:00Z,99.00,99.00,99.00,99.00,12.12,1.00,1.00,1.00,1.00,1.00,1.00,1.00,1.00,1.00,1.00,1.00,1.00
2026-04-06T10:59:00Z,99.00,99.00,99.00,99.00,15.00,1.00,1.00,1.00,1.00,1.00,1.00,1.00,1.00,1.00,1.00,1.00,1.00
2026-04-06T11:01:00Z,99.00,99.00,99.00,99.00,16.05,1.00,1.00,1.00,1.00,1.00,1.00,1.00,1.00,1.00,1.00,1.00,1.00
2026-04-06T11:02:00Z,99.00,99.00,99.00,99.00,18.00,1.00,1.00,1.00,1.00,1.00,1.00,1.00,1.00,1.00,1.00,1.00,1.00
2026-04-06T11:03:00Z,99.00,99.00,99.00,99.00,14.01,1.00,1.00,1.00,1.00,1.00,1.00,1.00,1.00,1.00,1.00,1.00,1.00
2026-04-06T11:06:00Z,99.00,99.00,99.00,99.00,9.71,1.00,1.00,1.00,1.00,1.00,1.00,1.00,1.00,1.00,1.00,1.00,1.00
2026-04-06T11:07:00Z,99.00,99.00,99.00,99.00,6.00,1.00,1.00,1.00,1.00,1.00,1.00,1.00,1.00,1.00,1.00,1.00,1.00
2026-04-06T11:08:00Z,99.00,99.00,99.00,99.00,7.93,1.00,1.00,1.00,1.00,1.00,1.00,1.00,1.00,1.00,1.00,1.00,1.00
2026-04-06T11:12:00Z,99.00,99.00,99.00,99.00,3.53,1.00,1.00,1.00,1.00,1.00,1.00,1.00,1.00,1.00,1.00,1.00,1.00
2026-04-06T11:19:00Z,99.00,99.00,99.00,99.00,9.16,1.00,1.00,1.00,1.00,1.00,1.00,1.00,1.00,1.00,1.00,1.00,1.00
2026-04-06T11:22:00Z,99.00,99.00,99.00,99.00,10.28,1.00,1.00,1.00,1.00,1.00,1.00,1.00,1.00,1.00,1.00,1.00,1.00
2026-04-06T11:23:00Z,99.00,99.00,99.00,99.00,4.26,1.00,1.00,1.00,1.00,1.00,1.00,1.00,1.00,1.00,1.00,1.00,1.00
2026-04-06T11:24:00Z,99.00,99.00,99.00,99.00,3.48,1.00,1.00,1.00,1.00,1.00,1.00,1.00,1.00,1.00,1.00,1.00,1.00
2026-04-06T11:25:00Z,99.00,99.00,99.00,99.00,3.00,1.00,1.00,1.00,1.00,1.00,1.00,1.00,1.00,1.00,1.00,1.00,1.00
2026-04-06T11:26:00Z,99.00,99.00,99.00,99.00,3.26,1.00,1.00,1.00,1.00,1.00,1.00,1.00,1.00,1.00,1.00,1.00,1.00
2026-04-06T11:27:00Z,99.00,99.00,99.00,99.00,8.62,1.00,1.00,1.00,1.00,1.00,1.00,1.00,1.00,1.00,1.00,1.00,1.00
2026-04-06T11:29:00Z,99.00,99.00,99.00,99.00,3.53,1.00,1.00,1.00,1.00,1.00,1.00,1.00,1.00,1.00,1.00,1.00,1.00
2026-04-06T11:32:00Z,99.00,99.00,99.00,99.00,3.53,1.00,1.00,1.00,1.00,1.00,1.00,1.00,1.00,1.00,1.00,1.00,1.00
2026-04-06T11:34:00Z,99.00,99.00,99.00,99.00,3.53,1.00,1.00,1.00,1.00,1.00,1.00,1.00,1.00,1.00,1.00,1.00,1.00
2026-04-06T11:38:00Z,99.00,99.00,99.00,99.00,3.53,1.00,1.00,1.00,1.00,1.00,1.00,1.00,1.00,1.00,1.00,1.00,1.00
2026-04-06T11:39:00Z,99.00,99.00,99.00,99.00,8.47,1.00,1.00,1.00,1.00,1.00,1.00,1.00,1.00,1.00,1.00,1.00,1.00
2026-04-06T11:42:00Z,99.00,99.00,99.00,99.00,9.89,1.00,1.00,1.00,1.00,1.00,1.00,1.00,1.00,1.00,1.00,1.00,1.00
2026-04-06T11:44:00Z,99.00,99.00,99.00,99.00,4.00,1.00,1.00,1.00,1.00,1.00,1.00,1.00,1.00,1.00,1.00,1.00,1.00
2026-04-06T11:45:00Z,99.00,99.00,99.00,99.00,3.26,1.00,1.00,1.00,1.00,1.00,1.00,1.00,1.00,1.00,1.00,1.00,1.00
2026-04-06T11:48:00Z,99.00,99.00,99.00,99.00,6.83,1.00,1.00,1.00,1.00,1.00,1.00,1.00,1.00,1.00,1.00,1.00,1.00
2026-04-06T11:51:00Z,99.00,99.00,99.00,99.00,6.83,1.00,1.00,1.00,1.00,1.00,1.00,1.00,1.00,1.00,1.00,1.00,1.00
2026-04-06T11:55:00Z,99.00,99.00,99.00,99.00,8.00,1.00,1.00,1.00,1.00,1.00,1.00,1.00,1.00,1.00,1.00,1.00,1.00
2026-04-06T11:56:00Z,99.00,99.00,99.00,99.00,8.00,1.00,1.00,1.00,1.00,1.00,1.00,1.00,1.00,1.00,1.00,1.00,1.00
2026-04-06T11:59:00Z,99.00,99.00,99.00,99.00,8.00,1.00,1.00,1.00,1.00,1.00,1.00,1.00,1.00,1.00,1.00,1.00,1.00
2026-04-06T12:01:00Z,99.00,99.00,99.00,99.00,4.00,1.00,1.00,1.00,1.00,1.00,1.00,1.00,1.00,1.00,1.00,1.00,1.00
2026-04-06T12:02:00Z,99.00,99.00,99.00,99.00,1.21,1.00,1.00,1.00,1.00,1.00,1.00,1.00,1.00,1.00,1.00,1.00,1.00
2026-04-06T12:04:00Z,99.00,99.00,99.00,99.00,5.98,1.00,1.00,1.00,1.00,1.00,1.00,1.00,1.00,1.00,1.00,1.00,1.00
2026-04-06T12:05:00Z,99.00,99.00,99.00,99.00,8.00,1.00,1.00,1.00,1.00,1.00,1.00,1.00,1.00,1.00,1.00,1.00,1.00
2026-04-06T12:06:00Z,99.00,99.00,99.00,99.00,6.00,1.00,1.00,1.00,1.00,1.00,1.00,1.00,1.00,1.00,1.00,1.00,1.00
2026-04-06T12:07:00Z,99.00,99.00,99.00,99.00,5.03,1.00,1.00,1.00,1.00,1.00,1.00,1.00,1.00,1.00,1.00,1.00,1.00
2026-04-06T12:09:00Z,99.00,99.00,99.00,99.00,1.00,1.00,1.00,1.00,1.00,1.00,1.00,1.00,1.00,1.00,1.00,1.00,1.00
2026-04-06T12:12:00Z,99.00,99.00,99.00,99.00,2.66,1.00,1.00,1.00,1.00,1.00,1.00,1.00,1.00,1.00,1.00,1.00,1.00
2026-04-06T12:13:00Z,99.00,99.00,99.00,99.00,2.66,1.00,1.00,1.00,1.00,1.00,1.00,1.00,1.00,1.00,1.00,1.00,1.00
2026-04-06T12:17:00Z,99.00,99.00,99.00,99.00,1.86,1.00,1.00,1.00,1.00,1.00,1.00,1.00,1.00,1.00,1.00,1.00,1.00
2026-04-06T12:18:00Z,99.00,99.00,99.00,99.00,1.00,1.00,1.00,1.00,1.00,1.00,1.00,1.00,1.00,1.00,1.00,1.00,1.00
2026-04-06T12:20:00Z,99.00,99.00,99.00,99.00,4.61,1.00,1.00,1.00,1.00,1.00,1.00,1.00,1.00,1.00,1.00,1.00,1.00
2026-04-06T12:21:00Z,99.00,99.00,99.00,99.00,1.00,1.00,1.00,1.00,1.00,1.00,1.00,1.00,1.00,1.00,1.00,1.00,1.00
2026-04-06T12:22:00Z,99.00,99.00,99.00,99.00,1.00,1.00,1.00,1.00,1.00,1.00,1.00,1.00,1.00,1.00,1.00,1.00,1.00
2026-04-06T12:23:00Z,99.00,99.00,99.00,99.00,2.35,1.00,1.00,1.00,1.00,1.00,1.00,1.00,1.00,1.00,1.00,1.00,1.00
2026-04-06T12:25:00Z,99.00,99.00,99.00,99.00,1.16,1.00,1.00,1.00,1.00,1.00,1.00,1.00,1.00,1.00,1.00,1.00,1.00
2026-04-06T12:27:00Z,99.00,99.00,99.00,99.00,1.16,1.00,1.00,1.00,1.00,1.00,1.00,1.00,1.00,1.00,1.00,1.00,1.00
2026-04-06T12:28:00Z,99.00,99.00,99.00,99.00,2.37,1.00,1.00,1.00,1.00,1.00,1.00,1.00,1.00,1.00,1.00,1.00,1.00
2026-04-06T12:30:00Z,99.00,99.00,99.00,99.00,3.00,1.00,1.00,1.00,1.00,1.00,1.00,1.00,1.00,1.00,1.00,1.00,1.00
2026-04-06T12:31:00Z,99.00,99.00,99.00,99.00,3.00,1.00,1.00,1.00,1.00,1.00,1.00,1.00,1.00,1.00,1.00,1.00,1.00
2026-04-06T12:32:00Z,99.00,99.00,99.00,99.00,2.00,1.00,1.00,1.00,1.00,1.00,1.00,1.00,1.00,1.00,1.00,1.00,1.00
2026-04-06T12:36:00Z,99.00,99.00,99.00,99.00,2.95,1.00,1.00,1.00,1.00,1.00,1.00,1.00,1.00,1.00,1.00,1.00,1.00
2026-04-06T12:37:00Z,99.00,99.00,99.00,99.00,3.00,1.00,1.00,1.00,1.00,1.00,1.00,1.00,1.00,1.00,1.00,1.00,1.00
2026-04-06T12:39:00Z,99.00,99.00,99.00,99.00,3.00,1.00,1.00,1.00,1.00,1.00,1.00,1.00,1.00,1.00,1.00,1.00,1.00
2026-04-06T12:44:00Z,99.00,99.00,99.00,99.00,3.00,1.00,1.00,1.00,1.00,1.00,1.00,1.00,1.00,1.00,1.00,1.00,1.00
2026-04-06T12:45:00Z,99.00,99.00,99.00,99.00,3.00,1.00,1.00,1.00,1.00,1.00,1.00,1.00,1.00,1.00,1.00,1.00,1.00
2026-04-06T12:49:00Z,99.00,99.00,99.00,99.00,4.00,1.00,1.00,1.00,1.00,1.00,1.00,1.00,1.00,1.00,1.00,1.00,1.00
2026-04-06T12:50:00Z,99.00,99.00,99.00,99.00,4.00,1.00,1.00,1.00,1.00,1.00,1.00,1.00,1.00,1.00,1.00,1.00,1.00
2026-04-06T12:52:00Z,99.00,99.00,99.00,99.00,4.00,1.00,1.00,1.00,1.00,1.00,1.00,1.00,1.00,1.00,1.00,1.00,1.00
2026-04-06T12:55:00Z,99.00,99.00,99.00,99.00,4.00,1.00,1.00,1.00,1.00,1.00,1.00,1.00,1.00,1.00,1.00,1.00,1.00
2026-04-06T12:56:00Z,99.00,99.00,99.00,99.00,3.00,1.00,1.00,1.00,1.00,1.00,1.00,1.00,1.00,1.00,1.00,1.00,1.00
2026-04-06T13:01:00Z,99.00,99.00,99.00,99.00,4.00,1.00,1.00,1.00,1.00,1.00,1.00,1.00,1.00,1.00,1.00,1.00,1.00
2026-04-06T13:02:00Z,99.00,99.00,99.00,99.00,3.00,1.00,1.00,1.00,1.00,1.00,1.00,1.00,1.00,1.00,1.00,1.00,1.00
2026-04-06T13:03:00Z,99.00,99.00,99.00,99.00,3.00,1.00,1.00,1.00,1.00,1.00,1.00,1.00,1.00,1.00,1.00,1.00,1.00
2026-04-06T13:07:00Z,99.00,99.00,99.00,99.00,3.99,1.00,1.00,1.00,1.00,1.00,1.00,1.00,1.00,1.00,1.00,1.00,1.00
2026-04-06T13:08:00Z,99.00,99.00,99.00,99.00,4.00,1.00,1.00,1.00,1.00,1.00,1.00,1.00,1.00,1.00,1.00,1.00,1.00
2026-04-06T13:09:00Z,99.00,99.00,99.00,99.00,4.00,1.00,1.00,1.00,1.00,1.00,1.00,1.00,1.00,1.00,1.00,1.00,1.00
2026-04-06T13:12:00Z,99.00,99.00,99.00,99.00,4.00,1.00,1.00,1.00,1.00,1.00,1.00,1.00,1.00,1.00,1.00,1.00,1.00
2026-04-06T13:13:00Z,99.00,99.00,99.00,99.00,1.20,1.00,1.00,1.00,1.00,1.00,1.00,1.00,1.00,1.00,1.00,1.00,1.00
2026-04-06T13:14:00Z,99.00,99.00,99.00,99.00,1.20,1.00,1.00,1.00,1.00,1.00,1.00,1.00,1.00,1.00,1.00,1.00,1.00
2026-04-06T13:15:00Z,99.00,99.00,99.00,99.00,1.20,1.00,1.00,1.00,1.00,1.00,1.00,1.00,1.00,1.00,1.00,1.00,1.00
2026-04-06T13:16:00Z,99.00,99.00,99.00,99.00,2.00,1.00,1.00,1.00,1.00,1.00,1.00,1.00,1.00,1.00,1.00,1.00,1.00
2026-04-06T13:17:00Z,99.00,99.00,99.00,99.00,2.97,1.00,1.00,1.00,1.00,1.00,1.00,1.00,1.00,1.00,1.00,1.00,1.00
2026-04-06T13:20:00Z,99.00,99.00,99.00,99.00,3.81,1.00,1.00,1.00,1.00,1.00,1.00,1.00,1.00,1.00,1.00,1.00,1.00
2026-04-06T13:21:00Z,99.00,99.00,99.00,99.00,4.88,1.00,1.00,1.00,1.00,1.00,1.00,1.00,1.00,1.00,1.00,1.00,1.00
2026-04-06T13:22:00Z,99.00,99.00,99.00,99.00,1.03,1.00,1.00,1.00,1.00,1.00,1.00,1.00,1.00,1.00,1.00,1.00,1.00
2026-04-06T13:23:00Z,99.00,99.00,99.00,99.00,3.00,1.00,1.00,1.00,1.00,1.00,1.00,1.00,1.00,1.00,1.00,1.00,1.00
2026-04-06T13:25:00Z,99.00,99.00,99.00,99.00,3.00,1.00,1.00,1.00,1.00,1.00,1.00,1.00,1.00,1.00,1.00,1.00,1.00
2026-04-06T13:29:00Z,99.00,99.00,99.00,99.00,2.00,1.00,1.00,1.00,1.00,1.00,1.00,1.00,1.00,1.00,1.00,1.00,1.00
2026-04-06T13:32:00Z,99.00,99.00,99.00,99.00,2.94,1.00,1.00,1.00,1.00,1.00,1.00,1.00,1.00,1.00,1.00,1.00,1.00
2026-04-06T13:33:00Z,99.00,99.00,99.00,99.00,4.00,1.00,1.00,1.00,1.00,1.00,1.00,1.00,1.00,1.00,1.00,1.00,1.00
2026-04-06T13:35:00Z,99.00,99.00,99.00,99.00,3.00,1.00,1.00,1.00,1.00,1.00,1.00,1.00,1.00,1.00,1.00,1.00,1.00
2026-04-06T13:36:00Z,99.00,99.00,99.00,99.00,3.00,1.00,1.00,1.00,1.00,1.00,1.00,1.00,1.00,1.00,1.00,1.00,1.00
2026-04-06T13:38:00Z,99.00,99.00,99.00,99.00,3.34,1.00,1.00,1.00,1.00,1.00,1.00,1.00,1.00,1.00,1.00,1.00,1.00
2026-04-06T13:40:00Z,99.00,99.00,99.00,99.00,3.00,1.00,1.00,1.00,1.00,1.00,1.00,1.00,1.00,1.00,1.00,1.00,1.00
2026-04-06T13:42:00Z,99.00,99.00,99.00,99.00,3.00,1.00,1.00,1.00,1.00,1.00,1.00,1.00,1.00,1.00,1.00,1.00,1.00
2026-04-06T13:43:00Z,99.00,99.00,99.00,99.00,1.08,1.00,1.00,1.00,1.00,1.00,1.00,1.00,1.00,1.00,1.00,1.00,1.00
2026-04-06T13:44:00Z,99.00,99.00,99.00,99.00,1.86,1.00,1.00,1.00,1.00,1.00,1.00,1.00,1.00,1.00,1.00,1.00,1.00
2026-04-06T13:45:00Z,99.00,99.00,99.00,99.00,2.00,1.00,1.00,1.00,1.00,1.00,1.00,1.00,1.00,1.00,1.00,1.00,1.00
2026-04-06T13:49:00Z,99.00,99.00,99.00,99.00,2.00,1.00,1.00,1.00,1.00,1.00,1.00,1.00,1.00,1.00,1.00,1.00,1.00
2026-04-06T13:51:00Z,99.00,99.00,99.00,99.00,1.00,1.00,1.00,1.00,1.00,1.00,1.00,1.00,1.00,1.00,1.00,1.00,1.00
2026-04-06T13:53:00Z,99.00,99.00,99.00,99.00,1.00,1.00,1.00,1.00,1.00,1.00,1.00,1.00,1.00,1.00,1.00,1.00,1.00
2026-04-06T13:57:00Z,99.00,99.00,99.00,99.00,1.00,1.23,1.00,1.00,1.00,1.00,1.00,1.00,1.00,1.00,1.00,1.00,1.00
2026-04-06T13:59:00Z,99.00,99.00,99.00,99.00,1.00,1.23,1.00,1.00,1.00,1.00,1.00,1.00,1.00,1.00,1.00,1.00,1.00